id,theme_stock_id,theme_id,normalized_code,report_date,score_date,days_offset,pct_chg,is_hit,created_at
1426,888,1000283,000636.SZ,20260522,20260525,1,9.9947,1,2026-05-28T10:08:18
1427,889,1000283,002463.SZ,20260522,20260525,1,7.4253,1,2026-05-28T10:08:18
1428,890,1000283,002916.SZ,20260522,20260525,1,5.7446,1,2026-05-28T10:08:18
1429,891,1000283,002938.SZ,20260522,20260525,1,9.9971,1,2026-05-28T10:08:18
1430,892,1000283,301377.SZ,20260522,20260525,1,5.4277,1,2026-05-28T10:08:18
1431,893,1000283,002585.SZ,20260522,20260525,1,10.0223,1,2026-05-28T10:08:18
1432,894,1000283,688020.SH,20260522,20260525,1,5.3552,1,2026-05-28T10:08:18
1433,895,1000283,002859.SZ,20260522,20260525,1,7.0608,1,2026-05-28T10:08:18
1434,896,1000283,300408.SZ,20260522,20260525,1,0.3043,0,2026-05-28T10:08:18
1435,888,1000283,000636.SZ,20260522,20260526,2,0.7733,0,2026-05-28T10:08:18
1436,889,1000283,002463.SZ,20260522,20260526,2,8.8298,1,2026-05-28T10:08:18
1437,890,1000283,002916.SZ,20260522,20260526,2,4.875,1,2026-05-28T10:08:18
1438,891,1000283,002938.SZ,20260522,20260526,2,1.4696,0,2026-05-28T10:08:18
1439,892,1000283,301377.SZ,20260522,20260526,2,-0.0794,0,2026-05-28T10:08:18
1440,893,1000283,002585.SZ,20260522,20260526,2,10.0202,1,2026-05-28T10:08:18
1441,894,1000283,688020.SH,20260522,20260526,2,-4.2931,0,2026-05-28T10:08:18
1442,895,1000283,002859.SZ,20260522,20260526,2,-1.7421,0,2026-05-28T10:08:18
1443,896,1000283,300408.SZ,20260522,20260526,2,1.3697,0,2026-05-28T10:08:18
1444,888,1000283,000636.SZ,20260522,20260527,3,6.0432,1,2026-05-28T10:08:18
1445,889,1000283,002463.SZ,20260522,20260527,3,-3.8017,0,2026-05-28T10:08:18
1446,890,1000283,002916.SZ,20260522,20260527,3,-5.59,0,2026-05-28T10:08:18
1447,891,1000283,002938.SZ,20260522,20260527,3,-8.6983,0,2026-05-28T10:08:18
1448,892,1000283,301377.SZ,20260522,20260527,3,6.0661,1,2026-05-28T10:08:18
1449,893,1000283,002585.SZ,20260522,20260527,3,-1.104,0,2026-05-28T10:08:18
1450,894,1000283,688020.SH,20260522,20260527,3,-7.9665,0,2026-05-28T10:08:18
1451,895,1000283,002859.SZ,20260522,20260527,3,0.6649,0,2026-05-28T10:08:18
1452,896,1000283,300408.SZ,20260522,20260527,3,5.1826,1,2026-05-28T10:08:18
1453,897,1000284,300308.SZ,20260522,20260525,1,5.3007,1,2026-05-28T10:08:18
1454,898,1000284,300502.SZ,20260522,20260525,1,8.6095,1,2026-05-28T10:08:18
1455,899,1000284,300394.SZ,20260522,20260525,1,6.5101,1,2026-05-28T10:08:18
1456,900,1000284,002281.SZ,20260522,20260525,1,3.7569,1,2026-05-28T10:08:18
1457,901,1000284,002475.SZ,20260522,20260525,1,3.1768,1,2026-05-28T10:08:18
1458,902,1000284,603228.SH,20260522,20260525,1,5.3576,1,2026-05-28T10:08:18
1459,897,1000284,300308.SZ,20260522,20260526,2,0.9149,0,2026-05-28T10:08:18
1460,898,1000284,300502.SZ,20260522,20260526,2,6.2199,1,2026-05-28T10:08:18
1461,899,1000284,300394.SZ,20260522,20260526,2,2.523,0,2026-05-28T10:08:18
1462,900,1000284,002281.SZ,20260522,20260526,2,-7.706,0,2026-05-28T10:08:18
1463,901,1000284,002475.SZ,20260522,20260526,2,-3.012,0,2026-05-28T10:08:18
1464,902,1000284,603228.SH,20260522,20260526,2,0.6673,0,2026-05-28T10:08:18
1465,897,1000284,300308.SZ,20260522,20260527,3,0.7588,0,2026-05-28T10:08:18
1466,898,1000284,300502.SZ,20260522,20260527,3,-0.7143,0,2026-05-28T10:08:18
1467,899,1000284,300394.SZ,20260522,20260527,3,5.3717,1,2026-05-28T10:08:18
1468,900,1000284,002281.SZ,20260522,20260527,3,-1.9447,0,2026-05-28T10:08:18
1469,901,1000284,002475.SZ,20260522,20260527,3,-1.187,0,2026-05-28T10:08:18
1470,902,1000284,603228.SH,20260522,20260527,3,-5.7714,0,2026-05-28T10:08:18
1471,903,1000285,000725.SZ,20260522,20260525,1,2.1318,0,2026-05-28T10:08:18
1472,904,1000285,000012.SZ,20260522,20260525,1,4.5455,1,2026-05-28T10:08:18
1473,905,1000285,688603.SH,20260522,20260525,1,7.1303,1,2026-05-28T10:08:18
1474,903,1000285,000725.SZ,20260522,20260526,2,9.4877,1,2026-05-28T10:08:18
1475,904,1000285,000012.SZ,20260522,20260526,2,-2.1739,0,2026-05-28T10:08:18
1476,905,1000285,688603.SH,20260522,20260526,2,-2.6612,0,2026-05-28T10:08:18
1477,903,1000285,000725.SZ,20260522,20260527,3,-0.8666,0,2026-05-28T10:08:18
1478,904,1000285,000012.SZ,20260522,20260527,3,-1.1111,0,2026-05-28T10:08:18
1479,905,1000285,688603.SH,20260522,20260527,3,-6.1753,0,2026-05-28T10:08:18
1480,906,1000286,600172.SH,20260522,20260525,1,10.0091,1,2026-05-28T10:08:18
1481,906,1000286,600172.SH,20260522,20260526,2,10.0083,1,2026-05-28T10:08:18
1482,906,1000286,600172.SH,20260522,20260527,3,-0.2256,0,2026-05-28T10:08:18
1483,907,1000287,002931.SZ,20260522,20260525,1,-2.0442,0,2026-05-28T10:08:18
1484,908,1000287,001225.SZ,20260522,20260525,1,-1.9276,0,2026-05-28T10:08:18
1485,907,1000287,002931.SZ,20260522,20260526,2,2.9525,0,2026-05-28T10:08:18
1486,908,1000287,001225.SZ,20260522,20260526,2,9.1379,1,2026-05-28T10:08:18
1487,907,1000287,002931.SZ,20260522,20260527,3,-10.0,0,2026-05-28T10:08:18
1488,908,1000287,001225.SZ,20260522,20260527,3,-10.0,0,2026-05-28T10:08:18
1489,909,1000288,002585.SZ,20260522,20260525,1,10.0223,1,2026-05-28T10:08:18
1490,910,1000288,688020.SH,20260522,20260525,1,5.3552,1,2026-05-28T10:08:18
1491,909,1000288,002585.SZ,20260522,20260526,2,10.0202,1,2026-05-28T10:08:18
1492,910,1000288,688020.SH,20260522,20260526,2,-4.2931,0,2026-05-28T10:08:18
1493,909,1000288,002585.SZ,20260522,20260527,3,-1.104,0,2026-05-28T10:08:18
1494,910,1000288,688020.SH,20260522,20260527,3,-7.9665,0,2026-05-28T10:08:18
1495,911,1000289,601179.SH,20260522,20260525,1,2.4615,0,2026-05-28T10:08:19
1496,912,1000289,600406.SH,20260522,20260525,1,1.6647,0,2026-05-28T10:08:19
1497,911,1000289,601179.SH,20260522,20260526,2,-2.8228,0,2026-05-28T10:08:19
1498,912,1000289,600406.SH,20260522,20260526,2,-2.9703,0,2026-05-28T10:08:19
1499,911,1000289,601179.SH,20260522,20260527,3,2.4722,0,2026-05-28T10:08:19
1500,912,1000289,600406.SH,20260522,20260527,3,0.3532,0,2026-05-28T10:08:19
1501,913,1000290,603000.SH,20260522,20260525,1,-1.7005,0,2026-05-28T10:08:19
1502,914,1000290,688023.SH,20260522,20260525,1,3.1692,1,2026-05-28T10:08:19
1503,913,1000290,603000.SH,20260522,20260526,2,0.0,0,2026-05-28T10:08:19
1504,914,1000290,688023.SH,20260522,20260526,2,-2.3204,0,2026-05-28T10:08:19
1505,913,1000290,603000.SH,20260522,20260527,3,-1.4509,0,2026-05-28T10:08:19
1506,914,1000290,688023.SH,20260522,20260527,3,-1.991,0,2026-05-28T10:08:19
1618,1037,1000333,000977.SZ,20260522,20260525,1,1.3919,0,2026-05-28T10:08:19
1619,1038,1000333,688787.SH,20260522,20260525,1,1.858,0,2026-05-28T10:08:19
1620,1039,1000333,300476.SZ,20260522,20260525,1,2.1305,0,2026-05-28T10:08:19
1621,1040,1000333,688256.SH,20260522,20260525,1,9.3701,1,2026-05-28T10:08:19
1622,1041,1000333,002230.SZ,20260522,20260525,1,2.8089,0,2026-05-28T10:08:19
1623,1043,1000333,301169.SZ,20260522,20260525,1,1.0904,0,2026-05-28T10:08:19
1624,1037,1000333,000977.SZ,20260522,20260526,2,-2.7457,0,2026-05-28T10:08:19
1625,1038,1000333,688787.SH,20260522,20260526,2,-1.5853,0,2026-05-28T10:08:19
1626,1039,1000333,300476.SZ,20260522,20260526,2,2.4641,0,2026-05-28T10:08:19
1627,1040,1000333,688256.SH,20260522,20260526,2,0.3171,0,2026-05-28T10:08:19
1628,1041,1000333,002230.SZ,20260522,20260526,2,1.1709,0,2026-05-28T10:08:19
1629,1043,1000333,301169.SZ,20260522,20260526,2,-0.9697,0,2026-05-28T10:08:19
1630,1037,1000333,000977.SZ,20260522,20260527,3,-4.1308,0,2026-05-28T10:08:20
1631,1038,1000333,688787.SH,20260522,20260527,3,-4.5966,0,2026-05-28T10:08:20
1632,1039,1000333,300476.SZ,20260522,20260527,3,-3.4737,0,2026-05-28T10:08:20
1633,1040,1000333,688256.SH,20260522,20260527,3,-5.0292,0,2026-05-28T10:08:20
1634,1041,1000333,002230.SZ,20260522,20260527,3,2.0305,0,2026-05-28T10:08:20
1635,1043,1000333,301169.SZ,20260522,20260527,3,-4.555,0,2026-05-28T10:08:20
1636,1044,1000334,002859.SZ,20260522,20260525,1,7.0608,1,2026-05-28T10:08:20
1637,1045,1000334,000636.SZ,20260522,20260525,1,9.9947,1,2026-05-28T10:08:20
1638,1046,1000334,300408.SZ,20260522,20260525,1,0.3043,0,2026-05-28T10:08:20
1639,1047,1000334,300285.SZ,20260522,20260525,1,5.6818,1,2026-05-28T10:08:20
1640,1044,1000334,002859.SZ,20260522,20260526,2,-1.7421,0,2026-05-28T10:08:20
1641,1045,1000334,000636.SZ,20260522,20260526,2,0.7733,0,2026-05-28T10:08:20
1642,1046,1000334,300408.SZ,20260522,20260526,2,1.3697,0,2026-05-28T10:08:20
1643,1047,1000334,300285.SZ,20260522,20260526,2,-2.9326,0,2026-05-28T10:08:20
1644,1044,1000334,002859.SZ,20260522,20260527,3,0.6649,0,2026-05-28T10:08:20
1645,1045,1000334,000636.SZ,20260522,20260527,3,6.0432,1,2026-05-28T10:08:20
1646,1046,1000334,300408.SZ,20260522,20260527,3,5.1826,1,2026-05-28T10:08:20
1647,1047,1000334,300285.SZ,20260522,20260527,3,-1.4502,0,2026-05-28T10:08:20
1648,1049,1000335,300724.SZ,20260522,20260525,1,1.3306,0,2026-05-28T10:08:20
1649,1050,1000335,688378.SH,20260522,20260525,1,2.4558,0,2026-05-28T10:08:20
1650,1051,1000335,600586.SH,20260522,20260525,1,1.4652,0,2026-05-28T10:08:20
1651,1049,1000335,300724.SZ,20260522,20260526,2,1.3805,0,2026-05-28T10:08:20
1652,1050,1000335,688378.SH,20260522,20260526,2,-2.4161,0,2026-05-28T10:08:20
1653,1051,1000335,600586.SH,20260522,20260526,2,-0.361,0,2026-05-28T10:08:20
1654,1049,1000335,300724.SZ,20260522,20260527,3,-3.2547,0,2026-05-28T10:08:20
1655,1050,1000335,688378.SH,20260522,20260527,3,-4.3624,0,2026-05-28T10:08:20
1656,1051,1000335,600586.SH,20260522,20260527,3,-3.2609,0,2026-05-28T10:08:20
1657,1052,1000336,601179.SH,20260522,20260525,1,2.4615,0,2026-05-28T10:08:20
1658,1053,1000336,600312.SH,20260522,20260525,1,3.6218,1,2026-05-28T10:08:20
1659,1054,1000336,000778.SZ,20260522,20260525,1,5.6872,1,2026-05-28T10:08:20
1660,1055,1000336,600406.SH,20260522,20260525,1,1.6647,0,2026-05-28T10:08:20
1661,1056,1000336,603881.SH,20260522,20260525,1,-1.6062,0,2026-05-28T10:08:20
1662,1057,1000336,300383.SZ,20260522,20260525,1,0.5109,0,2026-05-28T10:08:20
1663,1058,1000336,002372.SZ,20260522,20260525,1,0.0,0,2026-05-28T10:08:20
1664,1052,1000336,601179.SH,20260522,20260526,2,-2.8228,0,2026-05-28T10:08:20
1665,1053,1000336,600312.SH,20260522,20260526,2,-4.6754,0,2026-05-28T10:08:20
1666,1054,1000336,000778.SZ,20260522,20260526,2,-3.5874,0,2026-05-28T10:08:20
1667,1055,1000336,600406.SH,20260522,20260526,2,-2.9703,0,2026-05-28T10:08:20
1668,1056,1000336,603881.SH,20260522,20260526,2,-2.3433,0,2026-05-28T10:08:20
1669,1057,1000336,300383.SZ,20260522,20260526,2,-3.6849,0,2026-05-28T10:08:20
1670,1058,1000336,002372.SZ,20260522,20260526,2,-0.9119,0,2026-05-28T10:08:20
1671,1052,1000336,601179.SH,20260522,20260527,3,2.4722,0,2026-05-28T10:08:20
1672,1053,1000336,600312.SH,20260522,20260527,3,0.7619,0,2026-05-28T10:08:20
1673,1054,1000336,000778.SZ,20260522,20260527,3,-1.8605,0,2026-05-28T10:08:20
1674,1055,1000336,600406.SH,20260522,20260527,3,0.3532,0,2026-05-28T10:08:20
1675,1056,1000336,603881.SH,20260522,20260527,3,-2.1569,0,2026-05-28T10:08:20
1676,1057,1000336,300383.SZ,20260522,20260527,3,-5.2111,0,2026-05-28T10:08:20
1677,1058,1000336,002372.SZ,20260522,20260527,3,-2.7607,0,2026-05-28T10:08:20
1678,1059,1000337,601727.SH,20260522,20260525,1,-0.1119,0,2026-05-28T10:08:20
1679,1060,1000337,688122.SH,20260522,20260525,1,14.8206,1,2026-05-28T10:08:20
1680,1061,1000337,000969.SZ,20260522,20260525,1,5.6778,1,2026-05-28T10:08:20
1681,1062,1000337,600105.SH,20260522,20260525,1,-0.2325,0,2026-05-28T10:08:20
1682,1063,1000337,600363.SH,20260522,20260525,1,3.45,1,2026-05-28T10:08:20
1683,1059,1000337,601727.SH,20260522,20260526,2,-2.7996,0,2026-05-28T10:08:20
1684,1060,1000337,688122.SH,20260522,20260526,2,-4.8438,0,2026-05-28T10:08:20
1685,1061,1000337,000969.SZ,20260522,20260526,2,-2.374,0,2026-05-28T10:08:20
1686,1062,1000337,600105.SH,20260522,20260526,2,-1.9492,0,2026-05-28T10:08:20
1687,1063,1000337,600363.SH,20260522,20260526,2,-3.5297,0,2026-05-28T10:08:20
1688,1059,1000337,601727.SH,20260522,20260527,3,-3.1106,0,2026-05-28T10:08:20
1689,1060,1000337,688122.SH,20260522,20260527,3,0.6739,0,2026-05-28T10:08:20
1690,1061,1000337,000969.SZ,20260522,20260527,3,3.9249,1,2026-05-28T10:08:20
1691,1062,1000337,600105.SH,20260522,20260527,3,4.7969,1,2026-05-28T10:08:20
1692,1063,1000337,600363.SH,20260522,20260527,3,-2.599,0,2026-05-28T10:08:20
1693,1065,1000338,002600.SZ,20260522,20260525,1,-1.3489,0,2026-05-28T10:08:20
1694,1066,1000338,002488.SZ,20260522,20260525,1,-3.8188,0,2026-05-28T10:08:20
1695,1067,1000338,688017.SH,20260522,20260525,1,2.0468,0,2026-05-28T10:08:20
1696,1065,1000338,002600.SZ,20260522,20260526,2,-1.6781,0,2026-05-28T10:08:20
1697,1066,1000338,002488.SZ,20260522,20260526,2,0.0,0,2026-05-28T10:08:20
1698,1067,1000338,688017.SH,20260522,20260526,2,-3.0172,0,2026-05-28T10:08:20
1699,1065,1000338,002600.SZ,20260522,20260527,3,-1.8963,0,2026-05-28T10:08:20
1700,1066,1000338,002488.SZ,20260522,20260527,3,-2.1237,0,2026-05-28T10:08:20
1701,1067,1000338,688017.SH,20260522,20260527,3,-5.1615,0,2026-05-28T10:08:20
1702,1068,1000339,300750.SZ,20260522,20260525,1,-2.0138,0,2026-05-28T10:08:20
1703,1069,1000339,688707.SH,20260522,20260525,1,-4.0073,0,2026-05-28T10:08:20
1704,1070,1000339,688005.SH,20260522,20260525,1,-4.8983,0,2026-05-28T10:08:20
1705,1068,1000339,300750.SZ,20260522,20260526,2,-0.0943,0,2026-05-28T10:08:21
1706,1069,1000339,688707.SH,20260522,20260526,2,-3.4788,0,2026-05-28T10:08:21
1707,1070,1000339,688005.SH,20260522,20260526,2,-1.1145,0,2026-05-28T10:08:21
1708,1068,1000339,300750.SZ,20260522,20260527,3,3.0559,1,2026-05-28T10:08:21
1709,1069,1000339,688707.SH,20260522,20260527,3,-1.2451,0,2026-05-28T10:08:21
1710,1070,1000339,688005.SH,20260522,20260527,3,-0.3655,0,2026-05-28T10:08:21
1711,1071,1000340,688082.SH,20260522,20260525,1,17.7464,1,2026-05-28T10:08:21
1712,1072,1000340,688019.SH,20260522,20260525,1,5.7939,1,2026-05-28T10:08:21
1713,1073,1000340,688037.SH,20260522,20260525,1,0.0035,0,2026-05-28T10:08:21
1714,1071,1000340,688082.SH,20260522,20260526,2,2.3825,0,2026-05-28T10:08:21
1715,1072,1000340,688019.SH,20260522,20260526,2,3.0618,1,2026-05-28T10:08:21
1716,1073,1000340,688037.SH,20260522,20260526,2,-7.058,0,2026-05-28T10:08:21
1717,1071,1000340,688082.SH,20260522,20260527,3,-6.2184,0,2026-05-28T10:08:21
1718,1072,1000340,688019.SH,20260522,20260527,3,-7.7866,0,2026-05-28T10:08:21
1719,1073,1000340,688037.SH,20260522,20260527,3,-2.9325,0,2026-05-28T10:08:21
1720,1074,1000341,600893.SH,20260522,20260525,1,-1.7682,0,2026-05-28T10:08:21
1721,1074,1000341,600893.SH,20260522,20260526,2,-0.2222,0,2026-05-28T10:08:21
1722,1074,1000341,600893.SH,20260522,20260527,3,-1.7595,0,2026-05-28T10:08:21
1723,1076,1000346,688787.SH,20260522,20260525,1,1.858,0,2026-05-28T10:08:22
1724,1078,1000346,603019.SH,20260522,20260525,1,1.7405,0,2026-05-28T10:08:22
1725,1079,1000346,000977.SZ,20260522,20260525,1,1.3919,0,2026-05-28T10:08:22
1726,1081,1000346,688551.SH,20260522,20260525,1,7.3273,1,2026-05-28T10:08:22
1727,1076,1000346,688787.SH,20260522,20260526,2,-1.5853,0,2026-05-28T10:08:22
1728,1078,1000346,603019.SH,20260522,20260526,2,-2.198,0,2026-05-28T10:08:22
1729,1079,1000346,000977.SZ,20260522,20260526,2,-2.7457,0,2026-05-28T10:08:22
1730,1081,1000346,688551.SH,20260522,20260526,2,-7.8142,0,2026-05-28T10:08:22
1731,1076,1000346,688787.SH,20260522,20260527,3,-4.5966,0,2026-05-28T10:08:22
1732,1078,1000346,603019.SH,20260522,20260527,3,-3.5408,0,2026-05-28T10:08:22
1733,1079,1000346,000977.SZ,20260522,20260527,3,-4.1308,0,2026-05-28T10:08:22
1734,1081,1000346,688551.SH,20260522,20260527,3,8.3107,1,2026-05-28T10:08:22
1735,1082,1000347,002901.SZ,20260522,20260525,1,0.1943,0,2026-05-28T10:08:22
1736,1084,1000347,300653.SZ,20260522,20260525,1,-0.1189,0,2026-05-28T10:08:22
1737,1082,1000347,002901.SZ,20260522,20260526,2,1.3333,0,2026-05-28T10:08:22
1738,1084,1000347,300653.SZ,20260522,20260526,2,-2.4405,0,2026-05-28T10:08:22
1739,1082,1000347,002901.SZ,20260522,20260527,3,-1.6029,0,2026-05-28T10:08:22
1740,1084,1000347,300653.SZ,20260522,20260527,3,-0.5587,0,2026-05-28T10:08:22
1741,1085,1000348,000400.SZ,20260522,20260525,1,3.0093,1,2026-05-28T10:08:22
1742,1086,1000348,600089.SH,20260522,20260525,1,2.0753,0,2026-05-28T10:08:22
1743,1087,1000348,600031.SH,20260522,20260525,1,-0.6857,0,2026-05-28T10:08:22
1744,1088,1000348,601100.SH,20260522,20260525,1,-5.1687,0,2026-05-28T10:08:22
1745,1089,1000348,600283.SH,20260522,20260525,1,2.6077,0,2026-05-28T10:08:22
1746,1085,1000348,000400.SZ,20260522,20260526,2,-2.4345,0,2026-05-28T10:08:22
1747,1086,1000348,600089.SH,20260522,20260526,2,-1.9955,0,2026-05-28T10:08:22
1748,1087,1000348,600031.SH,20260522,20260526,2,0.2655,0,2026-05-28T10:08:22
1749,1088,1000348,601100.SH,20260522,20260526,2,1.1081,0,2026-05-28T10:08:22
1750,1089,1000348,600283.SH,20260522,20260526,2,-1.547,0,2026-05-28T10:08:22
1751,1085,1000348,000400.SZ,20260522,20260527,3,1.2668,0,2026-05-28T10:08:22
1752,1086,1000348,600089.SH,20260522,20260527,3,0.1153,0,2026-05-28T10:08:22
1753,1087,1000348,600031.SH,20260522,20260527,3,-2.1716,0,2026-05-28T10:08:22
1754,1088,1000348,601100.SH,20260522,20260527,3,-1.5237,0,2026-05-28T10:08:22
1755,1089,1000348,600283.SH,20260522,20260527,3,-2.6936,0,2026-05-28T10:08:22
1756,1090,1000349,688082.SH,20260522,20260525,1,17.7464,1,2026-05-28T10:08:22
1757,1091,1000349,002371.SZ,20260522,20260525,1,4.3632,1,2026-05-28T10:08:22
1758,1092,1000349,688019.SH,20260522,20260525,1,5.7939,1,2026-05-28T10:08:22
1759,1090,1000349,688082.SH,20260522,20260526,2,2.3825,0,2026-05-28T10:08:22
1760,1091,1000349,002371.SZ,20260522,20260526,2,-4.0018,0,2026-05-28T10:08:22
1761,1092,1000349,688019.SH,20260522,20260526,2,3.0618,1,2026-05-28T10:08:22
1762,1090,1000349,688082.SH,20260522,20260527,3,-6.2184,0,2026-05-28T10:08:22
1763,1091,1000349,002371.SZ,20260522,20260527,3,-2.3096,0,2026-05-28T10:08:22
1764,1092,1000349,688019.SH,20260522,20260527,3,-7.7866,0,2026-05-28T10:08:22
1765,1093,1000350,002600.SZ,20260522,20260525,1,-1.3489,0,2026-05-28T10:08:22
1766,1094,1000350,002050.SZ,20260522,20260525,1,-0.259,0,2026-05-28T10:08:22
1767,1095,1000350,601689.SH,20260522,20260525,1,-0.2221,0,2026-05-28T10:08:22
1768,1093,1000350,002600.SZ,20260522,20260526,2,-1.6781,0,2026-05-28T10:08:22
1769,1094,1000350,002050.SZ,20260522,20260526,2,0.9831,0,2026-05-28T10:08:22
1770,1095,1000350,601689.SH,20260522,20260526,2,-1.1128,0,2026-05-28T10:08:22
1771,1093,1000350,002600.SZ,20260522,20260527,3,-1.8963,0,2026-05-28T10:08:22
1772,1094,1000350,002050.SZ,20260522,20260527,3,-6.2821,0,2026-05-28T10:08:22
1773,1095,1000350,601689.SH,20260522,20260527,3,-5.1203,0,2026-05-28T10:08:22
1774,1096,1000351,601727.SH,20260522,20260525,1,-0.1119,0,2026-05-28T10:08:23
1775,1097,1000351,000969.SZ,20260522,20260525,1,5.6778,1,2026-05-28T10:08:23
1776,1098,1000351,688122.SH,20260522,20260525,1,14.8206,1,2026-05-28T10:08:23
1777,1099,1000351,600105.SH,20260522,20260525,1,-0.2325,0,2026-05-28T10:08:23
1778,1096,1000351,601727.SH,20260522,20260526,2,-2.7996,0,2026-05-28T10:08:23
1779,1097,1000351,000969.SZ,20260522,20260526,2,-2.374,0,2026-05-28T10:08:23
1780,1098,1000351,688122.SH,20260522,20260526,2,-4.8438,0,2026-05-28T10:08:23
1781,1099,1000351,600105.SH,20260522,20260526,2,-1.9492,0,2026-05-28T10:08:23
1782,1096,1000351,601727.SH,20260522,20260527,3,-3.1106,0,2026-05-28T10:08:23
1783,1097,1000351,000969.SZ,20260522,20260527,3,3.9249,1,2026-05-28T10:08:23
1784,1098,1000351,688122.SH,20260522,20260527,3,0.6739,0,2026-05-28T10:08:23
1785,1099,1000351,600105.SH,20260522,20260527,3,4.7969,1,2026-05-28T10:08:23
1786,1100,1000353,002353.SZ,20260522,20260525,1,3.0769,1,2026-05-28T10:08:23
1787,1101,1000353,000852.SZ,20260522,20260525,1,-1.8779,0,2026-05-28T10:08:23
1788,1100,1000353,002353.SZ,20260522,20260526,2,-2.4026,0,2026-05-28T10:08:23
1789,1101,1000353,000852.SZ,20260522,20260526,2,-2.8708,0,2026-05-28T10:08:23
1790,1100,1000353,002353.SZ,20260522,20260527,3,5.5278,1,2026-05-28T10:08:23
1791,1101,1000353,000852.SZ,20260522,20260527,3,-3.1199,0,2026-05-28T10:08:23
1792,1102,1000357,000636.SZ,20260522,20260525,1,9.9947,1,2026-05-28T10:08:24
1793,1103,1000357,300408.SZ,20260522,20260525,1,0.3043,0,2026-05-28T10:08:24
1794,1104,1000357,300285.SZ,20260522,20260525,1,5.6818,1,2026-05-28T10:08:24
1795,1105,1000357,002859.SZ,20260522,20260525,1,7.0608,1,2026-05-28T10:08:24
1796,1106,1000357,605376.SH,20260522,20260525,1,8.8519,1,2026-05-28T10:08:24
1797,1102,1000357,000636.SZ,20260522,20260526,2,0.7733,0,2026-05-28T10:08:24
1798,1103,1000357,300408.SZ,20260522,20260526,2,1.3697,0,2026-05-28T10:08:24
1799,1104,1000357,300285.SZ,20260522,20260526,2,-2.9326,0,2026-05-28T10:08:24
1800,1105,1000357,002859.SZ,20260522,20260526,2,-1.7421,0,2026-05-28T10:08:24
1801,1106,1000357,605376.SH,20260522,20260526,2,-4.4166,0,2026-05-28T10:08:24
1802,1102,1000357,000636.SZ,20260522,20260527,3,6.0432,1,2026-05-28T10:08:24
1803,1103,1000357,300408.SZ,20260522,20260527,3,5.1826,1,2026-05-28T10:08:24
1804,1104,1000357,300285.SZ,20260522,20260527,3,-1.4502,0,2026-05-28T10:08:24
1805,1105,1000357,002859.SZ,20260522,20260527,3,0.6649,0,2026-05-28T10:08:24
1806,1106,1000357,605376.SH,20260522,20260527,3,3.9875,1,2026-05-28T10:08:24
1807,1107,1000358,002938.SZ,20260522,20260525,1,9.9971,1,2026-05-28T10:08:24
1808,1108,1000358,002463.SZ,20260522,20260525,1,7.4253,1,2026-05-28T10:08:24
1809,1109,1000358,002916.SZ,20260522,20260525,1,5.7446,1,2026-05-28T10:08:24
1810,1110,1000358,603228.SH,20260522,20260525,1,5.3576,1,2026-05-28T10:08:24
1811,1111,1000358,000657.SZ,20260522,20260525,1,2.9336,0,2026-05-28T10:08:24
1812,1112,1000358,000630.SZ,20260522,20260525,1,5.9748,1,2026-05-28T10:08:24
1813,1113,1000358,301377.SZ,20260522,20260525,1,5.4277,1,2026-05-28T10:08:24
1814,1107,1000358,002938.SZ,20260522,20260526,2,1.4696,0,2026-05-28T10:08:24
1815,1108,1000358,002463.SZ,20260522,20260526,2,8.8298,1,2026-05-28T10:08:24
1816,1109,1000358,002916.SZ,20260522,20260526,2,4.875,1,2026-05-28T10:08:24
1817,1110,1000358,603228.SH,20260522,20260526,2,0.6673,0,2026-05-28T10:08:24
1818,1111,1000358,000657.SZ,20260522,20260526,2,5.4197,1,2026-05-28T10:08:24
1819,1112,1000358,000630.SZ,20260522,20260526,2,1.3353,0,2026-05-28T10:08:24
1820,1113,1000358,301377.SZ,20260522,20260526,2,-0.0794,0,2026-05-28T10:08:24
1821,1107,1000358,002938.SZ,20260522,20260527,3,-8.6983,0,2026-05-28T10:08:24
1822,1108,1000358,002463.SZ,20260522,20260527,3,-3.8017,0,2026-05-28T10:08:24
1823,1109,1000358,002916.SZ,20260522,20260527,3,-5.59,0,2026-05-28T10:08:24
1824,1110,1000358,603228.SH,20260522,20260527,3,-5.7714,0,2026-05-28T10:08:24
1825,1111,1000358,000657.SZ,20260522,20260527,3,-4.2251,0,2026-05-28T10:08:24
1826,1112,1000358,000630.SZ,20260522,20260527,3,-5.4173,0,2026-05-28T10:08:24
1827,1113,1000358,301377.SZ,20260522,20260527,3,6.0661,1,2026-05-28T10:08:24
1828,1114,1000359,000725.SZ,20260522,20260525,1,2.1318,0,2026-05-28T10:08:24
1829,1115,1000359,000012.SZ,20260522,20260525,1,4.5455,1,2026-05-28T10:08:24
1830,1116,1000359,688603.SH,20260522,20260525,1,7.1303,1,2026-05-28T10:08:24
1831,1114,1000359,000725.SZ,20260522,20260526,2,9.4877,1,2026-05-28T10:08:24
1832,1115,1000359,000012.SZ,20260522,20260526,2,-2.1739,0,2026-05-28T10:08:24
1833,1116,1000359,688603.SH,20260522,20260526,2,-2.6612,0,2026-05-28T10:08:24
1834,1114,1000359,000725.SZ,20260522,20260527,3,-0.8666,0,2026-05-28T10:08:24
1835,1115,1000359,000012.SZ,20260522,20260527,3,-1.1111,0,2026-05-28T10:08:24
1836,1116,1000359,688603.SH,20260522,20260527,3,-6.1753,0,2026-05-28T10:08:24
1837,1117,1000360,300308.SZ,20260522,20260525,1,5.3007,1,2026-05-28T10:08:24
1838,1118,1000360,002281.SZ,20260522,20260525,1,3.7569,1,2026-05-28T10:08:24
1839,1119,1000360,688498.SH,20260522,20260525,1,1.6654,0,2026-05-28T10:08:24
1840,1120,1000360,300394.SZ,20260522,20260525,1,6.5101,1,2026-05-28T10:08:24
1841,1121,1000360,300502.SZ,20260522,20260525,1,8.6095,1,2026-05-28T10:08:24
1842,1117,1000360,300308.SZ,20260522,20260526,2,0.9149,0,2026-05-28T10:08:24
1843,1118,1000360,002281.SZ,20260522,20260526,2,-7.706,0,2026-05-28T10:08:24
1844,1119,1000360,688498.SH,20260522,20260526,2,-3.9717,0,2026-05-28T10:08:24
1845,1120,1000360,300394.SZ,20260522,20260526,2,2.523,0,2026-05-28T10:08:24
1846,1121,1000360,300502.SZ,20260522,20260526,2,6.2199,1,2026-05-28T10:08:24
1847,1117,1000360,300308.SZ,20260522,20260527,3,0.7588,0,2026-05-28T10:08:24
1848,1118,1000360,002281.SZ,20260522,20260527,3,-1.9447,0,2026-05-28T10:08:24
1849,1119,1000360,688498.SH,20260522,20260527,3,7.9627,1,2026-05-28T10:08:24
1850,1120,1000360,300394.SZ,20260522,20260527,3,5.3717,1,2026-05-28T10:08:24
1851,1121,1000360,300502.SZ,20260522,20260527,3,-0.7143,0,2026-05-28T10:08:24
1852,1122,1000361,600172.SH,20260522,20260525,1,10.0091,1,2026-05-28T10:08:24
1853,1123,1000361,605580.SH,20260522,20260525,1,10.0,1,2026-05-28T10:08:24
1854,1122,1000361,600172.SH,20260522,20260526,2,10.0083,1,2026-05-28T10:08:24
1855,1123,1000361,605580.SH,20260522,20260526,2,6.5405,1,2026-05-28T10:08:24
1856,1122,1000361,600172.SH,20260522,20260527,3,-0.2256,0,2026-05-28T10:08:24
1857,1123,1000361,605580.SH,20260522,20260527,3,-1.0811,0,2026-05-28T10:08:24
1858,1124,1000362,603661.SH,20260522,20260525,1,9.9908,1,2026-05-28T10:08:24
1859,1125,1000362,002931.SZ,20260522,20260525,1,-2.0442,0,2026-05-28T10:08:24
1860,1126,1000362,002050.SZ,20260522,20260525,1,-0.259,0,2026-05-28T10:08:24
1861,1127,1000362,688017.SH,20260522,20260525,1,2.0468,0,2026-05-28T10:08:24
1862,1128,1000362,603728.SH,20260522,20260525,1,1.1732,0,2026-05-28T10:08:24
1863,1124,1000362,603661.SH,20260522,20260526,2,4.7233,1,2026-05-28T10:08:24
1864,1125,1000362,002931.SZ,20260522,20260526,2,2.9525,0,2026-05-28T10:08:24
1865,1126,1000362,002050.SZ,20260522,20260526,2,0.9831,0,2026-05-28T10:08:24
1866,1127,1000362,688017.SH,20260522,20260526,2,-3.0172,0,2026-05-28T10:08:24
1867,1128,1000362,603728.SH,20260522,20260526,2,1.464,0,2026-05-28T10:08:24
1868,1124,1000362,603661.SH,20260522,20260527,3,-10.008,0,2026-05-28T10:08:24
1869,1125,1000362,002931.SZ,20260522,20260527,3,-10.0,0,2026-05-28T10:08:24
1870,1126,1000362,002050.SZ,20260522,20260527,3,-6.2821,0,2026-05-28T10:08:24
1871,1127,1000362,688017.SH,20260522,20260527,3,-5.1615,0,2026-05-28T10:08:24
1872,1128,1000362,603728.SH,20260522,20260527,3,-4.9286,0,2026-05-28T10:08:24
1873,1129,1000363,002475.SZ,20260522,20260525,1,3.1768,1,2026-05-28T10:08:25
1874,1130,1000363,601137.SH,20260522,20260525,1,1.3641,0,2026-05-28T10:08:25
1875,1129,1000363,002475.SZ,20260522,20260526,2,-3.012,0,2026-05-28T10:08:25
1876,1130,1000363,601137.SH,20260522,20260526,2,1.4849,0,2026-05-28T10:08:25
1877,1129,1000363,002475.SZ,20260522,20260527,3,-1.187,0,2026-05-28T10:08:25
1878,1130,1000363,601137.SH,20260522,20260527,3,-2.6063,0,2026-05-28T10:08:25
1879,1131,1000364,603000.SH,20260522,20260525,1,-1.7005,0,2026-05-28T10:08:25
1880,1132,1000364,688787.SH,20260522,20260525,1,1.858,0,2026-05-28T10:08:25
1881,1131,1000364,603000.SH,20260522,20260526,2,0.0,0,2026-05-28T10:08:25
1882,1132,1000364,688787.SH,20260522,20260526,2,-1.5853,0,2026-05-28T10:08:25
1883,1131,1000364,603000.SH,20260522,20260527,3,-1.4509,0,2026-05-28T10:08:25
1884,1132,1000364,688787.SH,20260522,20260527,3,-4.5966,0,2026-05-28T10:08:25
1885,1134,1000365,601727.SH,20260522,20260525,1,-0.1119,0,2026-05-28T10:08:25
1886,1135,1000365,000969.SZ,20260522,20260525,1,5.6778,1,2026-05-28T10:08:25
1887,1136,1000365,688122.SH,20260522,20260525,1,14.8206,1,2026-05-28T10:08:25
1888,1134,1000365,601727.SH,20260522,20260526,2,-2.7996,0,2026-05-28T10:08:25
1889,1135,1000365,000969.SZ,20260522,20260526,2,-2.374,0,2026-05-28T10:08:25
1890,1136,1000365,688122.SH,20260522,20260526,2,-4.8438,0,2026-05-28T10:08:25
1891,1134,1000365,601727.SH,20260522,20260527,3,-3.1106,0,2026-05-28T10:08:25
1892,1135,1000365,000969.SZ,20260522,20260527,3,3.9249,1,2026-05-28T10:08:25
1893,1136,1000365,688122.SH,20260522,20260527,3,0.6739,0,2026-05-28T10:08:25
1894,1138,1000366,300724.SZ,20260522,20260525,1,1.3306,0,2026-05-28T10:08:25
1895,1138,1000366,300724.SZ,20260522,20260526,2,1.3805,0,2026-05-28T10:08:25
1896,1138,1000366,300724.SZ,20260522,20260527,3,-3.2547,0,2026-05-28T10:08:25
1897,1139,1000367,002371.SZ,20260522,20260525,1,4.3632,1,2026-05-28T10:08:25
1898,1140,1000367,688082.SH,20260522,20260525,1,17.7464,1,2026-05-28T10:08:25
1899,1141,1000367,688012.SH,20260522,20260525,1,3.3433,1,2026-05-28T10:08:25
1900,1139,1000367,002371.SZ,20260522,20260526,2,-4.0018,0,2026-05-28T10:08:25
1901,1140,1000367,688082.SH,20260522,20260526,2,2.3825,0,2026-05-28T10:08:25
1902,1141,1000367,688012.SH,20260522,20260526,2,-4.49,0,2026-05-28T10:08:25
1903,1139,1000367,002371.SZ,20260522,20260527,3,-2.3096,0,2026-05-28T10:08:25
1904,1140,1000367,688082.SH,20260522,20260527,3,-6.2184,0,2026-05-28T10:08:25
1905,1141,1000367,688012.SH,20260522,20260527,3,-1.8252,0,2026-05-28T10:08:25
1906,1142,1000368,002640.SZ,20260522,20260525,1,-3.1088,0,2026-05-28T10:08:25
1907,1143,1000368,002315.SZ,20260522,20260525,1,-6.0357,0,2026-05-28T10:08:25
1908,1144,1000368,600415.SH,20260522,20260525,1,2.0225,0,2026-05-28T10:08:25
1909,1142,1000368,002640.SZ,20260522,20260526,2,-3.7433,0,2026-05-28T10:08:25
1910,1143,1000368,002315.SZ,20260522,20260526,2,-0.438,0,2026-05-28T10:08:25
1911,1144,1000368,600415.SH,20260522,20260526,2,-2.79,0,2026-05-28T10:08:25
1912,1142,1000368,002640.SZ,20260522,20260527,3,-2.2222,0,2026-05-28T10:08:25
1913,1143,1000368,002315.SZ,20260522,20260527,3,0.0733,0,2026-05-28T10:08:25
1914,1144,1000368,600415.SH,20260522,20260527,3,-0.5287,0,2026-05-28T10:08:25
2293,1213,1000400,002859.SZ,20260522,20260525,1,7.0608,1,2026-05-28T10:08:26
2294,1214,1000400,000636.SZ,20260522,20260525,1,9.9947,1,2026-05-28T10:08:26
2295,1215,1000400,300408.SZ,20260522,20260525,1,0.3043,0,2026-05-28T10:08:26
2296,1216,1000400,300285.SZ,20260522,20260525,1,5.6818,1,2026-05-28T10:08:26
2297,1217,1000400,605376.SH,20260522,20260525,1,8.8519,1,2026-05-28T10:08:26
2298,1213,1000400,002859.SZ,20260522,20260526,2,-1.7421,0,2026-05-28T10:08:26
2299,1214,1000400,000636.SZ,20260522,20260526,2,0.7733,0,2026-05-28T10:08:26
2300,1215,1000400,300408.SZ,20260522,20260526,2,1.3697,0,2026-05-28T10:08:26
2301,1216,1000400,300285.SZ,20260522,20260526,2,-2.9326,0,2026-05-28T10:08:26
2302,1217,1000400,605376.SH,20260522,20260526,2,-4.4166,0,2026-05-28T10:08:26
2303,1213,1000400,002859.SZ,20260522,20260527,3,0.6649,0,2026-05-28T10:08:26
2304,1214,1000400,000636.SZ,20260522,20260527,3,6.0432,1,2026-05-28T10:08:26
2305,1215,1000400,300408.SZ,20260522,20260527,3,5.1826,1,2026-05-28T10:08:26
2306,1216,1000400,300285.SZ,20260522,20260527,3,-1.4502,0,2026-05-28T10:08:26
2307,1217,1000400,605376.SH,20260522,20260527,3,3.9875,1,2026-05-28T10:08:26
2308,1218,1000401,301377.SZ,20260522,20260525,1,5.4277,1,2026-05-28T10:08:26
2309,1219,1000401,002938.SZ,20260522,20260525,1,9.9971,1,2026-05-28T10:08:26
2310,1220,1000401,002463.SZ,20260522,20260525,1,7.4253,1,2026-05-28T10:08:26
2311,1221,1000401,002916.SZ,20260522,20260525,1,5.7446,1,2026-05-28T10:08:26
2312,1222,1000401,301176.SZ,20260522,20260525,1,-1.5279,0,2026-05-28T10:08:26
2313,1218,1000401,301377.SZ,20260522,20260526,2,-0.0794,0,2026-05-28T10:08:26
2314,1219,1000401,002938.SZ,20260522,20260526,2,1.4696,0,2026-05-28T10:08:26
2315,1220,1000401,002463.SZ,20260522,20260526,2,8.8298,1,2026-05-28T10:08:26
2316,1221,1000401,002916.SZ,20260522,20260526,2,4.875,1,2026-05-28T10:08:26
2317,1222,1000401,301176.SZ,20260522,20260526,2,1.0052,0,2026-05-28T10:08:26
2318,1218,1000401,301377.SZ,20260522,20260527,3,6.0661,1,2026-05-28T10:08:26
2319,1219,1000401,002938.SZ,20260522,20260527,3,-8.6983,0,2026-05-28T10:08:26
2320,1220,1000401,002463.SZ,20260522,20260527,3,-3.8017,0,2026-05-28T10:08:26
2321,1221,1000401,002916.SZ,20260522,20260527,3,-5.59,0,2026-05-28T10:08:26
2322,1222,1000401,301176.SZ,20260522,20260527,3,-4.7598,0,2026-05-28T10:08:26
2323,1223,1000402,300162.SZ,20260522,20260525,1,6.9959,1,2026-05-28T10:08:26
2324,1224,1000402,603773.SH,20260522,20260525,1,4.025,1,2026-05-28T10:08:26
2325,1225,1000402,688603.SH,20260522,20260525,1,7.1303,1,2026-05-28T10:08:26
2326,1226,1000402,688170.SH,20260522,20260525,1,14.7014,1,2026-05-28T10:08:26
2327,1227,1000402,000725.SZ,20260522,20260525,1,2.1318,0,2026-05-28T10:08:26
2328,1223,1000402,300162.SZ,20260522,20260526,2,9.6154,1,2026-05-28T10:08:27
2329,1224,1000402,603773.SH,20260522,20260526,2,9.9976,1,2026-05-28T10:08:27
2330,1225,1000402,688603.SH,20260522,20260526,2,-2.6612,0,2026-05-28T10:08:27
2331,1226,1000402,688170.SH,20260522,20260526,2,-3.1461,0,2026-05-28T10:08:27
2332,1227,1000402,000725.SZ,20260522,20260526,2,9.4877,1,2026-05-28T10:08:27
2333,1223,1000402,300162.SZ,20260522,20260527,3,-1.8421,0,2026-05-28T10:08:27
2334,1224,1000402,603773.SH,20260522,20260527,3,9.2309,1,2026-05-28T10:08:27
2335,1225,1000402,688603.SH,20260522,20260527,3,-6.1753,0,2026-05-28T10:08:27
2336,1226,1000402,688170.SH,20260522,20260527,3,1.7843,0,2026-05-28T10:08:27
2337,1227,1000402,000725.SZ,20260522,20260527,3,-0.8666,0,2026-05-28T10:08:27
2338,1228,1000403,600172.SH,20260522,20260525,1,10.0091,1,2026-05-28T10:08:27
2339,1229,1000403,300179.SZ,20260522,20260525,1,14.7748,1,2026-05-28T10:08:27
2340,1230,1000403,688028.SH,20260522,20260525,1,5.1034,1,2026-05-28T10:08:27
2341,1231,1000403,605580.SH,20260522,20260525,1,10.0,1,2026-05-28T10:08:27
2342,1232,1000403,000519.SZ,20260522,20260525,1,5.6951,1,2026-05-28T10:08:27
2343,1228,1000403,600172.SH,20260522,20260526,2,10.0083,1,2026-05-28T10:08:27
2344,1229,1000403,300179.SZ,20260522,20260526,2,2.58,0,2026-05-28T10:08:27
2345,1230,1000403,688028.SH,20260522,20260526,2,-2.1353,0,2026-05-28T10:08:27
2346,1231,1000403,605580.SH,20260522,20260526,2,6.5405,1,2026-05-28T10:08:27
2347,1232,1000403,000519.SZ,20260522,20260526,2,-2.2187,0,2026-05-28T10:08:27
2348,1228,1000403,600172.SH,20260522,20260527,3,-0.2256,0,2026-05-28T10:08:27
2349,1229,1000403,300179.SZ,20260522,20260527,3,-5.8423,0,2026-05-28T10:08:27
2350,1230,1000403,688028.SH,20260522,20260527,3,-5.1013,0,2026-05-28T10:08:27
2351,1231,1000403,605580.SH,20260522,20260527,3,-1.0811,0,2026-05-28T10:08:27
2352,1232,1000403,000519.SZ,20260522,20260527,3,-1.8909,0,2026-05-28T10:08:27
2353,1233,1000404,000821.SZ,20260522,20260525,1,-1.1156,0,2026-05-28T10:08:27
2354,1234,1000404,300724.SZ,20260522,20260525,1,1.3306,0,2026-05-28T10:08:27
2355,1235,1000404,300585.SZ,20260522,20260525,1,-2.2607,0,2026-05-28T10:08:27
2356,1236,1000404,688147.SH,20260522,20260525,1,5.245,1,2026-05-28T10:08:27
2357,1237,1000404,002514.SZ,20260522,20260525,1,4.9065,1,2026-05-28T10:08:27
2358,1233,1000404,000821.SZ,20260522,20260526,2,-3.0769,0,2026-05-28T10:08:27
2359,1234,1000404,300724.SZ,20260522,20260526,2,1.3805,0,2026-05-28T10:08:27
2360,1235,1000404,300585.SZ,20260522,20260526,2,-4.3799,0,2026-05-28T10:08:27
2361,1236,1000404,688147.SH,20260522,20260526,2,-7.3443,0,2026-05-28T10:08:27
2362,1237,1000404,002514.SZ,20260522,20260526,2,4.8998,1,2026-05-28T10:08:27
2363,1233,1000404,000821.SZ,20260522,20260527,3,-2.6455,0,2026-05-28T10:08:27
2364,1234,1000404,300724.SZ,20260522,20260527,3,-3.2547,0,2026-05-28T10:08:27
2365,1235,1000404,300585.SZ,20260522,20260527,3,-1.3381,0,2026-05-28T10:08:27
2366,1236,1000404,688147.SH,20260522,20260527,3,-5.4022,0,2026-05-28T10:08:27
2367,1237,1000404,002514.SZ,20260522,20260527,3,2.3355,0,2026-05-28T10:08:27
2368,1238,1000405,600893.SH,20260522,20260525,1,-1.7682,0,2026-05-28T10:08:27
2369,1239,1000405,600391.SH,20260522,20260525,1,-3.0067,0,2026-05-28T10:08:27
2370,1240,1000405,002085.SZ,20260522,20260525,1,-0.7752,0,2026-05-28T10:08:27
2371,1241,1000405,001696.SZ,20260522,20260525,1,0.0,0,2026-05-28T10:08:27
2372,1242,1000405,301005.SZ,20260522,20260525,1,-1.2296,0,2026-05-28T10:08:27
2373,1238,1000405,600893.SH,20260522,20260526,2,-0.2222,0,2026-05-28T10:08:27
2374,1239,1000405,600391.SH,20260522,20260526,2,-3.9991,0,2026-05-28T10:08:27
2375,1240,1000405,002085.SZ,20260522,20260526,2,-0.4688,0,2026-05-28T10:08:27
2376,1241,1000405,001696.SZ,20260522,20260526,2,-1.0726,0,2026-05-28T10:08:27
2377,1242,1000405,301005.SZ,20260522,20260526,2,-4.8179,0,2026-05-28T10:08:27
2378,1238,1000405,600893.SH,20260522,20260527,3,-1.7595,0,2026-05-28T10:08:27
2379,1239,1000405,600391.SH,20260522,20260527,3,-7.0742,0,2026-05-28T10:08:27
2380,1240,1000405,002085.SZ,20260522,20260527,3,-2.7473,0,2026-05-28T10:08:27
2381,1241,1000405,001696.SZ,20260522,20260527,3,-2.6786,0,2026-05-28T10:08:27
2382,1242,1000405,301005.SZ,20260522,20260527,3,-1.5696,0,2026-05-28T10:08:27
2383,1243,1000408,000636.SZ,20260522,20260525,1,9.9947,1,2026-05-28T10:08:28
2384,1244,1000408,002859.SZ,20260522,20260525,1,7.0608,1,2026-05-28T10:08:28
2385,1245,1000408,300408.SZ,20260522,20260525,1,0.3043,0,2026-05-28T10:08:28
2386,1243,1000408,000636.SZ,20260522,20260526,2,0.7733,0,2026-05-28T10:08:28
2387,1244,1000408,002859.SZ,20260522,20260526,2,-1.7421,0,2026-05-28T10:08:28
2388,1245,1000408,300408.SZ,20260522,20260526,2,1.3697,0,2026-05-28T10:08:28
2389,1243,1000408,000636.SZ,20260522,20260527,3,6.0432,1,2026-05-28T10:08:28
2390,1244,1000408,002859.SZ,20260522,20260527,3,0.6649,0,2026-05-28T10:08:28
2391,1245,1000408,300408.SZ,20260522,20260527,3,5.1826,1,2026-05-28T10:08:28
2392,1246,1000409,002463.SZ,20260522,20260525,1,7.4253,1,2026-05-28T10:08:28
2393,1247,1000409,002916.SZ,20260522,20260525,1,5.7446,1,2026-05-28T10:08:28
2394,1248,1000409,301377.SZ,20260522,20260525,1,5.4277,1,2026-05-28T10:08:28
2395,1249,1000409,002938.SZ,20260522,20260525,1,9.9971,1,2026-05-28T10:08:28
2396,1250,1000409,603228.SH,20260522,20260525,1,5.3576,1,2026-05-28T10:08:28
2397,1246,1000409,002463.SZ,20260522,20260526,2,8.8298,1,2026-05-28T10:08:28
2398,1247,1000409,002916.SZ,20260522,20260526,2,4.875,1,2026-05-28T10:08:28
2399,1248,1000409,301377.SZ,20260522,20260526,2,-0.0794,0,2026-05-28T10:08:28
2400,1249,1000409,002938.SZ,20260522,20260526,2,1.4696,0,2026-05-28T10:08:28
2401,1250,1000409,603228.SH,20260522,20260526,2,0.6673,0,2026-05-28T10:08:28
2402,1246,1000409,002463.SZ,20260522,20260527,3,-3.8017,0,2026-05-28T10:08:28
2403,1247,1000409,002916.SZ,20260522,20260527,3,-5.59,0,2026-05-28T10:08:28
2404,1248,1000409,301377.SZ,20260522,20260527,3,6.0661,1,2026-05-28T10:08:28
2405,1249,1000409,002938.SZ,20260522,20260527,3,-8.6983,0,2026-05-28T10:08:28
2406,1250,1000409,603228.SH,20260522,20260527,3,-5.7714,0,2026-05-28T10:08:28
2407,1251,1000410,000725.SZ,20260522,20260525,1,2.1318,0,2026-05-28T10:08:28
2408,1252,1000410,000012.SZ,20260522,20260525,1,4.5455,1,2026-05-28T10:08:28
2409,1253,1000410,688603.SH,20260522,20260525,1,7.1303,1,2026-05-28T10:08:28
2410,1254,1000410,688020.SH,20260522,20260525,1,5.3552,1,2026-05-28T10:08:28
2411,1251,1000410,000725.SZ,20260522,20260526,2,9.4877,1,2026-05-28T10:08:28
2412,1252,1000410,000012.SZ,20260522,20260526,2,-2.1739,0,2026-05-28T10:08:28
2413,1253,1000410,688603.SH,20260522,20260526,2,-2.6612,0,2026-05-28T10:08:28
2414,1254,1000410,688020.SH,20260522,20260526,2,-4.2931,0,2026-05-28T10:08:28
2415,1251,1000410,000725.SZ,20260522,20260527,3,-0.8666,0,2026-05-28T10:08:28
2416,1252,1000410,000012.SZ,20260522,20260527,3,-1.1111,0,2026-05-28T10:08:28
2417,1253,1000410,688603.SH,20260522,20260527,3,-6.1753,0,2026-05-28T10:08:28
2418,1254,1000410,688020.SH,20260522,20260527,3,-7.9665,0,2026-05-28T10:08:28
2419,1255,1000411,600172.SH,20260522,20260525,1,10.0091,1,2026-05-28T10:08:28
2420,1256,1000411,605580.SH,20260522,20260525,1,10.0,1,2026-05-28T10:08:28
2421,1255,1000411,600172.SH,20260522,20260526,2,10.0083,1,2026-05-28T10:08:28
2422,1256,1000411,605580.SH,20260522,20260526,2,6.5405,1,2026-05-28T10:08:28
2423,1255,1000411,600172.SH,20260522,20260527,3,-0.2256,0,2026-05-28T10:08:28
2424,1256,1000411,605580.SH,20260522,20260527,3,-1.0811,0,2026-05-28T10:08:28
2425,1257,1000412,300750.SZ,20260522,20260525,1,-2.0138,0,2026-05-28T10:08:28
2426,1257,1000412,300750.SZ,20260522,20260526,2,-0.0943,0,2026-05-28T10:08:28
2427,1257,1000412,300750.SZ,20260522,20260527,3,3.0559,1,2026-05-28T10:08:28
2428,1258,1000413,002931.SZ,20260522,20260525,1,-2.0442,0,2026-05-28T10:08:28
2429,1259,1000413,001225.SZ,20260522,20260525,1,-1.9276,0,2026-05-28T10:08:28
2430,1260,1000413,002488.SZ,20260522,20260525,1,-3.8188,0,2026-05-28T10:08:28
2431,1258,1000413,002931.SZ,20260522,20260526,2,2.9525,0,2026-05-28T10:08:28
2432,1259,1000413,001225.SZ,20260522,20260526,2,9.1379,1,2026-05-28T10:08:28
2433,1260,1000413,002488.SZ,20260522,20260526,2,0.0,0,2026-05-28T10:08:28
2434,1258,1000413,002931.SZ,20260522,20260527,3,-10.0,0,2026-05-28T10:08:28
2435,1259,1000413,001225.SZ,20260522,20260527,3,-10.0,0,2026-05-28T10:08:28
2436,1260,1000413,002488.SZ,20260522,20260527,3,-2.1237,0,2026-05-28T10:08:28
2437,1261,1000414,603232.SH,20260522,20260525,1,4.6407,1,2026-05-28T10:08:29
2438,1261,1000414,603232.SH,20260522,20260526,2,3.0043,1,2026-05-28T10:08:29
2439,1261,1000414,603232.SH,20260522,20260527,3,-4.213,0,2026-05-28T10:08:29
2440,1262,1000418,002916.SZ,20260522,20260525,1,5.7446,1,2026-05-28T10:08:29
2441,1263,1000418,300476.SZ,20260522,20260525,1,2.1305,0,2026-05-28T10:08:29
2442,1264,1000418,002463.SZ,20260522,20260525,1,7.4253,1,2026-05-28T10:08:29
2443,1265,1000418,002475.SZ,20260522,20260525,1,3.1768,1,2026-05-28T10:08:29
2444,1266,1000418,300308.SZ,20260522,20260525,1,5.3007,1,2026-05-28T10:08:29
2445,1267,1000418,300502.SZ,20260522,20260525,1,8.6095,1,2026-05-28T10:08:29
2446,1262,1000418,002916.SZ,20260522,20260526,2,4.875,1,2026-05-28T10:08:29
2447,1263,1000418,300476.SZ,20260522,20260526,2,2.4641,0,2026-05-28T10:08:29
2448,1264,1000418,002463.SZ,20260522,20260526,2,8.8298,1,2026-05-28T10:08:29
2449,1265,1000418,002475.SZ,20260522,20260526,2,-3.012,0,2026-05-28T10:08:29
2450,1266,1000418,300308.SZ,20260522,20260526,2,0.9149,0,2026-05-28T10:08:29
2451,1267,1000418,300502.SZ,20260522,20260526,2,6.2199,1,2026-05-28T10:08:29
2452,1262,1000418,002916.SZ,20260522,20260527,3,-5.59,0,2026-05-28T10:08:29
2453,1263,1000418,300476.SZ,20260522,20260527,3,-3.4737,0,2026-05-28T10:08:29
2454,1264,1000418,002463.SZ,20260522,20260527,3,-3.8017,0,2026-05-28T10:08:29
2455,1265,1000418,002475.SZ,20260522,20260527,3,-1.187,0,2026-05-28T10:08:29
2456,1266,1000418,300308.SZ,20260522,20260527,3,0.7588,0,2026-05-28T10:08:29
2457,1267,1000418,300502.SZ,20260522,20260527,3,-0.7143,0,2026-05-28T10:08:29
2458,1268,1000419,000636.SZ,20260522,20260525,1,9.9947,1,2026-05-28T10:08:29
2459,1269,1000419,300408.SZ,20260522,20260525,1,0.3043,0,2026-05-28T10:08:29
2460,1270,1000419,002859.SZ,20260522,20260525,1,7.0608,1,2026-05-28T10:08:29
2461,1271,1000419,300285.SZ,20260522,20260525,1,5.6818,1,2026-05-28T10:08:29
2462,1268,1000419,000636.SZ,20260522,20260526,2,0.7733,0,2026-05-28T10:08:29
2463,1269,1000419,300408.SZ,20260522,20260526,2,1.3697,0,2026-05-28T10:08:29
2464,1270,1000419,002859.SZ,20260522,20260526,2,-1.7421,0,2026-05-28T10:08:29
2465,1271,1000419,300285.SZ,20260522,20260526,2,-2.9326,0,2026-05-28T10:08:29
2466,1268,1000419,000636.SZ,20260522,20260527,3,6.0432,1,2026-05-28T10:08:29
2467,1269,1000419,300408.SZ,20260522,20260527,3,5.1826,1,2026-05-28T10:08:29
2468,1270,1000419,002859.SZ,20260522,20260527,3,0.6649,0,2026-05-28T10:08:29
2469,1271,1000419,300285.SZ,20260522,20260527,3,-1.4502,0,2026-05-28T10:08:29
2470,1272,1000420,000725.SZ,20260522,20260525,1,2.1318,0,2026-05-28T10:08:30
2471,1273,1000420,000012.SZ,20260522,20260525,1,4.5455,1,2026-05-28T10:08:30
2472,1274,1000420,688603.SH,20260522,20260525,1,7.1303,1,2026-05-28T10:08:30
2473,1272,1000420,000725.SZ,20260522,20260526,2,9.4877,1,2026-05-28T10:08:30
2474,1273,1000420,000012.SZ,20260522,20260526,2,-2.1739,0,2026-05-28T10:08:30
2475,1274,1000420,688603.SH,20260522,20260526,2,-2.6612,0,2026-05-28T10:08:30
2476,1272,1000420,000725.SZ,20260522,20260527,3,-0.8666,0,2026-05-28T10:08:30
2477,1273,1000420,000012.SZ,20260522,20260527,3,-1.1111,0,2026-05-28T10:08:30
2478,1274,1000420,688603.SH,20260522,20260527,3,-6.1753,0,2026-05-28T10:08:30
2479,1275,1000421,002931.SZ,20260522,20260525,1,-2.0442,0,2026-05-28T10:08:30
2480,1276,1000421,001225.SZ,20260522,20260525,1,-1.9276,0,2026-05-28T10:08:30
2481,1277,1000421,002600.SZ,20260522,20260525,1,-1.3489,0,2026-05-28T10:08:30
2482,1275,1000421,002931.SZ,20260522,20260526,2,2.9525,0,2026-05-28T10:08:30
2483,1276,1000421,001225.SZ,20260522,20260526,2,9.1379,1,2026-05-28T10:08:30
2484,1277,1000421,002600.SZ,20260522,20260526,2,-1.6781,0,2026-05-28T10:08:30
2485,1275,1000421,002931.SZ,20260522,20260527,3,-10.0,0,2026-05-28T10:08:30
2486,1276,1000421,001225.SZ,20260522,20260527,3,-10.0,0,2026-05-28T10:08:30
2487,1277,1000421,002600.SZ,20260522,20260527,3,-1.8963,0,2026-05-28T10:08:30
2488,1279,1000422,600172.SH,20260522,20260525,1,10.0091,1,2026-05-28T10:08:30
2489,1279,1000422,600172.SH,20260522,20260526,2,10.0083,1,2026-05-28T10:08:30
2490,1279,1000422,600172.SH,20260522,20260527,3,-0.2256,0,2026-05-28T10:08:30
2491,1280,1000423,002992.SZ,20260522,20260525,1,-2.2462,0,2026-05-28T10:08:30
2492,1280,1000423,002992.SZ,20260522,20260526,2,-3.5335,0,2026-05-28T10:08:30
2493,1280,1000423,002992.SZ,20260522,20260527,3,1.7528,0,2026-05-28T10:08:30
2494,1281,1000424,601857.SH,20260522,20260525,1,-3.1588,0,2026-05-28T10:08:30
2495,1282,1000424,600028.SH,20260522,20260525,1,-0.8065,0,2026-05-28T10:08:30
2496,1281,1000424,601857.SH,20260522,20260526,2,2.1435,0,2026-05-28T10:08:30
2497,1282,1000424,600028.SH,20260522,20260526,2,-1.0163,0,2026-05-28T10:08:30
2498,1281,1000424,601857.SH,20260522,20260527,3,-1.4599,0,2026-05-28T10:08:30
2499,1282,1000424,600028.SH,20260522,20260527,3,-0.8214,0,2026-05-28T10:08:30
2500,1284,1000426,000636.SZ,20260522,20260525,1,9.9947,1,2026-05-28T10:08:31
2501,1285,1000426,300408.SZ,20260522,20260525,1,0.3043,0,2026-05-28T10:08:31
2502,1286,1000426,002859.SZ,20260522,20260525,1,7.0608,1,2026-05-28T10:08:31
2503,1287,1000426,300285.SZ,20260522,20260525,1,5.6818,1,2026-05-28T10:08:31
2504,1288,1000426,002484.SZ,20260522,20260525,1,2.3306,0,2026-05-28T10:08:31
2505,1284,1000426,000636.SZ,20260522,20260526,2,0.7733,0,2026-05-28T10:08:31
2506,1285,1000426,300408.SZ,20260522,20260526,2,1.3697,0,2026-05-28T10:08:31
2507,1286,1000426,002859.SZ,20260522,20260526,2,-1.7421,0,2026-05-28T10:08:31
2508,1287,1000426,300285.SZ,20260522,20260526,2,-2.9326,0,2026-05-28T10:08:31
2509,1288,1000426,002484.SZ,20260522,20260526,2,-0.743,0,2026-05-28T10:08:31
2510,1284,1000426,000636.SZ,20260522,20260527,3,6.0432,1,2026-05-28T10:08:31
2511,1285,1000426,300408.SZ,20260522,20260527,3,5.1826,1,2026-05-28T10:08:31
2512,1286,1000426,002859.SZ,20260522,20260527,3,0.6649,0,2026-05-28T10:08:31
2513,1287,1000426,300285.SZ,20260522,20260527,3,-1.4502,0,2026-05-28T10:08:31
2514,1288,1000426,002484.SZ,20260522,20260527,3,10.0081,1,2026-05-28T10:08:31
2515,1289,1000427,002938.SZ,20260522,20260525,1,9.9971,1,2026-05-28T10:08:31
2516,1290,1000427,002916.SZ,20260522,20260525,1,5.7446,1,2026-05-28T10:08:31
2517,1291,1000427,002463.SZ,20260522,20260525,1,7.4253,1,2026-05-28T10:08:31
2518,1292,1000427,603228.SH,20260522,20260525,1,5.3576,1,2026-05-28T10:08:31
2519,1293,1000427,300476.SZ,20260522,20260525,1,2.1305,0,2026-05-28T10:08:31
2520,1289,1000427,002938.SZ,20260522,20260526,2,1.4696,0,2026-05-28T10:08:31
2521,1290,1000427,002916.SZ,20260522,20260526,2,4.875,1,2026-05-28T10:08:31
2522,1291,1000427,002463.SZ,20260522,20260526,2,8.8298,1,2026-05-28T10:08:31
2523,1292,1000427,603228.SH,20260522,20260526,2,0.6673,0,2026-05-28T10:08:31
2524,1293,1000427,300476.SZ,20260522,20260526,2,2.4641,0,2026-05-28T10:08:31
2525,1289,1000427,002938.SZ,20260522,20260527,3,-8.6983,0,2026-05-28T10:08:31
2526,1290,1000427,002916.SZ,20260522,20260527,3,-5.59,0,2026-05-28T10:08:31
2527,1291,1000427,002463.SZ,20260522,20260527,3,-3.8017,0,2026-05-28T10:08:31
2528,1292,1000427,603228.SH,20260522,20260527,3,-5.7714,0,2026-05-28T10:08:31
2529,1293,1000427,300476.SZ,20260522,20260527,3,-3.4737,0,2026-05-28T10:08:31
2530,1294,1000428,688082.SH,20260522,20260525,1,17.7464,1,2026-05-28T10:08:31
2531,1295,1000428,002371.SZ,20260522,20260525,1,4.3632,1,2026-05-28T10:08:31
2532,1296,1000428,688012.SH,20260522,20260525,1,3.3433,1,2026-05-28T10:08:31
2533,1297,1000428,688019.SH,20260522,20260525,1,5.7939,1,2026-05-28T10:08:31
2534,1298,1000428,688126.SH,20260522,20260525,1,4.4588,1,2026-05-28T10:08:31
2535,1294,1000428,688082.SH,20260522,20260526,2,2.3825,0,2026-05-28T10:08:31
2536,1295,1000428,002371.SZ,20260522,20260526,2,-4.0018,0,2026-05-28T10:08:31
2537,1296,1000428,688012.SH,20260522,20260526,2,-4.49,0,2026-05-28T10:08:31
2538,1297,1000428,688019.SH,20260522,20260526,2,3.0618,1,2026-05-28T10:08:31
2539,1298,1000428,688126.SH,20260522,20260526,2,-7.401,0,2026-05-28T10:08:31
2540,1294,1000428,688082.SH,20260522,20260527,3,-6.2184,0,2026-05-28T10:08:31
2541,1295,1000428,002371.SZ,20260522,20260527,3,-2.3096,0,2026-05-28T10:08:31
2542,1296,1000428,688012.SH,20260522,20260527,3,-1.8252,0,2026-05-28T10:08:31
2543,1297,1000428,688019.SH,20260522,20260527,3,-7.7866,0,2026-05-28T10:08:31
2544,1298,1000428,688126.SH,20260522,20260527,3,4.3494,1,2026-05-28T10:08:31
2545,1299,1000429,600406.SH,20260522,20260525,1,1.6647,0,2026-05-28T10:08:31
2546,1300,1000429,600089.SH,20260522,20260525,1,2.0753,0,2026-05-28T10:08:31
2547,1301,1000429,000400.SZ,20260522,20260525,1,3.0093,1,2026-05-28T10:08:31
2548,1302,1000429,600312.SH,20260522,20260525,1,3.6218,1,2026-05-28T10:08:31
2549,1303,1000429,601179.SH,20260522,20260525,1,2.4615,0,2026-05-28T10:08:31
2550,1299,1000429,600406.SH,20260522,20260526,2,-2.9703,0,2026-05-28T10:08:31
2551,1300,1000429,600089.SH,20260522,20260526,2,-1.9955,0,2026-05-28T10:08:31
2552,1301,1000429,000400.SZ,20260522,20260526,2,-2.4345,0,2026-05-28T10:08:31
2553,1302,1000429,600312.SH,20260522,20260526,2,-4.6754,0,2026-05-28T10:08:31
2554,1303,1000429,601179.SH,20260522,20260526,2,-2.8228,0,2026-05-28T10:08:31
2555,1299,1000429,600406.SH,20260522,20260527,3,0.3532,0,2026-05-28T10:08:31
2556,1300,1000429,600089.SH,20260522,20260527,3,0.1153,0,2026-05-28T10:08:31
2557,1301,1000429,000400.SZ,20260522,20260527,3,1.2668,0,2026-05-28T10:08:31
2558,1302,1000429,600312.SH,20260522,20260527,3,0.7619,0,2026-05-28T10:08:31
2559,1303,1000429,601179.SH,20260522,20260527,3,2.4722,0,2026-05-28T10:08:31
2560,1304,1000430,300124.SZ,20260522,20260525,1,-0.2026,0,2026-05-28T10:08:31
2561,1305,1000430,688017.SH,20260522,20260525,1,2.0468,0,2026-05-28T10:08:31
2562,1306,1000430,002747.SZ,20260522,20260525,1,-1.5824,0,2026-05-28T10:08:31
2563,1307,1000430,002472.SZ,20260522,20260525,1,-1.7342,0,2026-05-28T10:08:31
2564,1308,1000430,601689.SH,20260522,20260525,1,-0.2221,0,2026-05-28T10:08:31
2565,1304,1000430,300124.SZ,20260522,20260526,2,2.6005,0,2026-05-28T10:08:31
2566,1305,1000430,688017.SH,20260522,20260526,2,-3.0172,0,2026-05-28T10:08:31
2567,1306,1000430,002747.SZ,20260522,20260526,2,4.9633,1,2026-05-28T10:08:31
2568,1307,1000430,002472.SZ,20260522,20260526,2,2.4983,0,2026-05-28T10:08:31
2569,1308,1000430,601689.SH,20260522,20260526,2,-1.1128,0,2026-05-28T10:08:31
2570,1304,1000430,300124.SZ,20260522,20260527,3,-3.4372,0,2026-05-28T10:08:31
2571,1305,1000430,688017.SH,20260522,20260527,3,-5.1615,0,2026-05-28T10:08:31
2572,1306,1000430,002747.SZ,20260522,20260527,3,-5.328,0,2026-05-28T10:08:31
2573,1307,1000430,002472.SZ,20260522,20260527,3,-4.9642,0,2026-05-28T10:08:31
2574,1308,1000430,601689.SH,20260522,20260527,3,-5.1203,0,2026-05-28T10:08:31
2575,1309,1000431,600276.SH,20260522,20260525,1,-2.0606,0,2026-05-28T10:08:31
2576,1310,1000431,688235.SH,20260522,20260525,1,-1.1694,0,2026-05-28T10:08:31
2577,1311,1000431,300760.SZ,20260522,20260525,1,0.4118,0,2026-05-28T10:08:31
2578,1312,1000431,688271.SH,20260522,20260525,1,0.7499,0,2026-05-28T10:08:31
2579,1313,1000431,603259.SH,20260522,20260525,1,-1.3753,0,2026-05-28T10:08:31
2580,1309,1000431,600276.SH,20260522,20260526,2,-0.4653,0,2026-05-28T10:08:32
2581,1310,1000431,688235.SH,20260522,20260526,2,0.9805,0,2026-05-28T10:08:32
2582,1311,1000431,300760.SZ,20260522,20260526,2,-0.3124,0,2026-05-28T10:08:32
2583,1312,1000431,688271.SH,20260522,20260526,2,0.7871,0,2026-05-28T10:08:32
2584,1313,1000431,603259.SH,20260522,20260526,2,1.5212,0,2026-05-28T10:08:32
2585,1309,1000431,600276.SH,20260522,20260527,3,2.7959,0,2026-05-28T10:08:32
2586,1310,1000431,688235.SH,20260522,20260527,3,-1.9256,0,2026-05-28T10:08:32
2587,1311,1000431,300760.SZ,20260522,20260527,3,0.555,0,2026-05-28T10:08:32
2588,1312,1000431,688271.SH,20260522,20260527,3,3.489,1,2026-05-28T10:08:32
2589,1313,1000431,603259.SH,20260522,20260527,3,-1.4216,0,2026-05-28T10:08:32
2590,1314,1000437,000636.SZ,20260522,20260525,1,9.9947,1,2026-05-28T10:08:33
2591,1314,1000437,000636.SZ,20260522,20260526,2,0.7733,0,2026-05-28T10:08:33
2592,1314,1000437,000636.SZ,20260522,20260527,3,6.0432,1,2026-05-28T10:08:33
2593,1315,1000438,002938.SZ,20260522,20260525,1,9.9971,1,2026-05-28T10:08:33
2594,1315,1000438,002938.SZ,20260522,20260526,2,1.4696,0,2026-05-28T10:08:33
2595,1315,1000438,002938.SZ,20260522,20260527,3,-8.6983,0,2026-05-28T10:08:33
2596,1316,1000439,000725.SZ,20260522,20260525,1,2.1318,0,2026-05-28T10:08:33
2597,1317,1000439,000012.SZ,20260522,20260525,1,4.5455,1,2026-05-28T10:08:33
2598,1318,1000439,688100.SH,20260522,20260525,1,4.5514,1,2026-05-28T10:08:33
2599,1316,1000439,000725.SZ,20260522,20260526,2,9.4877,1,2026-05-28T10:08:33
2600,1317,1000439,000012.SZ,20260522,20260526,2,-2.1739,0,2026-05-28T10:08:33
2601,1318,1000439,688100.SH,20260522,20260526,2,-2.0647,0,2026-05-28T10:08:33
2602,1316,1000439,000725.SZ,20260522,20260527,3,-0.8666,0,2026-05-28T10:08:33
2603,1317,1000439,000012.SZ,20260522,20260527,3,-1.1111,0,2026-05-28T10:08:33
2604,1318,1000439,688100.SH,20260522,20260527,3,-1.6764,0,2026-05-28T10:08:33
2605,1319,1000440,600172.SH,20260522,20260525,1,10.0091,1,2026-05-28T10:08:33
2606,1319,1000440,600172.SH,20260522,20260526,2,10.0083,1,2026-05-28T10:08:33
2607,1319,1000440,600172.SH,20260522,20260527,3,-0.2256,0,2026-05-28T10:08:33
2608,1320,1000443,000636.SZ,20260522,20260525,1,9.9947,1,2026-05-28T10:08:34
2609,1321,1000443,300408.SZ,20260522,20260525,1,0.3043,0,2026-05-28T10:08:34
2610,1322,1000443,002859.SZ,20260522,20260525,1,7.0608,1,2026-05-28T10:08:34
2611,1323,1000443,300285.SZ,20260522,20260525,1,5.6818,1,2026-05-28T10:08:34
2612,1324,1000443,002975.SZ,20260522,20260525,1,10.0041,1,2026-05-28T10:08:34
2613,1320,1000443,000636.SZ,20260522,20260526,2,0.7733,0,2026-05-28T10:08:34
2614,1321,1000443,300408.SZ,20260522,20260526,2,1.3697,0,2026-05-28T10:08:34
2615,1322,1000443,002859.SZ,20260522,20260526,2,-1.7421,0,2026-05-28T10:08:34
2616,1323,1000443,300285.SZ,20260522,20260526,2,-2.9326,0,2026-05-28T10:08:34
2617,1324,1000443,002975.SZ,20260522,20260526,2,-5.0557,0,2026-05-28T10:08:34
2618,1320,1000443,000636.SZ,20260522,20260527,3,6.0432,1,2026-05-28T10:08:34
2619,1321,1000443,300408.SZ,20260522,20260527,3,5.1826,1,2026-05-28T10:08:34
2620,1322,1000443,002859.SZ,20260522,20260527,3,0.6649,0,2026-05-28T10:08:34
2621,1323,1000443,300285.SZ,20260522,20260527,3,-1.4502,0,2026-05-28T10:08:34
2622,1324,1000443,002975.SZ,20260522,20260527,3,-3.844,0,2026-05-28T10:08:34
2623,1325,1000444,002938.SZ,20260522,20260525,1,9.9971,1,2026-05-28T10:08:34
2624,1326,1000444,002463.SZ,20260522,20260525,1,7.4253,1,2026-05-28T10:08:34
2625,1327,1000444,002916.SZ,20260522,20260525,1,5.7446,1,2026-05-28T10:08:34
2626,1328,1000444,603228.SH,20260522,20260525,1,5.3576,1,2026-05-28T10:08:34
2627,1329,1000444,000657.SZ,20260522,20260525,1,2.9336,0,2026-05-28T10:08:34
2628,1330,1000444,301377.SZ,20260522,20260525,1,5.4277,1,2026-05-28T10:08:34
2629,1331,1000444,002859.SZ,20260522,20260525,1,7.0608,1,2026-05-28T10:08:34
2630,1332,1000444,688020.SH,20260522,20260525,1,5.3552,1,2026-05-28T10:08:34
2631,1325,1000444,002938.SZ,20260522,20260526,2,1.4696,0,2026-05-28T10:08:34
2632,1326,1000444,002463.SZ,20260522,20260526,2,8.8298,1,2026-05-28T10:08:34
2633,1327,1000444,002916.SZ,20260522,20260526,2,4.875,1,2026-05-28T10:08:34
2634,1328,1000444,603228.SH,20260522,20260526,2,0.6673,0,2026-05-28T10:08:34
2635,1329,1000444,000657.SZ,20260522,20260526,2,5.4197,1,2026-05-28T10:08:34
2636,1330,1000444,301377.SZ,20260522,20260526,2,-0.0794,0,2026-05-28T10:08:34
2637,1331,1000444,002859.SZ,20260522,20260526,2,-1.7421,0,2026-05-28T10:08:34
2638,1332,1000444,688020.SH,20260522,20260526,2,-4.2931,0,2026-05-28T10:08:34
2639,1325,1000444,002938.SZ,20260522,20260527,3,-8.6983,0,2026-05-28T10:08:34
2640,1326,1000444,002463.SZ,20260522,20260527,3,-3.8017,0,2026-05-28T10:08:34
2641,1327,1000444,002916.SZ,20260522,20260527,3,-5.59,0,2026-05-28T10:08:34
2642,1328,1000444,603228.SH,20260522,20260527,3,-5.7714,0,2026-05-28T10:08:34
2643,1329,1000444,000657.SZ,20260522,20260527,3,-4.2251,0,2026-05-28T10:08:34
2644,1330,1000444,301377.SZ,20260522,20260527,3,6.0661,1,2026-05-28T10:08:34
2645,1331,1000444,002859.SZ,20260522,20260527,3,0.6649,0,2026-05-28T10:08:34
2646,1332,1000444,688020.SH,20260522,20260527,3,-7.9665,0,2026-05-28T10:08:34
2647,1335,1000445,688603.SH,20260522,20260525,1,7.1303,1,2026-05-28T10:08:34
2648,1335,1000445,688603.SH,20260522,20260526,2,-2.6612,0,2026-05-28T10:08:34
2649,1335,1000445,688603.SH,20260522,20260527,3,-6.1753,0,2026-05-28T10:08:34
2650,1336,1000446,688020.SH,20260522,20260525,1,5.3552,1,2026-05-28T10:08:34
2651,1337,1000446,002585.SZ,20260522,20260525,1,10.0223,1,2026-05-28T10:08:34
2652,1336,1000446,688020.SH,20260522,20260526,2,-4.2931,0,2026-05-28T10:08:34
2653,1337,1000446,002585.SZ,20260522,20260526,2,10.0202,1,2026-05-28T10:08:34
2654,1336,1000446,688020.SH,20260522,20260527,3,-7.9665,0,2026-05-28T10:08:34
2655,1337,1000446,002585.SZ,20260522,20260527,3,-1.104,0,2026-05-28T10:08:34
2656,1338,1000447,600172.SH,20260522,20260525,1,10.0091,1,2026-05-28T10:08:34
2657,1339,1000447,605580.SH,20260522,20260525,1,10.0,1,2026-05-28T10:08:34
2658,1338,1000447,600172.SH,20260522,20260526,2,10.0083,1,2026-05-28T10:08:34
2659,1339,1000447,605580.SH,20260522,20260526,2,6.5405,1,2026-05-28T10:08:34
2660,1338,1000447,600172.SH,20260522,20260527,3,-0.2256,0,2026-05-28T10:08:34
2661,1339,1000447,605580.SH,20260522,20260527,3,-1.0811,0,2026-05-28T10:08:34
2662,1340,1000448,002931.SZ,20260522,20260525,1,-2.0442,0,2026-05-28T10:08:34
2663,1341,1000448,001225.SZ,20260522,20260525,1,-1.9276,0,2026-05-28T10:08:34
2664,1342,1000448,002600.SZ,20260522,20260525,1,-1.3489,0,2026-05-28T10:08:34
2665,1340,1000448,002931.SZ,20260522,20260526,2,2.9525,0,2026-05-28T10:08:34
2666,1341,1000448,001225.SZ,20260522,20260526,2,9.1379,1,2026-05-28T10:08:34
2667,1342,1000448,002600.SZ,20260522,20260526,2,-1.6781,0,2026-05-28T10:08:34
2668,1340,1000448,002931.SZ,20260522,20260527,3,-10.0,0,2026-05-28T10:08:34
2669,1341,1000448,001225.SZ,20260522,20260527,3,-10.0,0,2026-05-28T10:08:34
2670,1342,1000448,002600.SZ,20260522,20260527,3,-1.8963,0,2026-05-28T10:08:34
2671,1343,1000449,002475.SZ,20260522,20260525,1,3.1768,1,2026-05-28T10:08:35
2672,1344,1000449,688629.SH,20260522,20260525,1,9.1399,1,2026-05-28T10:08:35
2673,1343,1000449,002475.SZ,20260522,20260526,2,-3.012,0,2026-05-28T10:08:35
2674,1344,1000449,688629.SH,20260522,20260526,2,-4.5933,0,2026-05-28T10:08:35
2675,1343,1000449,002475.SZ,20260522,20260527,3,-1.187,0,2026-05-28T10:08:35
2676,1344,1000449,688629.SH,20260522,20260527,3,-1.5867,0,2026-05-28T10:08:35
2677,1345,1000450,603232.SH,20260522,20260525,1,4.6407,1,2026-05-28T10:08:35
2678,1346,1000450,688027.SH,20260522,20260525,1,8.2156,1,2026-05-28T10:08:35
2679,1345,1000450,603232.SH,20260522,20260526,2,3.0043,1,2026-05-28T10:08:35
2680,1346,1000450,688027.SH,20260522,20260526,2,-3.7296,0,2026-05-28T10:08:35
2681,1345,1000450,603232.SH,20260522,20260527,3,-4.213,0,2026-05-28T10:08:35
2682,1346,1000450,688027.SH,20260522,20260527,3,-5.287,0,2026-05-28T10:08:35
2683,1347,1000451,688147.SH,20260522,20260525,1,5.245,1,2026-05-28T10:08:35
2684,1348,1000451,688025.SH,20260522,20260525,1,-1.0724,0,2026-05-28T10:08:35
2685,1347,1000451,688147.SH,20260522,20260526,2,-7.3443,0,2026-05-28T10:08:35
2686,1348,1000451,688025.SH,20260522,20260526,2,1.5653,0,2026-05-28T10:08:35
2687,1347,1000451,688147.SH,20260522,20260527,3,-5.4022,0,2026-05-28T10:08:35
2688,1348,1000451,688025.SH,20260522,20260527,3,-6.5524,0,2026-05-28T10:08:35
2689,1350,1000452,601727.SH,20260522,20260525,1,-0.1119,0,2026-05-28T10:08:35
2690,1351,1000452,601611.SH,20260522,20260525,1,-2.5848,0,2026-05-28T10:08:35
2691,1352,1000452,600312.SH,20260522,20260525,1,3.6218,1,2026-05-28T10:08:35
2692,1353,1000452,300069.SZ,20260522,20260525,1,0.2837,0,2026-05-28T10:08:35
2693,1354,1000452,000969.SZ,20260522,20260525,1,5.6778,1,2026-05-28T10:08:35
2694,1355,1000452,688122.SH,20260522,20260525,1,14.8206,1,2026-05-28T10:08:35
2695,1350,1000452,601727.SH,20260522,20260526,2,-2.7996,0,2026-05-28T10:08:35
2696,1351,1000452,601611.SH,20260522,20260526,2,-1.1609,0,2026-05-28T10:08:35
2697,1352,1000452,600312.SH,20260522,20260526,2,-4.6754,0,2026-05-28T10:08:35
2698,1353,1000452,300069.SZ,20260522,20260526,2,-3.3195,0,2026-05-28T10:08:35
2699,1354,1000452,000969.SZ,20260522,20260526,2,-2.374,0,2026-05-28T10:08:35
2700,1355,1000452,688122.SH,20260522,20260526,2,-4.8438,0,2026-05-28T10:08:35
2701,1350,1000452,601727.SH,20260522,20260527,3,-3.1106,0,2026-05-28T10:08:35
2702,1351,1000452,601611.SH,20260522,20260527,3,0.5034,0,2026-05-28T10:08:35
2703,1352,1000452,600312.SH,20260522,20260527,3,0.7619,0,2026-05-28T10:08:35
2704,1353,1000452,300069.SZ,20260522,20260527,3,5.3258,1,2026-05-28T10:08:35
2705,1354,1000452,000969.SZ,20260522,20260527,3,3.9249,1,2026-05-28T10:08:35
2706,1355,1000452,688122.SH,20260522,20260527,3,0.6739,0,2026-05-28T10:08:35
2707,1356,1000453,601111.SH,20260522,20260525,1,3.8922,1,2026-05-28T10:08:35
2708,1357,1000453,002493.SZ,20260522,20260525,1,0.524,0,2026-05-28T10:08:35
2709,1358,1000453,600346.SH,20260522,20260525,1,-0.3238,0,2026-05-28T10:08:35
2710,1356,1000453,601111.SH,20260522,20260526,2,0.2882,0,2026-05-28T10:08:35
2711,1357,1000453,002493.SZ,20260522,20260526,2,1.9983,0,2026-05-28T10:08:35
2712,1358,1000453,600346.SH,20260522,20260526,2,1.1911,0,2026-05-28T10:08:35
2713,1356,1000453,601111.SH,20260522,20260527,3,-1.4368,0,2026-05-28T10:08:35
2714,1357,1000453,002493.SZ,20260522,20260527,3,-1.7888,0,2026-05-28T10:08:35
2715,1358,1000453,600346.SH,20260522,20260527,3,-5.5645,0,2026-05-28T10:08:35
2716,1359,1000454,002866.SZ,20260522,20260525,1,-3.3636,0,2026-05-28T10:08:35
2717,1360,1000454,600152.SH,20260522,20260525,1,-5.3476,0,2026-05-28T10:08:35
2718,1361,1000454,300758.SZ,20260522,20260525,1,3.0508,1,2026-05-28T10:08:35
2719,1359,1000454,002866.SZ,20260522,20260526,2,-2.2578,0,2026-05-28T10:08:35
2720,1360,1000454,600152.SH,20260522,20260526,2,0.0807,0,2026-05-28T10:08:35
2721,1361,1000454,300758.SZ,20260522,20260526,2,3.8334,1,2026-05-28T10:08:35
2722,1359,1000454,002866.SZ,20260522,20260527,3,-2.2137,0,2026-05-28T10:08:35
2723,1360,1000454,600152.SH,20260522,20260527,3,-2.5,0,2026-05-28T10:08:35
2724,1361,1000454,300758.SZ,20260522,20260527,3,-3.2463,0,2026-05-28T10:08:35
2725,1362,1000455,002457.SZ,20260522,20260525,1,-1.1194,0,2026-05-28T10:08:36
2726,1363,1000455,603616.SH,20260522,20260525,1,-4.8991,0,2026-05-28T10:08:36
2727,1364,1000455,000778.SZ,20260522,20260525,1,5.6872,1,2026-05-28T10:08:36
2728,1362,1000455,002457.SZ,20260522,20260526,2,-9.6725,0,2026-05-28T10:08:36
2729,1363,1000455,603616.SH,20260522,20260526,2,-10.0,0,2026-05-28T10:08:36
2730,1364,1000455,000778.SZ,20260522,20260526,2,-3.5874,0,2026-05-28T10:08:36
2731,1362,1000455,002457.SZ,20260522,20260527,3,-5.9865,0,2026-05-28T10:08:36
2732,1363,1000455,603616.SH,20260522,20260527,3,-6.5657,0,2026-05-28T10:08:36
2733,1364,1000455,000778.SZ,20260522,20260527,3,-1.8605,0,2026-05-28T10:08:36
2734,1365,1000459,002916.SZ,20260522,20260525,1,5.7446,1,2026-05-28T10:08:36
2735,1366,1000459,002463.SZ,20260522,20260525,1,7.4253,1,2026-05-28T10:08:36
2736,1367,1000459,000636.SZ,20260522,20260525,1,9.9947,1,2026-05-28T10:08:36
2737,1368,1000459,002859.SZ,20260522,20260525,1,7.0608,1,2026-05-28T10:08:36
2738,1369,1000459,300408.SZ,20260522,20260525,1,0.3043,0,2026-05-28T10:08:36
2739,1370,1000459,301377.SZ,20260522,20260525,1,5.4277,1,2026-05-28T10:08:36
2740,1371,1000459,603228.SH,20260522,20260525,1,5.3576,1,2026-05-28T10:08:36
2741,1372,1000459,002938.SZ,20260522,20260525,1,9.9971,1,2026-05-28T10:08:36
2742,1365,1000459,002916.SZ,20260522,20260526,2,4.875,1,2026-05-28T10:08:36
2743,1366,1000459,002463.SZ,20260522,20260526,2,8.8298,1,2026-05-28T10:08:36
2744,1367,1000459,000636.SZ,20260522,20260526,2,0.7733,0,2026-05-28T10:08:36
2745,1368,1000459,002859.SZ,20260522,20260526,2,-1.7421,0,2026-05-28T10:08:36
2746,1369,1000459,300408.SZ,20260522,20260526,2,1.3697,0,2026-05-28T10:08:36
2747,1370,1000459,301377.SZ,20260522,20260526,2,-0.0794,0,2026-05-28T10:08:36
2748,1371,1000459,603228.SH,20260522,20260526,2,0.6673,0,2026-05-28T10:08:36
2749,1372,1000459,002938.SZ,20260522,20260526,2,1.4696,0,2026-05-28T10:08:36
2750,1365,1000459,002916.SZ,20260522,20260527,3,-5.59,0,2026-05-28T10:08:36
2751,1366,1000459,002463.SZ,20260522,20260527,3,-3.8017,0,2026-05-28T10:08:36
2752,1367,1000459,000636.SZ,20260522,20260527,3,6.0432,1,2026-05-28T10:08:36
2753,1368,1000459,002859.SZ,20260522,20260527,3,0.6649,0,2026-05-28T10:08:36
2754,1369,1000459,300408.SZ,20260522,20260527,3,5.1826,1,2026-05-28T10:08:36
2755,1370,1000459,301377.SZ,20260522,20260527,3,6.0661,1,2026-05-28T10:08:36
2756,1371,1000459,603228.SH,20260522,20260527,3,-5.7714,0,2026-05-28T10:08:36
2757,1372,1000459,002938.SZ,20260522,20260527,3,-8.6983,0,2026-05-28T10:08:36
2758,1373,1000460,000725.SZ,20260522,20260525,1,2.1318,0,2026-05-28T10:08:36
2759,1374,1000460,000012.SZ,20260522,20260525,1,4.5455,1,2026-05-28T10:08:36
2760,1375,1000460,688603.SH,20260522,20260525,1,7.1303,1,2026-05-28T10:08:36
2761,1376,1000460,688020.SH,20260522,20260525,1,5.3552,1,2026-05-28T10:08:36
2762,1377,1000460,002585.SZ,20260522,20260525,1,10.0223,1,2026-05-28T10:08:36
2763,1373,1000460,000725.SZ,20260522,20260526,2,9.4877,1,2026-05-28T10:08:36
2764,1374,1000460,000012.SZ,20260522,20260526,2,-2.1739,0,2026-05-28T10:08:36
2765,1375,1000460,688603.SH,20260522,20260526,2,-2.6612,0,2026-05-28T10:08:36
2766,1376,1000460,688020.SH,20260522,20260526,2,-4.2931,0,2026-05-28T10:08:36
2767,1377,1000460,002585.SZ,20260522,20260526,2,10.0202,1,2026-05-28T10:08:36
2768,1373,1000460,000725.SZ,20260522,20260527,3,-0.8666,0,2026-05-28T10:08:37
2769,1374,1000460,000012.SZ,20260522,20260527,3,-1.1111,0,2026-05-28T10:08:37
2770,1375,1000460,688603.SH,20260522,20260527,3,-6.1753,0,2026-05-28T10:08:37
2771,1376,1000460,688020.SH,20260522,20260527,3,-7.9665,0,2026-05-28T10:08:37
2772,1377,1000460,002585.SZ,20260522,20260527,3,-1.104,0,2026-05-28T10:08:37
2773,1378,1000461,300394.SZ,20260522,20260525,1,6.5101,1,2026-05-28T10:08:37
2774,1379,1000461,300308.SZ,20260522,20260525,1,5.3007,1,2026-05-28T10:08:37
2775,1380,1000461,002281.SZ,20260522,20260525,1,3.7569,1,2026-05-28T10:08:37
2776,1381,1000461,002475.SZ,20260522,20260525,1,3.1768,1,2026-05-28T10:08:37
2777,1382,1000461,002130.SZ,20260522,20260525,1,3.2396,1,2026-05-28T10:08:37
2778,1383,1000461,300563.SZ,20260522,20260525,1,-0.4854,0,2026-05-28T10:08:37
2779,1384,1000461,000657.SZ,20260522,20260525,1,2.9336,0,2026-05-28T10:08:37
2780,1385,1000461,000630.SZ,20260522,20260525,1,5.9748,1,2026-05-28T10:08:37
2781,1378,1000461,300394.SZ,20260522,20260526,2,2.523,0,2026-05-28T10:08:37
2782,1379,1000461,300308.SZ,20260522,20260526,2,0.9149,0,2026-05-28T10:08:37
2783,1380,1000461,002281.SZ,20260522,20260526,2,-7.706,0,2026-05-28T10:08:37
2784,1381,1000461,002475.SZ,20260522,20260526,2,-3.012,0,2026-05-28T10:08:37
2785,1382,1000461,002130.SZ,20260522,20260526,2,-0.6922,0,2026-05-28T10:08:37
2786,1383,1000461,300563.SZ,20260522,20260526,2,-1.8537,0,2026-05-28T10:08:37
2787,1384,1000461,000657.SZ,20260522,20260526,2,5.4197,1,2026-05-28T10:08:37
2788,1385,1000461,000630.SZ,20260522,20260526,2,1.3353,0,2026-05-28T10:08:37
2789,1378,1000461,300394.SZ,20260522,20260527,3,5.3717,1,2026-05-28T10:08:37
2790,1379,1000461,300308.SZ,20260522,20260527,3,0.7588,0,2026-05-28T10:08:37
2791,1380,1000461,002281.SZ,20260522,20260527,3,-1.9447,0,2026-05-28T10:08:37
2792,1381,1000461,002475.SZ,20260522,20260527,3,-1.187,0,2026-05-28T10:08:37
2793,1382,1000461,002130.SZ,20260522,20260527,3,2.2305,0,2026-05-28T10:08:37
2794,1383,1000461,300563.SZ,20260522,20260527,3,-1.8555,0,2026-05-28T10:08:37
2795,1384,1000461,000657.SZ,20260522,20260527,3,-4.2251,0,2026-05-28T10:08:37
2796,1385,1000461,000630.SZ,20260522,20260527,3,-5.4173,0,2026-05-28T10:08:37
2797,1386,1000462,300075.SZ,20260522,20260525,1,1.8854,0,2026-05-28T10:08:37
2798,1387,1000462,000032.SZ,20260522,20260525,1,-1.5112,0,2026-05-28T10:08:37
2799,1388,1000462,300212.SZ,20260522,20260525,1,6.2257,1,2026-05-28T10:08:37
2800,1389,1000462,002368.SZ,20260522,20260525,1,-0.248,0,2026-05-28T10:08:37
2801,1390,1000462,300226.SZ,20260522,20260525,1,-0.3313,0,2026-05-28T10:08:37
2802,1391,1000462,603888.SH,20260522,20260525,1,-0.47,0,2026-05-28T10:08:37
2803,1392,1000462,603000.SH,20260522,20260525,1,-1.7005,0,2026-05-28T10:08:37
2804,1386,1000462,300075.SZ,20260522,20260526,2,-0.2961,0,2026-05-28T10:08:37
2805,1387,1000462,000032.SZ,20260522,20260526,2,-3.1217,0,2026-05-28T10:08:37
2806,1388,1000462,300212.SZ,20260522,20260526,2,8.6691,1,2026-05-28T10:08:37
2807,1389,1000462,002368.SZ,20260522,20260526,2,-1.7402,0,2026-05-28T10:08:37
2808,1390,1000462,300226.SZ,20260522,20260526,2,-1.4541,0,2026-05-28T10:08:37
2809,1391,1000462,603888.SH,20260522,20260526,2,-0.9969,0,2026-05-28T10:08:37
2810,1392,1000462,603000.SH,20260522,20260526,2,0.0,0,2026-05-28T10:08:37
2811,1386,1000462,300075.SZ,20260522,20260527,3,-3.4892,0,2026-05-28T10:08:37
2812,1387,1000462,000032.SZ,20260522,20260527,3,-4.6969,0,2026-05-28T10:08:37
2813,1388,1000462,300212.SZ,20260522,20260527,3,7.4157,1,2026-05-28T10:08:37
2814,1389,1000462,002368.SZ,20260522,20260527,3,-0.5693,0,2026-05-28T10:08:37
2815,1390,1000462,300226.SZ,20260522,20260527,3,-5.6071,0,2026-05-28T10:08:37
2816,1391,1000462,603888.SH,20260522,20260527,3,-1.4308,0,2026-05-28T10:08:37
2817,1392,1000462,603000.SH,20260522,20260527,3,-1.4509,0,2026-05-28T10:08:37
2818,1393,1000463,688020.SH,20260522,20260525,1,5.3552,1,2026-05-28T10:08:37
2819,1394,1000463,002585.SZ,20260522,20260525,1,10.0223,1,2026-05-28T10:08:37
2820,1395,1000463,600719.SH,20260522,20260525,1,3.7204,1,2026-05-28T10:08:37
2821,1396,1000463,688700.SH,20260522,20260525,1,3.7663,1,2026-05-28T10:08:37
2822,1397,1000463,688392.SH,20260522,20260525,1,5.1191,1,2026-05-28T10:08:37
2823,1398,1000463,601208.SH,20260522,20260525,1,2.4595,0,2026-05-28T10:08:37
2824,1393,1000463,688020.SH,20260522,20260526,2,-4.2931,0,2026-05-28T10:08:37
2825,1394,1000463,002585.SZ,20260522,20260526,2,10.0202,1,2026-05-28T10:08:37
2826,1395,1000463,600719.SH,20260522,20260526,2,6.8478,1,2026-05-28T10:08:37
2827,1396,1000463,688700.SH,20260522,20260526,2,1.2937,0,2026-05-28T10:08:37
2828,1397,1000463,688392.SH,20260522,20260526,2,-5.039,0,2026-05-28T10:08:37
2829,1398,1000463,601208.SH,20260522,20260526,2,-0.8188,0,2026-05-28T10:08:37
2830,1393,1000463,688020.SH,20260522,20260527,3,-7.9665,0,2026-05-28T10:08:37
2831,1394,1000463,002585.SZ,20260522,20260527,3,-1.104,0,2026-05-28T10:08:37
2832,1395,1000463,600719.SH,20260522,20260527,3,3.2553,1,2026-05-28T10:08:37
2833,1396,1000463,688700.SH,20260522,20260527,3,3.0511,1,2026-05-28T10:08:37
2834,1397,1000463,688392.SH,20260522,20260527,3,-2.755,0,2026-05-28T10:08:37
2835,1398,1000463,601208.SH,20260522,20260527,3,-1.97,0,2026-05-28T10:08:37
2836,1399,1000464,600172.SH,20260522,20260525,1,10.0091,1,2026-05-28T10:08:37
2837,1400,1000464,605580.SH,20260522,20260525,1,10.0,1,2026-05-28T10:08:37
2838,1401,1000464,301071.SZ,20260522,20260525,1,14.8553,1,2026-05-28T10:08:37
2839,1402,1000464,002046.SZ,20260522,20260525,1,2.4368,0,2026-05-28T10:08:37
2840,1403,1000464,300179.SZ,20260522,20260525,1,14.7748,1,2026-05-28T10:08:37
2841,1399,1000464,600172.SH,20260522,20260526,2,10.0083,1,2026-05-28T10:08:37
2842,1400,1000464,605580.SH,20260522,20260526,2,6.5405,1,2026-05-28T10:08:37
2843,1401,1000464,301071.SZ,20260522,20260526,2,7.4253,1,2026-05-28T10:08:37
2844,1402,1000464,002046.SZ,20260522,20260526,2,-2.9647,0,2026-05-28T10:08:37
2845,1403,1000464,300179.SZ,20260522,20260526,2,2.58,0,2026-05-28T10:08:37
2846,1399,1000464,600172.SH,20260522,20260527,3,-0.2256,0,2026-05-28T10:08:37
2847,1400,1000464,605580.SH,20260522,20260527,3,-1.0811,0,2026-05-28T10:08:37
2848,1401,1000464,301071.SZ,20260522,20260527,3,-8.7461,0,2026-05-28T10:08:37
2849,1402,1000464,002046.SZ,20260522,20260527,3,-5.5799,0,2026-05-28T10:08:37
2850,1403,1000464,300179.SZ,20260522,20260527,3,-5.8423,0,2026-05-28T10:08:37
2851,1404,1000465,002931.SZ,20260522,20260525,1,-2.0442,0,2026-05-28T10:08:37
2852,1405,1000465,002488.SZ,20260522,20260525,1,-3.8188,0,2026-05-28T10:08:37
2853,1406,1000465,688017.SH,20260522,20260525,1,2.0468,0,2026-05-28T10:08:37
2854,1407,1000465,603728.SH,20260522,20260525,1,1.1732,0,2026-05-28T10:08:37
2855,1408,1000465,300660.SZ,20260522,20260525,1,-1.9143,0,2026-05-28T10:08:37
2856,1409,1000465,603662.SH,20260522,20260525,1,0.5191,0,2026-05-28T10:08:37
2857,1404,1000465,002931.SZ,20260522,20260526,2,2.9525,0,2026-05-28T10:08:37
2858,1405,1000465,002488.SZ,20260522,20260526,2,0.0,0,2026-05-28T10:08:37
2859,1406,1000465,688017.SH,20260522,20260526,2,-3.0172,0,2026-05-28T10:08:37
2860,1407,1000465,603728.SH,20260522,20260526,2,1.464,0,2026-05-28T10:08:37
2861,1408,1000465,300660.SZ,20260522,20260526,2,2.9699,0,2026-05-28T10:08:37
2862,1409,1000465,603662.SH,20260522,20260526,2,2.0803,0,2026-05-28T10:08:37
2863,1404,1000465,002931.SZ,20260522,20260527,3,-10.0,0,2026-05-28T10:08:37
2864,1405,1000465,002488.SZ,20260522,20260527,3,-2.1237,0,2026-05-28T10:08:37
2865,1406,1000465,688017.SH,20260522,20260527,3,-5.1615,0,2026-05-28T10:08:37
2866,1407,1000465,603728.SH,20260522,20260527,3,-4.9286,0,2026-05-28T10:08:37
2867,1408,1000465,300660.SZ,20260522,20260527,3,-3.1726,0,2026-05-28T10:08:37
2868,1409,1000465,603662.SH,20260522,20260527,3,-4.6105,0,2026-05-28T10:08:37
2869,1410,1000466,600893.SH,20260522,20260525,1,-1.7682,0,2026-05-28T10:08:37
2870,1411,1000466,603308.SH,20260522,20260525,1,3.7805,1,2026-05-28T10:08:37
2871,1410,1000466,600893.SH,20260522,20260526,2,-0.2222,0,2026-05-28T10:08:38
2872,1411,1000466,603308.SH,20260522,20260526,2,-4.0913,0,2026-05-28T10:08:38
2873,1410,1000466,600893.SH,20260522,20260527,3,-1.7595,0,2026-05-28T10:08:38
2874,1411,1000466,603308.SH,20260522,20260527,3,-2.6786,0,2026-05-28T10:08:38
2875,1412,1000468,002132.SZ,20260522,20260525,1,-1.4652,0,2026-05-28T10:08:38
2876,1413,1000468,300751.SZ,20260522,20260525,1,4.5724,1,2026-05-28T10:08:38
2877,1414,1000468,002801.SZ,20260522,20260525,1,2.5036,0,2026-05-28T10:08:38
2878,1412,1000468,002132.SZ,20260522,20260526,2,-3.3457,0,2026-05-28T10:08:38
2879,1413,1000468,300751.SZ,20260522,20260526,2,-2.6926,0,2026-05-28T10:08:38
2880,1414,1000468,002801.SZ,20260522,20260526,2,-1.6283,0,2026-05-28T10:08:38
2881,1412,1000468,002132.SZ,20260522,20260527,3,-2.6923,0,2026-05-28T10:08:38
2882,1413,1000468,300751.SZ,20260522,20260527,3,-7.0813,0,2026-05-28T10:08:38
2883,1414,1000468,002801.SZ,20260522,20260527,3,-6.1073,0,2026-05-28T10:08:38
2884,1415,1000469,688787.SH,20260522,20260525,1,1.858,0,2026-05-28T10:08:38
2885,1416,1000469,300364.SZ,20260522,20260525,1,0.2684,0,2026-05-28T10:08:38
2886,1417,1000469,601858.SH,20260522,20260525,1,0.23,0,2026-05-28T10:08:38
2887,1415,1000469,688787.SH,20260522,20260526,2,-1.5853,0,2026-05-28T10:08:38
2888,1416,1000469,300364.SZ,20260522,20260526,2,-2.065,0,2026-05-28T10:08:38
2889,1417,1000469,601858.SH,20260522,20260526,2,-1.7208,0,2026-05-28T10:08:38
2890,1415,1000469,688787.SH,20260522,20260527,3,-4.5966,0,2026-05-28T10:08:38
2891,1416,1000469,300364.SZ,20260522,20260527,3,3.1238,1,2026-05-28T10:08:38
2892,1417,1000469,601858.SH,20260522,20260527,3,-0.7782,0,2026-05-28T10:08:38
2893,1418,1000472,002859.SZ,20260522,20260525,1,7.0608,1,2026-05-28T10:08:39
2894,1419,1000472,000636.SZ,20260522,20260525,1,9.9947,1,2026-05-28T10:08:39
2895,1418,1000472,002859.SZ,20260522,20260526,2,-1.7421,0,2026-05-28T10:08:39
2896,1419,1000472,000636.SZ,20260522,20260526,2,0.7733,0,2026-05-28T10:08:39
2897,1418,1000472,002859.SZ,20260522,20260527,3,0.6649,0,2026-05-28T10:08:39
2898,1419,1000472,000636.SZ,20260522,20260527,3,6.0432,1,2026-05-28T10:08:39
2899,1420,1000473,000657.SZ,20260522,20260525,1,2.9336,0,2026-05-28T10:08:39
2900,1421,1000473,000630.SZ,20260522,20260525,1,5.9748,1,2026-05-28T10:08:39
2901,1422,1000473,301377.SZ,20260522,20260525,1,5.4277,1,2026-05-28T10:08:39
2902,1423,1000473,002916.SZ,20260522,20260525,1,5.7446,1,2026-05-28T10:08:39
2903,1424,1000473,002463.SZ,20260522,20260525,1,7.4253,1,2026-05-28T10:08:39
2904,1420,1000473,000657.SZ,20260522,20260526,2,5.4197,1,2026-05-28T10:08:39
2905,1421,1000473,000630.SZ,20260522,20260526,2,1.3353,0,2026-05-28T10:08:39
2906,1422,1000473,301377.SZ,20260522,20260526,2,-0.0794,0,2026-05-28T10:08:39
2907,1423,1000473,002916.SZ,20260522,20260526,2,4.875,1,2026-05-28T10:08:39
2908,1424,1000473,002463.SZ,20260522,20260526,2,8.8298,1,2026-05-28T10:08:39
2909,1420,1000473,000657.SZ,20260522,20260527,3,-4.2251,0,2026-05-28T10:08:39
2910,1421,1000473,000630.SZ,20260522,20260527,3,-5.4173,0,2026-05-28T10:08:39
2911,1422,1000473,301377.SZ,20260522,20260527,3,6.0661,1,2026-05-28T10:08:39
2912,1423,1000473,002916.SZ,20260522,20260527,3,-5.59,0,2026-05-28T10:08:39
2913,1424,1000473,002463.SZ,20260522,20260527,3,-3.8017,0,2026-05-28T10:08:39
2914,1425,1000476,000725.SZ,20260522,20260525,1,2.1318,0,2026-05-28T10:08:39
2915,1425,1000476,000725.SZ,20260522,20260526,2,9.4877,1,2026-05-28T10:08:39
2916,1425,1000476,000725.SZ,20260522,20260527,3,-0.8666,0,2026-05-28T10:08:39
2917,1145,1000372,603936.SH,20260525,20260526,1,5.5936,1,2026-05-28T10:08:43
2918,1146,1000372,002185.SZ,20260525,20260526,1,10.0177,1,2026-05-28T10:08:43
2919,1147,1000372,600584.SH,20260525,20260526,1,10.0037,1,2026-05-28T10:08:43
2920,1148,1000372,002156.SZ,20260525,20260526,1,8.0396,1,2026-05-28T10:08:43
2921,1149,1000372,688981.SH,20260525,20260526,1,-4.3718,0,2026-05-28T10:08:43
2922,1150,1000372,688072.SH,20260525,20260526,1,4.0222,1,2026-05-28T10:08:43
2923,1151,1000372,688082.SH,20260525,20260526,1,2.3825,0,2026-05-28T10:08:43
2924,1152,1000372,301269.SZ,20260525,20260526,1,7.9655,1,2026-05-28T10:08:43
2925,1153,1000372,300776.SZ,20260525,20260526,1,-2.8246,0,2026-05-28T10:08:43
2926,1145,1000372,603936.SH,20260525,20260527,2,-8.0793,0,2026-05-28T10:08:43
2927,1146,1000372,002185.SZ,20260525,20260527,2,7.9272,1,2026-05-28T10:08:43
2928,1147,1000372,600584.SH,20260525,20260527,2,-2.3018,0,2026-05-28T10:08:43
2929,1148,1000372,002156.SZ,20260525,20260527,2,-5.1333,0,2026-05-28T10:08:43
2930,1149,1000372,688981.SH,20260525,20260527,2,-1.9842,0,2026-05-28T10:08:43
2931,1150,1000372,688072.SH,20260525,20260527,2,-11.0667,0,2026-05-28T10:08:43
2932,1151,1000372,688082.SH,20260525,20260527,2,-6.2184,0,2026-05-28T10:08:43
2933,1152,1000372,301269.SZ,20260525,20260527,2,-5.6148,0,2026-05-28T10:08:43
2934,1153,1000372,300776.SZ,20260525,20260527,2,9.9678,1,2026-05-28T10:08:43
2935,1154,1000373,688110.SH,20260525,20260526,1,-6.8848,0,2026-05-28T10:08:43
2936,1154,1000373,688110.SH,20260525,20260527,2,-4.5961,0,2026-05-28T10:08:43
2937,1155,1000374,301269.SZ,20260525,20260526,1,7.9655,1,2026-05-28T10:08:43
2938,1156,1000374,688981.SH,20260525,20260526,1,-4.3718,0,2026-05-28T10:08:43
2939,1155,1000374,301269.SZ,20260525,20260527,2,-5.6148,0,2026-05-28T10:08:43
2940,1156,1000374,688981.SH,20260525,20260527,2,-1.9842,0,2026-05-28T10:08:43
2941,1157,1000375,600584.SH,20260525,20260526,1,10.0037,1,2026-05-28T10:08:43
2942,1158,1000375,603936.SH,20260525,20260526,1,5.5936,1,2026-05-28T10:08:43
2943,1159,1000375,002938.SZ,20260525,20260526,1,1.4696,0,2026-05-28T10:08:43
2944,1160,1000375,300776.SZ,20260525,20260526,1,-2.8246,0,2026-05-28T10:08:43
2945,1157,1000375,600584.SH,20260525,20260527,2,-2.3018,0,2026-05-28T10:08:43
2946,1158,1000375,603936.SH,20260525,20260527,2,-8.0793,0,2026-05-28T10:08:43
2947,1159,1000375,002938.SZ,20260525,20260527,2,-8.6983,0,2026-05-28T10:08:43
2948,1160,1000375,300776.SZ,20260525,20260527,2,9.9678,1,2026-05-28T10:08:43
2949,1161,1000377,688261.SH,20260525,20260526,1,-3.0137,0,2026-05-28T10:08:43
2950,1162,1000377,300593.SZ,20260525,20260526,1,3.6667,1,2026-05-28T10:08:43
2951,1161,1000377,688261.SH,20260525,20260527,2,5.6271,1,2026-05-28T10:08:43
2952,1162,1000377,300593.SZ,20260525,20260527,2,-4.3532,0,2026-05-28T10:08:43
2953,1163,1000378,002938.SZ,20260525,20260526,1,1.4696,0,2026-05-28T10:08:43
2954,1164,1000378,603936.SH,20260525,20260526,1,5.5936,1,2026-05-28T10:08:43
2955,1165,1000378,300776.SZ,20260525,20260526,1,-2.8246,0,2026-05-28T10:08:43
2956,1163,1000378,002938.SZ,20260525,20260527,2,-8.6983,0,2026-05-28T10:08:43
2957,1164,1000378,603936.SH,20260525,20260527,2,-8.0793,0,2026-05-28T10:08:43
2958,1165,1000378,300776.SZ,20260525,20260527,2,9.9678,1,2026-05-28T10:08:43
2959,1166,1000379,000636.SZ,20260525,20260526,1,0.7733,0,2026-05-28T10:08:44
2960,1166,1000379,000636.SZ,20260525,20260527,2,6.0432,1,2026-05-28T10:08:44
2961,1167,1000380,603661.SH,20260525,20260526,1,4.7233,1,2026-05-28T10:08:44
2962,1167,1000380,603661.SH,20260525,20260527,2,-10.008,0,2026-05-28T10:08:44
2963,1168,1000381,601600.SH,20260525,20260526,1,10.0091,1,2026-05-28T10:08:44
2964,1169,1000381,000807.SZ,20260525,20260526,1,7.3873,1,2026-05-28T10:08:44
2965,1170,1000381,600219.SH,20260525,20260526,1,8.8123,1,2026-05-28T10:08:44
2966,1168,1000381,601600.SH,20260525,20260527,2,-2.0678,0,2026-05-28T10:08:44
2967,1169,1000381,000807.SZ,20260525,20260527,2,-5.8378,0,2026-05-28T10:08:44
2968,1170,1000381,600219.SH,20260525,20260527,2,-5.9859,0,2026-05-28T10:08:44
2969,1171,1000382,600503.SH,20260525,20260526,1,-2.0979,0,2026-05-28T10:08:44
2970,1172,1000382,600539.SH,20260525,20260526,1,-1.1016,0,2026-05-28T10:08:44
2971,1171,1000382,600503.SH,20260525,20260527,2,-2.5,0,2026-05-28T10:08:44
2972,1172,1000382,600539.SH,20260525,20260527,2,0.6188,0,2026-05-28T10:08:44
2973,1173,1000385,603661.SH,20260525,20260526,1,4.7233,1,2026-05-28T10:08:44
2974,1173,1000385,603661.SH,20260525,20260527,2,-10.008,0,2026-05-28T10:08:44
2975,1174,1000386,002185.SZ,20260526,20260527,1,7.9272,1,2026-05-28T10:09:01
2976,1175,1000386,600584.SH,20260526,20260527,1,-2.3018,0,2026-05-28T10:09:01
2977,1176,1000386,300337.SZ,20260526,20260527,1,0.6211,0,2026-05-28T10:09:01
2978,1177,1000386,688041.SH,20260526,20260527,1,-7.1433,0,2026-05-28T10:09:01
2979,1178,1000386,688981.SH,20260526,20260527,1,-1.9842,0,2026-05-28T10:09:01
2980,1179,1000386,688521.SH,20260526,20260527,1,-5.1475,0,2026-05-28T10:09:01
2981,1180,1000387,601600.SH,20260526,20260527,1,-2.0678,0,2026-05-28T10:09:01
2982,1181,1000387,000807.SZ,20260526,20260527,1,-5.8378,0,2026-05-28T10:09:01
2983,1182,1000387,603938.SH,20260526,20260527,1,-2.8728,0,2026-05-28T10:09:01
2984,1183,1000387,600489.SH,20260526,20260527,1,-4.7851,0,2026-05-28T10:09:01
2985,1184,1000387,600547.SH,20260526,20260527,1,-4.9587,0,2026-05-28T10:09:01
2986,1185,1000387,601958.SH,20260526,20260527,1,5.0796,1,2026-05-28T10:09:01
2987,1186,1000387,603993.SH,20260526,20260527,1,-3.8806,0,2026-05-28T10:09:01
2988,1187,1000388,688521.SH,20260526,20260527,1,-5.1475,0,2026-05-28T10:09:01
2989,1188,1000388,688052.SH,20260526,20260527,1,4.3154,1,2026-05-28T10:09:01
2990,1189,1000388,688141.SH,20260526,20260527,1,-1.6106,0,2026-05-28T10:09:01
2991,1190,1000388,603501.SH,20260526,20260527,1,-1.0465,0,2026-05-28T10:09:01
2992,1191,1000389,600172.SH,20260526,20260527,1,-0.2256,0,2026-05-28T10:09:01
2993,1192,1000389,301071.SZ,20260526,20260527,1,-8.7461,0,2026-05-28T10:09:01
2994,1193,1000389,688028.SH,20260526,20260527,1,-5.1013,0,2026-05-28T10:09:01
2995,1194,1000390,002185.SZ,20260526,20260527,1,7.9272,1,2026-05-28T10:09:01
2996,1195,1000390,603773.SH,20260526,20260527,1,9.2309,1,2026-05-28T10:09:01
2997,1196,1000391,002460.SZ,20260526,20260527,1,-2.2667,0,2026-05-28T10:09:01
2998,1197,1000391,002738.SZ,20260526,20260527,1,-3.8542,0,2026-05-28T10:09:01
2999,1198,1000391,002812.SZ,20260526,20260527,1,2.446,0,2026-05-28T10:09:01
3000,1199,1000391,300769.SZ,20260526,20260527,1,0.5151,0,2026-05-28T10:09:01
3001,1200,1000391,300450.SZ,20260526,20260527,1,0.1824,0,2026-05-28T10:09:01
3002,1201,1000392,688608.SH,20260526,20260527,1,1.6108,0,2026-05-28T10:09:01
3003,1202,1000392,688521.SH,20260526,20260527,1,-5.1475,0,2026-05-28T10:09:01
3004,1203,1000393,301162.SZ,20260526,20260527,1,-1.7939,0,2026-05-28T10:09:01
3005,1204,1000393,688248.SH,20260526,20260527,1,-1.5172,0,2026-05-28T10:09:01
3006,1205,1000393,600131.SH,20260526,20260527,1,-2.7304,0,2026-05-28T10:09:01
3007,1206,1000394,601012.SH,20260526,20260527,1,-1.6438,0,2026-05-28T10:09:01
3008,1207,1000394,002459.SZ,20260526,20260527,1,-1.1616,0,2026-05-28T10:09:01
3009,1208,1000395,002484.SZ,20260526,20260527,1,10.0081,1,2026-05-28T10:09:01
3010,1209,1000395,600563.SH,20260526,20260527,1,4.8366,1,2026-05-28T10:09:01
3011,1210,1000396,002896.SZ,20260526,20260527,1,-3.9808,0,2026-05-28T10:09:02
3012,1211,1000396,688017.SH,20260526,20260527,1,-5.1615,0,2026-05-28T10:09:02
3013,1212,1000399,002667.SZ,20260526,20260527,1,-2.9633,0,2026-05-28T10:09:02
3014,1426,1000479,000636.SZ,20260522,20260525,1,9.9947,1,2026-05-28T10:08:40
3015,1427,1000479,000657.SZ,20260522,20260525,1,2.9336,0,2026-05-28T10:08:40
3016,1428,1000479,301377.SZ,20260522,20260525,1,5.4277,1,2026-05-28T10:08:40
3017,1429,1000479,002938.SZ,20260522,20260525,1,9.9971,1,2026-05-28T10:08:40
3018,1430,1000479,002859.SZ,20260522,20260525,1,7.0608,1,2026-05-28T10:08:40
3019,1426,1000479,000636.SZ,20260522,20260526,2,0.7733,0,2026-05-28T10:08:40
3020,1427,1000479,000657.SZ,20260522,20260526,2,5.4197,1,2026-05-28T10:08:40
3021,1428,1000479,301377.SZ,20260522,20260526,2,-0.0794,0,2026-05-28T10:08:40
3022,1429,1000479,002938.SZ,20260522,20260526,2,1.4696,0,2026-05-28T10:08:40
3023,1430,1000479,002859.SZ,20260522,20260526,2,-1.7421,0,2026-05-28T10:08:40
3024,1426,1000479,000636.SZ,20260522,20260527,3,6.0432,1,2026-05-28T10:08:40
3025,1427,1000479,000657.SZ,20260522,20260527,3,-4.2251,0,2026-05-28T10:08:40
3026,1428,1000479,301377.SZ,20260522,20260527,3,6.0661,1,2026-05-28T10:08:40
3027,1429,1000479,002938.SZ,20260522,20260527,3,-8.6983,0,2026-05-28T10:08:40
3028,1430,1000479,002859.SZ,20260522,20260527,3,0.6649,0,2026-05-28T10:08:40
3029,1431,1000480,000725.SZ,20260522,20260525,1,2.1318,0,2026-05-28T10:08:40
3030,1433,1000480,688603.SH,20260522,20260525,1,7.1303,1,2026-05-28T10:08:40
3031,1431,1000480,000725.SZ,20260522,20260526,2,9.4877,1,2026-05-28T10:08:40
3032,1433,1000480,688603.SH,20260522,20260526,2,-2.6612,0,2026-05-28T10:08:40
3033,1431,1000480,000725.SZ,20260522,20260527,3,-0.8666,0,2026-05-28T10:08:40
3034,1433,1000480,688603.SH,20260522,20260527,3,-6.1753,0,2026-05-28T10:08:40
3035,1434,1000481,000636.SZ,20260522,20260525,1,9.9947,1,2026-05-28T10:08:40
3036,1435,1000481,002859.SZ,20260522,20260525,1,7.0608,1,2026-05-28T10:08:40
3037,1434,1000481,000636.SZ,20260522,20260526,2,0.7733,0,2026-05-28T10:08:40
3038,1435,1000481,002859.SZ,20260522,20260526,2,-1.7421,0,2026-05-28T10:08:40
3039,1434,1000481,000636.SZ,20260522,20260527,3,6.0432,1,2026-05-28T10:08:40
3040,1435,1000481,002859.SZ,20260522,20260527,3,0.6649,0,2026-05-28T10:08:40
3041,1436,1000482,603232.SH,20260522,20260525,1,4.6407,1,2026-05-28T10:08:40
3042,1436,1000482,603232.SH,20260522,20260526,2,3.0043,1,2026-05-28T10:08:40
3043,1436,1000482,603232.SH,20260522,20260527,3,-4.213,0,2026-05-28T10:08:40
3044,1437,1000483,600172.SH,20260522,20260525,1,10.0091,1,2026-05-28T10:08:40
3045,1437,1000483,600172.SH,20260522,20260526,2,10.0083,1,2026-05-28T10:08:40
3046,1437,1000483,600172.SH,20260522,20260527,3,-0.2256,0,2026-05-28T10:08:40
3105,1438,1000486,002938.SZ,20260522,20260525,1,9.9971,1,2026-05-28T10:08:41
3106,1439,1000486,000636.SZ,20260522,20260525,1,9.9947,1,2026-05-28T10:08:41
3107,1440,1000486,002463.SZ,20260522,20260525,1,7.4253,1,2026-05-28T10:08:41
3108,1441,1000486,002916.SZ,20260522,20260525,1,5.7446,1,2026-05-28T10:08:41
3109,1442,1000486,688008.SH,20260522,20260525,1,4.5065,1,2026-05-28T10:08:41
3110,1438,1000486,002938.SZ,20260522,20260526,2,1.4696,0,2026-05-28T10:08:41
3111,1439,1000486,000636.SZ,20260522,20260526,2,0.7733,0,2026-05-28T10:08:41
3112,1440,1000486,002463.SZ,20260522,20260526,2,8.8298,1,2026-05-28T10:08:41
3113,1441,1000486,002916.SZ,20260522,20260526,2,4.875,1,2026-05-28T10:08:41
3114,1442,1000486,688008.SH,20260522,20260526,2,-4.1502,0,2026-05-28T10:08:41
3115,1438,1000486,002938.SZ,20260522,20260527,3,-8.6983,0,2026-05-28T10:08:41
3116,1439,1000486,000636.SZ,20260522,20260527,3,6.0432,1,2026-05-28T10:08:41
3117,1440,1000486,002463.SZ,20260522,20260527,3,-3.8017,0,2026-05-28T10:08:41
3118,1441,1000486,002916.SZ,20260522,20260527,3,-5.59,0,2026-05-28T10:08:41
3119,1442,1000486,688008.SH,20260522,20260527,3,-2.4937,0,2026-05-28T10:08:41
3120,1443,1000487,002931.SZ,20260522,20260525,1,-2.0442,0,2026-05-28T10:08:41
3121,1444,1000487,600172.SH,20260522,20260525,1,10.0091,1,2026-05-28T10:08:41
3122,1445,1000487,002600.SZ,20260522,20260525,1,-1.3489,0,2026-05-28T10:08:41
3123,1446,1000487,002488.SZ,20260522,20260525,1,-3.8188,0,2026-05-28T10:08:41
3124,1447,1000487,001225.SZ,20260522,20260525,1,-1.9276,0,2026-05-28T10:08:41
3125,1443,1000487,002931.SZ,20260522,20260526,2,2.9525,0,2026-05-28T10:08:41
3126,1444,1000487,600172.SH,20260522,20260526,2,10.0083,1,2026-05-28T10:08:41
3127,1445,1000487,002600.SZ,20260522,20260526,2,-1.6781,0,2026-05-28T10:08:41
3128,1446,1000487,002488.SZ,20260522,20260526,2,0.0,0,2026-05-28T10:08:41
3129,1447,1000487,001225.SZ,20260522,20260526,2,9.1379,1,2026-05-28T10:08:41
3130,1443,1000487,002931.SZ,20260522,20260527,3,-10.0,0,2026-05-28T10:08:41
3131,1444,1000487,600172.SH,20260522,20260527,3,-0.2256,0,2026-05-28T10:08:41
3132,1445,1000487,002600.SZ,20260522,20260527,3,-1.8963,0,2026-05-28T10:08:41
3133,1446,1000487,002488.SZ,20260522,20260527,3,-2.1237,0,2026-05-28T10:08:41
3134,1447,1000487,001225.SZ,20260522,20260527,3,-10.0,0,2026-05-28T10:08:41
3135,1448,1000488,300750.SZ,20260522,20260525,1,-2.0138,0,2026-05-28T10:08:41
3136,1449,1000488,600363.SH,20260522,20260525,1,3.45,1,2026-05-28T10:08:41
3137,1450,1000488,600309.SH,20260522,20260525,1,-1.4617,0,2026-05-28T10:08:41
3138,1451,1000488,002866.SZ,20260522,20260525,1,-3.3636,0,2026-05-28T10:08:41
3139,1448,1000488,300750.SZ,20260522,20260526,2,-0.0943,0,2026-05-28T10:08:41
3140,1449,1000488,600363.SH,20260522,20260526,2,-3.5297,0,2026-05-28T10:08:41
3141,1450,1000488,600309.SH,20260522,20260526,2,0.9499,0,2026-05-28T10:08:41
3142,1451,1000488,002866.SZ,20260522,20260526,2,-2.2578,0,2026-05-28T10:08:41
3143,1448,1000488,300750.SZ,20260522,20260527,3,3.0559,1,2026-05-28T10:08:41
3144,1449,1000488,600363.SH,20260522,20260527,3,-2.599,0,2026-05-28T10:08:41
3145,1450,1000488,600309.SH,20260522,20260527,3,-1.69,0,2026-05-28T10:08:41
3146,1451,1000488,002866.SZ,20260522,20260527,3,-2.2137,0,2026-05-28T10:08:41
3147,1452,1000489,601727.SH,20260522,20260525,1,-0.1119,0,2026-05-28T10:08:41
3148,1453,1000489,600406.SH,20260522,20260525,1,1.6647,0,2026-05-28T10:08:41
3149,1454,1000489,601179.SH,20260522,20260525,1,2.4615,0,2026-05-28T10:08:41
3150,1455,1000489,600905.SH,20260522,20260525,1,0.2433,0,2026-05-28T10:08:41
3151,1456,1000489,300682.SZ,20260522,20260525,1,0.6307,0,2026-05-28T10:08:41
3152,1452,1000489,601727.SH,20260522,20260526,2,-2.7996,0,2026-05-28T10:08:41
3153,1453,1000489,600406.SH,20260522,20260526,2,-2.9703,0,2026-05-28T10:08:41
3154,1454,1000489,601179.SH,20260522,20260526,2,-2.8228,0,2026-05-28T10:08:41
3155,1455,1000489,600905.SH,20260522,20260526,2,-0.2427,0,2026-05-28T10:08:41
3156,1456,1000489,300682.SZ,20260522,20260526,2,-2.507,0,2026-05-28T10:08:41
3157,1452,1000489,601727.SH,20260522,20260527,3,-3.1106,0,2026-05-28T10:08:41
3158,1453,1000489,600406.SH,20260522,20260527,3,0.3532,0,2026-05-28T10:08:41
3159,1454,1000489,601179.SH,20260522,20260527,3,2.4722,0,2026-05-28T10:08:41
3160,1455,1000489,600905.SH,20260522,20260527,3,-0.7299,0,2026-05-28T10:08:41
3161,1456,1000489,300682.SZ,20260522,20260527,3,-2.2857,0,2026-05-28T10:08:41
3162,1457,1000490,600276.SH,20260522,20260525,1,-2.0606,0,2026-05-28T10:08:42
3163,1458,1000490,002294.SZ,20260522,20260525,1,-1.6973,0,2026-05-28T10:08:42
3164,1459,1000490,000963.SZ,20260522,20260525,1,-0.308,0,2026-05-28T10:08:42
3165,1460,1000490,300760.SZ,20260522,20260525,1,0.4118,0,2026-05-28T10:08:42
3166,1461,1000490,000518.SZ,20260522,20260525,1,9.9274,1,2026-05-28T10:08:42
3167,1457,1000490,600276.SH,20260522,20260526,2,-0.4653,0,2026-05-28T10:08:42
3168,1458,1000490,002294.SZ,20260522,20260526,2,0.9942,0,2026-05-28T10:08:42
3169,1459,1000490,000963.SZ,20260522,20260526,2,0.2403,0,2026-05-28T10:08:42
3170,1460,1000490,300760.SZ,20260522,20260526,2,-0.3124,0,2026-05-28T10:08:42
3171,1461,1000490,000518.SZ,20260522,20260526,2,-9.9119,0,2026-05-28T10:08:42
3172,1457,1000490,600276.SH,20260522,20260527,3,2.7959,0,2026-05-28T10:08:42
3173,1458,1000490,002294.SZ,20260522,20260527,3,-2.9531,0,2026-05-28T10:08:42
3174,1459,1000490,000963.SZ,20260522,20260527,3,0.6507,0,2026-05-28T10:08:42
3175,1460,1000490,300760.SZ,20260522,20260527,3,0.555,0,2026-05-28T10:08:42
3176,1461,1000490,000518.SZ,20260522,20260527,3,-3.912,0,2026-05-28T10:08:42
3177,1462,1000491,002353.SZ,20260522,20260525,1,3.0769,1,2026-05-28T10:08:42
3178,1463,1000491,601808.SH,20260522,20260525,1,-1.4588,0,2026-05-28T10:08:42
3179,1464,1000491,603619.SH,20260522,20260525,1,-5.683,0,2026-05-28T10:08:42
3180,1465,1000491,600028.SH,20260522,20260525,1,-0.8065,0,2026-05-28T10:08:42
3181,1466,1000491,000852.SZ,20260522,20260525,1,-1.8779,0,2026-05-28T10:08:42
3182,1462,1000491,002353.SZ,20260522,20260526,2,-2.4026,0,2026-05-28T10:08:42
3183,1463,1000491,601808.SH,20260522,20260526,2,-0.6662,0,2026-05-28T10:08:42
3184,1464,1000491,603619.SH,20260522,20260526,2,-1.1228,0,2026-05-28T10:08:42
3185,1465,1000491,600028.SH,20260522,20260526,2,-1.0163,0,2026-05-28T10:08:42
3186,1466,1000491,000852.SZ,20260522,20260526,2,-2.8708,0,2026-05-28T10:08:42
3187,1462,1000491,002353.SZ,20260522,20260527,3,5.5278,1,2026-05-28T10:08:42
3188,1463,1000491,601808.SH,20260522,20260527,3,-1.8629,0,2026-05-28T10:08:42
3189,1464,1000491,603619.SH,20260522,20260527,3,-4.5799,0,2026-05-28T10:08:42
3190,1465,1000491,600028.SH,20260522,20260527,3,-0.8214,0,2026-05-28T10:08:42
3191,1466,1000491,000852.SZ,20260522,20260527,3,-3.1199,0,2026-05-28T10:08:42
3192,1467,1000492,600893.SH,20260522,20260525,1,-1.7682,0,2026-05-28T10:08:42
3193,1468,1000492,600760.SH,20260522,20260525,1,-2.6849,0,2026-05-28T10:08:42
3194,1469,1000492,002025.SZ,20260522,20260525,1,2.5401,0,2026-05-28T10:08:42
3195,1470,1000492,688102.SH,20260522,20260525,1,-0.4682,0,2026-05-28T10:08:42
3196,1471,1000492,300069.SZ,20260522,20260525,1,0.2837,0,2026-05-28T10:08:42
3197,1467,1000492,600893.SH,20260522,20260526,2,-0.2222,0,2026-05-28T10:08:42
3198,1468,1000492,600760.SH,20260522,20260526,2,-1.3116,0,2026-05-28T10:08:42
3199,1469,1000492,002025.SZ,20260522,20260526,2,-4.1721,0,2026-05-28T10:08:42
3200,1470,1000492,688102.SH,20260522,20260526,2,-4.4565,0,2026-05-28T10:08:42
3201,1471,1000492,300069.SZ,20260522,20260526,2,-3.3195,0,2026-05-28T10:08:42
3202,1467,1000492,600893.SH,20260522,20260527,3,-1.7595,0,2026-05-28T10:08:42
3203,1468,1000492,600760.SH,20260522,20260527,3,-1.6136,0,2026-05-28T10:08:42
3204,1469,1000492,002025.SZ,20260522,20260527,3,-5.4558,0,2026-05-28T10:08:42
3205,1470,1000492,688102.SH,20260522,20260527,3,-3.9129,0,2026-05-28T10:08:42
3206,1471,1000492,300069.SZ,20260522,20260527,3,5.3258,1,2026-05-28T10:08:42
3207,1472,1000493,002457.SZ,20260522,20260525,1,-1.1194,0,2026-05-28T10:08:42
3208,1473,1000493,600283.SH,20260522,20260525,1,2.6077,0,2026-05-28T10:08:42
3209,1474,1000493,000778.SZ,20260522,20260525,1,5.6872,1,2026-05-28T10:08:42
3210,1475,1000493,601669.SH,20260522,20260525,1,1.0949,0,2026-05-28T10:08:42
3211,1472,1000493,002457.SZ,20260522,20260526,2,-9.6725,0,2026-05-28T10:08:42
3212,1473,1000493,600283.SH,20260522,20260526,2,-1.547,0,2026-05-28T10:08:42
3213,1474,1000493,000778.SZ,20260522,20260526,2,-3.5874,0,2026-05-28T10:08:42
3214,1475,1000493,601669.SH,20260522,20260526,2,-1.9856,0,2026-05-28T10:08:42
3215,1472,1000493,002457.SZ,20260522,20260527,3,-5.9865,0,2026-05-28T10:08:42
3216,1473,1000493,600283.SH,20260522,20260527,3,-2.6936,0,2026-05-28T10:08:42
3217,1474,1000493,000778.SZ,20260522,20260527,3,-1.8605,0,2026-05-28T10:08:42
3218,1475,1000493,601669.SH,20260522,20260527,3,-2.7624,0,2026-05-28T10:08:42
3219,1476,1000494,603000.SH,20260522,20260525,1,-1.7005,0,2026-05-28T10:08:42
3220,1478,1000494,688787.SH,20260522,20260525,1,1.858,0,2026-05-28T10:08:42
3221,1479,1000494,002152.SZ,20260522,20260525,1,0.8905,0,2026-05-28T10:08:42
3222,1476,1000494,603000.SH,20260522,20260526,2,0.0,0,2026-05-28T10:08:42
3223,1478,1000494,688787.SH,20260522,20260526,2,-1.5853,0,2026-05-28T10:08:42
3224,1479,1000494,002152.SZ,20260522,20260526,2,-0.2648,0,2026-05-28T10:08:42
3225,1476,1000494,603000.SH,20260522,20260527,3,-1.4509,0,2026-05-28T10:08:42
3226,1478,1000494,688787.SH,20260522,20260527,3,-4.5966,0,2026-05-28T10:08:42
3227,1479,1000494,002152.SZ,20260522,20260527,3,-3.2743,0,2026-05-28T10:08:42
3228,1480,1000495,000725.SZ,20260522,20260525,1,2.1318,0,2026-05-28T10:08:42
3229,1481,1000495,000636.SZ,20260522,20260525,1,9.9947,1,2026-05-28T10:08:42
3230,1482,1000495,300408.SZ,20260522,20260525,1,0.3043,0,2026-05-28T10:08:42
3231,1483,1000495,002859.SZ,20260522,20260525,1,7.0608,1,2026-05-28T10:08:42
3232,1480,1000495,000725.SZ,20260522,20260526,2,9.4877,1,2026-05-28T10:08:42
3233,1481,1000495,000636.SZ,20260522,20260526,2,0.7733,0,2026-05-28T10:08:42
3234,1482,1000495,300408.SZ,20260522,20260526,2,1.3697,0,2026-05-28T10:08:42
3235,1483,1000495,002859.SZ,20260522,20260526,2,-1.7421,0,2026-05-28T10:08:42
3236,1480,1000495,000725.SZ,20260522,20260527,3,-0.8666,0,2026-05-28T10:08:43
3237,1481,1000495,000636.SZ,20260522,20260527,3,6.0432,1,2026-05-28T10:08:43
3238,1482,1000495,300408.SZ,20260522,20260527,3,5.1826,1,2026-05-28T10:08:43
3239,1483,1000495,002859.SZ,20260522,20260527,3,0.6649,0,2026-05-28T10:08:43
3267,888,1000283,000636.SZ,20260522,20260528,4,,,2026-05-28T10:08:18
3268,889,1000283,002463.SZ,20260522,20260528,4,,,2026-05-28T10:08:18
3269,890,1000283,002916.SZ,20260522,20260528,4,,,2026-05-28T10:08:18
3270,891,1000283,002938.SZ,20260522,20260528,4,,,2026-05-28T10:08:18
3271,892,1000283,301377.SZ,20260522,20260528,4,,,2026-05-28T10:08:18
3272,893,1000283,002585.SZ,20260522,20260528,4,,,2026-05-28T10:08:18
3273,894,1000283,688020.SH,20260522,20260528,4,,,2026-05-28T10:08:18
3274,895,1000283,002859.SZ,20260522,20260528,4,,,2026-05-28T10:08:18
3275,896,1000283,300408.SZ,20260522,20260528,4,,,2026-05-28T10:08:18
3294,897,1000284,300308.SZ,20260522,20260528,4,,,2026-05-28T10:08:18
3295,898,1000284,300502.SZ,20260522,20260528,4,,,2026-05-28T10:08:18
3296,899,1000284,300394.SZ,20260522,20260528,4,,,2026-05-28T10:08:18
3297,900,1000284,002281.SZ,20260522,20260528,4,,,2026-05-28T10:08:18
3298,901,1000284,002475.SZ,20260522,20260528,4,,,2026-05-28T10:08:18
3299,902,1000284,603228.SH,20260522,20260528,4,,,2026-05-28T10:08:18
3309,903,1000285,000725.SZ,20260522,20260528,4,,,2026-05-28T10:08:18
3310,904,1000285,000012.SZ,20260522,20260528,4,,,2026-05-28T10:08:18
3311,905,1000285,688603.SH,20260522,20260528,4,,,2026-05-28T10:08:18
3315,906,1000286,600172.SH,20260522,20260528,4,,,2026-05-28T10:08:18
3322,907,1000287,002931.SZ,20260522,20260528,4,,,2026-05-28T10:08:18
3323,908,1000287,001225.SZ,20260522,20260528,4,,,2026-05-28T10:08:18
3330,909,1000288,002585.SZ,20260522,20260528,4,,,2026-05-28T10:08:19
3331,910,1000288,688020.SH,20260522,20260528,4,,,2026-05-28T10:08:19
3338,911,1000289,601179.SH,20260522,20260528,4,,,2026-05-28T10:08:19
3339,912,1000289,600406.SH,20260522,20260528,4,,,2026-05-28T10:08:19
3346,913,1000290,603000.SH,20260522,20260528,4,,,2026-05-28T10:08:19
3347,914,1000290,688023.SH,20260522,20260528,4,,,2026-05-28T10:08:19
3366,1037,1000333,000977.SZ,20260522,20260528,4,,,2026-05-28T10:08:20
3367,1038,1000333,688787.SH,20260522,20260528,4,,,2026-05-28T10:08:20
3368,1039,1000333,300476.SZ,20260522,20260528,4,,,2026-05-28T10:08:20
3369,1040,1000333,688256.SH,20260522,20260528,4,,,2026-05-28T10:08:20
3370,1041,1000333,002230.SZ,20260522,20260528,4,,,2026-05-28T10:08:20
3371,1043,1000333,301169.SZ,20260522,20260528,4,,,2026-05-28T10:08:20
3384,1044,1000334,002859.SZ,20260522,20260528,4,,,2026-05-28T10:08:20
3385,1045,1000334,000636.SZ,20260522,20260528,4,,,2026-05-28T10:08:20
3386,1046,1000334,300408.SZ,20260522,20260528,4,,,2026-05-28T10:08:20
3387,1047,1000334,300285.SZ,20260522,20260528,4,,,2026-05-28T10:08:20
3397,1049,1000335,300724.SZ,20260522,20260528,4,,,2026-05-28T10:08:20
3398,1050,1000335,688378.SH,20260522,20260528,4,,,2026-05-28T10:08:20
3399,1051,1000335,600586.SH,20260522,20260528,4,,,2026-05-28T10:08:20
3421,1052,1000336,601179.SH,20260522,20260528,4,,,2026-05-28T10:08:20
3422,1053,1000336,600312.SH,20260522,20260528,4,,,2026-05-28T10:08:20
3423,1054,1000336,000778.SZ,20260522,20260528,4,,,2026-05-28T10:08:20
3424,1055,1000336,600406.SH,20260522,20260528,4,,,2026-05-28T10:08:20
3425,1056,1000336,603881.SH,20260522,20260528,4,,,2026-05-28T10:08:20
3426,1057,1000336,300383.SZ,20260522,20260528,4,,,2026-05-28T10:08:20
3427,1058,1000336,002372.SZ,20260522,20260528,4,,,2026-05-28T10:08:20
3443,1059,1000337,601727.SH,20260522,20260528,4,,,2026-05-28T10:08:20
3444,1060,1000337,688122.SH,20260522,20260528,4,,,2026-05-28T10:08:20
3445,1061,1000337,000969.SZ,20260522,20260528,4,,,2026-05-28T10:08:20
3446,1062,1000337,600105.SH,20260522,20260528,4,,,2026-05-28T10:08:20
3447,1063,1000337,600363.SH,20260522,20260528,4,,,2026-05-28T10:08:20
3457,1065,1000338,002600.SZ,20260522,20260528,4,,,2026-05-28T10:08:20
3458,1066,1000338,002488.SZ,20260522,20260528,4,,,2026-05-28T10:08:20
3459,1067,1000338,688017.SH,20260522,20260528,4,,,2026-05-28T10:08:20
3469,1068,1000339,300750.SZ,20260522,20260528,4,,,2026-05-28T10:08:21
3470,1069,1000339,688707.SH,20260522,20260528,4,,,2026-05-28T10:08:21
3471,1070,1000339,688005.SH,20260522,20260528,4,,,2026-05-28T10:08:21
3481,1071,1000340,688082.SH,20260522,20260528,4,,,2026-05-28T10:08:21
3482,1072,1000340,688019.SH,20260522,20260528,4,,,2026-05-28T10:08:21
3483,1073,1000340,688037.SH,20260522,20260528,4,,,2026-05-28T10:08:21
3487,1074,1000341,600893.SH,20260522,20260528,4,,,2026-05-28T10:08:21
3500,1076,1000346,688787.SH,20260522,20260528,4,,,2026-05-28T10:08:22
3501,1078,1000346,603019.SH,20260522,20260528,4,,,2026-05-28T10:08:22
3502,1079,1000346,000977.SZ,20260522,20260528,4,,,2026-05-28T10:08:22
3503,1081,1000346,688551.SH,20260522,20260528,4,,,2026-05-28T10:08:22
3510,1082,1000347,002901.SZ,20260522,20260528,4,,,2026-05-28T10:08:22
3511,1084,1000347,300653.SZ,20260522,20260528,4,,,2026-05-28T10:08:22
3527,1085,1000348,000400.SZ,20260522,20260528,4,,,2026-05-28T10:08:22
3528,1086,1000348,600089.SH,20260522,20260528,4,,,2026-05-28T10:08:22
3529,1087,1000348,600031.SH,20260522,20260528,4,,,2026-05-28T10:08:22
3530,1088,1000348,601100.SH,20260522,20260528,4,,,2026-05-28T10:08:22
3531,1089,1000348,600283.SH,20260522,20260528,4,,,2026-05-28T10:08:22
3541,1090,1000349,688082.SH,20260522,20260528,4,,,2026-05-28T10:08:22
3542,1091,1000349,002371.SZ,20260522,20260528,4,,,2026-05-28T10:08:22
3543,1092,1000349,688019.SH,20260522,20260528,4,,,2026-05-28T10:08:22
3553,1093,1000350,002600.SZ,20260522,20260528,4,,,2026-05-28T10:08:22
3554,1094,1000350,002050.SZ,20260522,20260528,4,,,2026-05-28T10:08:22
3555,1095,1000350,601689.SH,20260522,20260528,4,,,2026-05-28T10:08:22
3568,1096,1000351,601727.SH,20260522,20260528,4,,,2026-05-28T10:08:23
3569,1097,1000351,000969.SZ,20260522,20260528,4,,,2026-05-28T10:08:23
3570,1098,1000351,688122.SH,20260522,20260528,4,,,2026-05-28T10:08:23
3571,1099,1000351,600105.SH,20260522,20260528,4,,,2026-05-28T10:08:23
3578,1100,1000353,002353.SZ,20260522,20260528,4,,,2026-05-28T10:08:23
3579,1101,1000353,000852.SZ,20260522,20260528,4,,,2026-05-28T10:08:23
3595,1102,1000357,000636.SZ,20260522,20260528,4,,,2026-05-28T10:08:24
3596,1103,1000357,300408.SZ,20260522,20260528,4,,,2026-05-28T10:08:24
3597,1104,1000357,300285.SZ,20260522,20260528,4,,,2026-05-28T10:08:24
3598,1105,1000357,002859.SZ,20260522,20260528,4,,,2026-05-28T10:08:24
3599,1106,1000357,605376.SH,20260522,20260528,4,,,2026-05-28T10:08:24
3621,1107,1000358,002938.SZ,20260522,20260528,4,,,2026-05-28T10:08:24
3622,1108,1000358,002463.SZ,20260522,20260528,4,,,2026-05-28T10:08:24
3623,1109,1000358,002916.SZ,20260522,20260528,4,,,2026-05-28T10:08:24
3624,1110,1000358,603228.SH,20260522,20260528,4,,,2026-05-28T10:08:24
3625,1111,1000358,000657.SZ,20260522,20260528,4,,,2026-05-28T10:08:24
3626,1112,1000358,000630.SZ,20260522,20260528,4,,,2026-05-28T10:08:24
3627,1113,1000358,301377.SZ,20260522,20260528,4,,,2026-05-28T10:08:24
3637,1114,1000359,000725.SZ,20260522,20260528,4,,,2026-05-28T10:08:24
3638,1115,1000359,000012.SZ,20260522,20260528,4,,,2026-05-28T10:08:24
3639,1116,1000359,688603.SH,20260522,20260528,4,,,2026-05-28T10:08:24
3655,1117,1000360,300308.SZ,20260522,20260528,4,,,2026-05-28T10:08:24
3656,1118,1000360,002281.SZ,20260522,20260528,4,,,2026-05-28T10:08:24
3657,1119,1000360,688498.SH,20260522,20260528,4,,,2026-05-28T10:08:24
3658,1120,1000360,300394.SZ,20260522,20260528,4,,,2026-05-28T10:08:24
3659,1121,1000360,300502.SZ,20260522,20260528,4,,,2026-05-28T10:08:24
3666,1122,1000361,600172.SH,20260522,20260528,4,,,2026-05-28T10:08:24
3667,1123,1000361,605580.SH,20260522,20260528,4,,,2026-05-28T10:08:24
3683,1124,1000362,603661.SH,20260522,20260528,4,,,2026-05-28T10:08:24
3684,1125,1000362,002931.SZ,20260522,20260528,4,,,2026-05-28T10:08:24
3685,1126,1000362,002050.SZ,20260522,20260528,4,,,2026-05-28T10:08:24
3686,1127,1000362,688017.SH,20260522,20260528,4,,,2026-05-28T10:08:24
3687,1128,1000362,603728.SH,20260522,20260528,4,,,2026-05-28T10:08:24
3694,1129,1000363,002475.SZ,20260522,20260528,4,,,2026-05-28T10:08:25
3695,1130,1000363,601137.SH,20260522,20260528,4,,,2026-05-28T10:08:25
3702,1131,1000364,603000.SH,20260522,20260528,4,,,2026-05-28T10:08:25
3703,1132,1000364,688787.SH,20260522,20260528,4,,,2026-05-28T10:08:25
3713,1134,1000365,601727.SH,20260522,20260528,4,,,2026-05-28T10:08:25
3714,1135,1000365,000969.SZ,20260522,20260528,4,,,2026-05-28T10:08:25
3715,1136,1000365,688122.SH,20260522,20260528,4,,,2026-05-28T10:08:25
3719,1138,1000366,300724.SZ,20260522,20260528,4,,,2026-05-28T10:08:25
3729,1139,1000367,002371.SZ,20260522,20260528,4,,,2026-05-28T10:08:25
3730,1140,1000367,688082.SH,20260522,20260528,4,,,2026-05-28T10:08:25
3731,1141,1000367,688012.SH,20260522,20260528,4,,,2026-05-28T10:08:25
3741,1142,1000368,002640.SZ,20260522,20260528,4,,,2026-05-28T10:08:26
3742,1143,1000368,002315.SZ,20260522,20260528,4,,,2026-05-28T10:08:26
3743,1144,1000368,600415.SH,20260522,20260528,4,,,2026-05-28T10:08:26
3759,1213,1000400,002859.SZ,20260522,20260528,4,,,2026-05-28T10:08:26
3760,1214,1000400,000636.SZ,20260522,20260528,4,,,2026-05-28T10:08:26
3761,1215,1000400,300408.SZ,20260522,20260528,4,,,2026-05-28T10:08:26
3762,1216,1000400,300285.SZ,20260522,20260528,4,,,2026-05-28T10:08:26
3763,1217,1000400,605376.SH,20260522,20260528,4,,,2026-05-28T10:08:26
3779,1218,1000401,301377.SZ,20260522,20260528,4,,,2026-05-28T10:08:26
3780,1219,1000401,002938.SZ,20260522,20260528,4,,,2026-05-28T10:08:26
3781,1220,1000401,002463.SZ,20260522,20260528,4,,,2026-05-28T10:08:26
3782,1221,1000401,002916.SZ,20260522,20260528,4,,,2026-05-28T10:08:26
3783,1222,1000401,301176.SZ,20260522,20260528,4,,,2026-05-28T10:08:26
3799,1223,1000402,300162.SZ,20260522,20260528,4,,,2026-05-28T10:08:27
3800,1224,1000402,603773.SH,20260522,20260528,4,,,2026-05-28T10:08:27
3801,1225,1000402,688603.SH,20260522,20260528,4,,,2026-05-28T10:08:27
3802,1226,1000402,688170.SH,20260522,20260528,4,,,2026-05-28T10:08:27
3803,1227,1000402,000725.SZ,20260522,20260528,4,,,2026-05-28T10:08:27
3819,1228,1000403,600172.SH,20260522,20260528,4,,,2026-05-28T10:08:27
3820,1229,1000403,300179.SZ,20260522,20260528,4,,,2026-05-28T10:08:27
3821,1230,1000403,688028.SH,20260522,20260528,4,,,2026-05-28T10:08:27
3822,1231,1000403,605580.SH,20260522,20260528,4,,,2026-05-28T10:08:27
3823,1232,1000403,000519.SZ,20260522,20260528,4,,,2026-05-28T10:08:27
3839,1233,1000404,000821.SZ,20260522,20260528,4,,,2026-05-28T10:08:27
3840,1234,1000404,300724.SZ,20260522,20260528,4,,,2026-05-28T10:08:27
3841,1235,1000404,300585.SZ,20260522,20260528,4,,,2026-05-28T10:08:27
3842,1236,1000404,688147.SH,20260522,20260528,4,,,2026-05-28T10:08:27
3843,1237,1000404,002514.SZ,20260522,20260528,4,,,2026-05-28T10:08:27
3859,1238,1000405,600893.SH,20260522,20260528,4,,,2026-05-28T10:08:27
3860,1239,1000405,600391.SH,20260522,20260528,4,,,2026-05-28T10:08:27
3861,1240,1000405,002085.SZ,20260522,20260528,4,,,2026-05-28T10:08:27
3862,1241,1000405,001696.SZ,20260522,20260528,4,,,2026-05-28T10:08:27
3863,1242,1000405,301005.SZ,20260522,20260528,4,,,2026-05-28T10:08:27
3873,1243,1000408,000636.SZ,20260522,20260528,4,,,2026-05-28T10:08:28
3874,1244,1000408,002859.SZ,20260522,20260528,4,,,2026-05-28T10:08:28
3875,1245,1000408,300408.SZ,20260522,20260528,4,,,2026-05-28T10:08:28
3891,1246,1000409,002463.SZ,20260522,20260528,4,,,2026-05-28T10:08:28
3892,1247,1000409,002916.SZ,20260522,20260528,4,,,2026-05-28T10:08:28
3893,1248,1000409,301377.SZ,20260522,20260528,4,,,2026-05-28T10:08:28
3894,1249,1000409,002938.SZ,20260522,20260528,4,,,2026-05-28T10:08:28
3895,1250,1000409,603228.SH,20260522,20260528,4,,,2026-05-28T10:08:28
3908,1251,1000410,000725.SZ,20260522,20260528,4,,,2026-05-28T10:08:28
3909,1252,1000410,000012.SZ,20260522,20260528,4,,,2026-05-28T10:08:28
3910,1253,1000410,688603.SH,20260522,20260528,4,,,2026-05-28T10:08:28
3911,1254,1000410,688020.SH,20260522,20260528,4,,,2026-05-28T10:08:28
3918,1255,1000411,600172.SH,20260522,20260528,4,,,2026-05-28T10:08:28
3919,1256,1000411,605580.SH,20260522,20260528,4,,,2026-05-28T10:08:28
3923,1257,1000412,300750.SZ,20260522,20260528,4,,,2026-05-28T10:08:28
3933,1258,1000413,002931.SZ,20260522,20260528,4,,,2026-05-28T10:08:28
3934,1259,1000413,001225.SZ,20260522,20260528,4,,,2026-05-28T10:08:28
3935,1260,1000413,002488.SZ,20260522,20260528,4,,,2026-05-28T10:08:28
3939,1261,1000414,603232.SH,20260522,20260528,4,,,2026-05-28T10:08:29
3958,1262,1000418,002916.SZ,20260522,20260528,4,,,2026-05-28T10:08:29
3959,1263,1000418,300476.SZ,20260522,20260528,4,,,2026-05-28T10:08:29
3960,1264,1000418,002463.SZ,20260522,20260528,4,,,2026-05-28T10:08:29
3961,1265,1000418,002475.SZ,20260522,20260528,4,,,2026-05-28T10:08:29
3962,1266,1000418,300308.SZ,20260522,20260528,4,,,2026-05-28T10:08:29
3963,1267,1000418,300502.SZ,20260522,20260528,4,,,2026-05-28T10:08:29
3976,1268,1000419,000636.SZ,20260522,20260528,4,,,2026-05-28T10:08:30
3977,1269,1000419,300408.SZ,20260522,20260528,4,,,2026-05-28T10:08:30
3978,1270,1000419,002859.SZ,20260522,20260528,4,,,2026-05-28T10:08:30
3979,1271,1000419,300285.SZ,20260522,20260528,4,,,2026-05-28T10:08:30
3989,1272,1000420,000725.SZ,20260522,20260528,4,,,2026-05-28T10:08:30
3990,1273,1000420,000012.SZ,20260522,20260528,4,,,2026-05-28T10:08:30
3991,1274,1000420,688603.SH,20260522,20260528,4,,,2026-05-28T10:08:30
4001,1275,1000421,002931.SZ,20260522,20260528,4,,,2026-05-28T10:08:30
4002,1276,1000421,001225.SZ,20260522,20260528,4,,,2026-05-28T10:08:30
4003,1277,1000421,002600.SZ,20260522,20260528,4,,,2026-05-28T10:08:30
4007,1279,1000422,600172.SH,20260522,20260528,4,,,2026-05-28T10:08:30
4011,1280,1000423,002992.SZ,20260522,20260528,4,,,2026-05-28T10:08:30
4018,1281,1000424,601857.SH,20260522,20260528,4,,,2026-05-28T10:08:30
4019,1282,1000424,600028.SH,20260522,20260528,4,,,2026-05-28T10:08:30
4035,1284,1000426,000636.SZ,20260522,20260528,4,,,2026-05-28T10:08:31
4036,1285,1000426,300408.SZ,20260522,20260528,4,,,2026-05-28T10:08:31
4037,1286,1000426,002859.SZ,20260522,20260528,4,,,2026-05-28T10:08:31
4038,1287,1000426,300285.SZ,20260522,20260528,4,,,2026-05-28T10:08:31
4039,1288,1000426,002484.SZ,20260522,20260528,4,,,2026-05-28T10:08:31
4055,1289,1000427,002938.SZ,20260522,20260528,4,,,2026-05-28T10:08:31
4056,1290,1000427,002916.SZ,20260522,20260528,4,,,2026-05-28T10:08:31
4057,1291,1000427,002463.SZ,20260522,20260528,4,,,2026-05-28T10:08:31
4058,1292,1000427,603228.SH,20260522,20260528,4,,,2026-05-28T10:08:31
4059,1293,1000427,300476.SZ,20260522,20260528,4,,,2026-05-28T10:08:31
4075,1294,1000428,688082.SH,20260522,20260528,4,,,2026-05-28T10:08:31
4076,1295,1000428,002371.SZ,20260522,20260528,4,,,2026-05-28T10:08:31
4077,1296,1000428,688012.SH,20260522,20260528,4,,,2026-05-28T10:08:31
4078,1297,1000428,688019.SH,20260522,20260528,4,,,2026-05-28T10:08:31
4079,1298,1000428,688126.SH,20260522,20260528,4,,,2026-05-28T10:08:31
4095,1299,1000429,600406.SH,20260522,20260528,4,,,2026-05-28T10:08:31
4096,1300,1000429,600089.SH,20260522,20260528,4,,,2026-05-28T10:08:31
4097,1301,1000429,000400.SZ,20260522,20260528,4,,,2026-05-28T10:08:31
4098,1302,1000429,600312.SH,20260522,20260528,4,,,2026-05-28T10:08:31
4099,1303,1000429,601179.SH,20260522,20260528,4,,,2026-05-28T10:08:31
4115,1304,1000430,300124.SZ,20260522,20260528,4,,,2026-05-28T10:08:31
4116,1305,1000430,688017.SH,20260522,20260528,4,,,2026-05-28T10:08:31
4117,1306,1000430,002747.SZ,20260522,20260528,4,,,2026-05-28T10:08:31
4118,1307,1000430,002472.SZ,20260522,20260528,4,,,2026-05-28T10:08:31
4119,1308,1000430,601689.SH,20260522,20260528,4,,,2026-05-28T10:08:31
4135,1309,1000431,600276.SH,20260522,20260528,4,,,2026-05-28T10:08:32
4136,1310,1000431,688235.SH,20260522,20260528,4,,,2026-05-28T10:08:32
4137,1311,1000431,300760.SZ,20260522,20260528,4,,,2026-05-28T10:08:32
4138,1312,1000431,688271.SH,20260522,20260528,4,,,2026-05-28T10:08:32
4139,1313,1000431,603259.SH,20260522,20260528,4,,,2026-05-28T10:08:32
4143,1314,1000437,000636.SZ,20260522,20260528,4,,,2026-05-28T10:08:33
4147,1315,1000438,002938.SZ,20260522,20260528,4,,,2026-05-28T10:08:33
4157,1316,1000439,000725.SZ,20260522,20260528,4,,,2026-05-28T10:08:33
4158,1317,1000439,000012.SZ,20260522,20260528,4,,,2026-05-28T10:08:33
4159,1318,1000439,688100.SH,20260522,20260528,4,,,2026-05-28T10:08:33
4163,1319,1000440,600172.SH,20260522,20260528,4,,,2026-05-28T10:08:33
4179,1320,1000443,000636.SZ,20260522,20260528,4,,,2026-05-28T10:08:34
4180,1321,1000443,300408.SZ,20260522,20260528,4,,,2026-05-28T10:08:34
4181,1322,1000443,002859.SZ,20260522,20260528,4,,,2026-05-28T10:08:34
4182,1323,1000443,300285.SZ,20260522,20260528,4,,,2026-05-28T10:08:34
4183,1324,1000443,002975.SZ,20260522,20260528,4,,,2026-05-28T10:08:34
4208,1325,1000444,002938.SZ,20260522,20260528,4,,,2026-05-28T10:08:34
4209,1326,1000444,002463.SZ,20260522,20260528,4,,,2026-05-28T10:08:34
4210,1327,1000444,002916.SZ,20260522,20260528,4,,,2026-05-28T10:08:34
4211,1328,1000444,603228.SH,20260522,20260528,4,,,2026-05-28T10:08:34
4212,1329,1000444,000657.SZ,20260522,20260528,4,,,2026-05-28T10:08:34
4213,1330,1000444,301377.SZ,20260522,20260528,4,,,2026-05-28T10:08:34
4214,1331,1000444,002859.SZ,20260522,20260528,4,,,2026-05-28T10:08:34
4215,1332,1000444,688020.SH,20260522,20260528,4,,,2026-05-28T10:08:34
4219,1335,1000445,688603.SH,20260522,20260528,4,,,2026-05-28T10:08:34
4226,1336,1000446,688020.SH,20260522,20260528,4,,,2026-05-28T10:08:34
4227,1337,1000446,002585.SZ,20260522,20260528,4,,,2026-05-28T10:08:34
4234,1338,1000447,600172.SH,20260522,20260528,4,,,2026-05-28T10:08:34
4235,1339,1000447,605580.SH,20260522,20260528,4,,,2026-05-28T10:08:34
4245,1340,1000448,002931.SZ,20260522,20260528,4,,,2026-05-28T10:08:34
4246,1341,1000448,001225.SZ,20260522,20260528,4,,,2026-05-28T10:08:34
4247,1342,1000448,002600.SZ,20260522,20260528,4,,,2026-05-28T10:08:34
4254,1343,1000449,002475.SZ,20260522,20260528,4,,,2026-05-28T10:08:35
4255,1344,1000449,688629.SH,20260522,20260528,4,,,2026-05-28T10:08:35
4262,1345,1000450,603232.SH,20260522,20260528,4,,,2026-05-28T10:08:35
4263,1346,1000450,688027.SH,20260522,20260528,4,,,2026-05-28T10:08:35
4270,1347,1000451,688147.SH,20260522,20260528,4,,,2026-05-28T10:08:35
4271,1348,1000451,688025.SH,20260522,20260528,4,,,2026-05-28T10:08:35
4290,1350,1000452,601727.SH,20260522,20260528,4,,,2026-05-28T10:08:35
4291,1351,1000452,601611.SH,20260522,20260528,4,,,2026-05-28T10:08:35
4292,1352,1000452,600312.SH,20260522,20260528,4,,,2026-05-28T10:08:35
4293,1353,1000452,300069.SZ,20260522,20260528,4,,,2026-05-28T10:08:35
4294,1354,1000452,000969.SZ,20260522,20260528,4,,,2026-05-28T10:08:35
4295,1355,1000452,688122.SH,20260522,20260528,4,,,2026-05-28T10:08:35
4305,1356,1000453,601111.SH,20260522,20260528,4,,,2026-05-28T10:08:35
4306,1357,1000453,002493.SZ,20260522,20260528,4,,,2026-05-28T10:08:35
4307,1358,1000453,600346.SH,20260522,20260528,4,,,2026-05-28T10:08:35
4317,1359,1000454,002866.SZ,20260522,20260528,4,,,2026-05-28T10:08:36
4318,1360,1000454,600152.SH,20260522,20260528,4,,,2026-05-28T10:08:36
4319,1361,1000454,300758.SZ,20260522,20260528,4,,,2026-05-28T10:08:36
4329,1362,1000455,002457.SZ,20260522,20260528,4,,,2026-05-28T10:08:36
4330,1363,1000455,603616.SH,20260522,20260528,4,,,2026-05-28T10:08:36
4331,1364,1000455,000778.SZ,20260522,20260528,4,,,2026-05-28T10:08:36
4356,1365,1000459,002916.SZ,20260522,20260528,4,,,2026-05-28T10:08:36
4357,1366,1000459,002463.SZ,20260522,20260528,4,,,2026-05-28T10:08:36
4358,1367,1000459,000636.SZ,20260522,20260528,4,,,2026-05-28T10:08:36
4359,1368,1000459,002859.SZ,20260522,20260528,4,,,2026-05-28T10:08:36
4360,1369,1000459,300408.SZ,20260522,20260528,4,,,2026-05-28T10:08:36
4361,1370,1000459,301377.SZ,20260522,20260528,4,,,2026-05-28T10:08:36
4362,1371,1000459,603228.SH,20260522,20260528,4,,,2026-05-28T10:08:36
4363,1372,1000459,002938.SZ,20260522,20260528,4,,,2026-05-28T10:08:36
4379,1373,1000460,000725.SZ,20260522,20260528,4,,,2026-05-28T10:08:37
4380,1374,1000460,000012.SZ,20260522,20260528,4,,,2026-05-28T10:08:37
4381,1375,1000460,688603.SH,20260522,20260528,4,,,2026-05-28T10:08:37
4382,1376,1000460,688020.SH,20260522,20260528,4,,,2026-05-28T10:08:37
4383,1377,1000460,002585.SZ,20260522,20260528,4,,,2026-05-28T10:08:37
4408,1378,1000461,300394.SZ,20260522,20260528,4,,,2026-05-28T10:08:37
4409,1379,1000461,300308.SZ,20260522,20260528,4,,,2026-05-28T10:08:37
4410,1380,1000461,002281.SZ,20260522,20260528,4,,,2026-05-28T10:08:37
4411,1381,1000461,002475.SZ,20260522,20260528,4,,,2026-05-28T10:08:37
4412,1382,1000461,002130.SZ,20260522,20260528,4,,,2026-05-28T10:08:37
4413,1383,1000461,300563.SZ,20260522,20260528,4,,,2026-05-28T10:08:37
4414,1384,1000461,000657.SZ,20260522,20260528,4,,,2026-05-28T10:08:37
4415,1385,1000461,000630.SZ,20260522,20260528,4,,,2026-05-28T10:08:37
4437,1386,1000462,300075.SZ,20260522,20260528,4,,,2026-05-28T10:08:37
4438,1387,1000462,000032.SZ,20260522,20260528,4,,,2026-05-28T10:08:37
4439,1388,1000462,300212.SZ,20260522,20260528,4,,,2026-05-28T10:08:37
4440,1389,1000462,002368.SZ,20260522,20260528,4,,,2026-05-28T10:08:37
4441,1390,1000462,300226.SZ,20260522,20260528,4,,,2026-05-28T10:08:37
4442,1391,1000462,603888.SH,20260522,20260528,4,,,2026-05-28T10:08:37
4443,1392,1000462,603000.SH,20260522,20260528,4,,,2026-05-28T10:08:37
4462,1393,1000463,688020.SH,20260522,20260528,4,,,2026-05-28T10:08:37
4463,1394,1000463,002585.SZ,20260522,20260528,4,,,2026-05-28T10:08:37
4464,1395,1000463,600719.SH,20260522,20260528,4,,,2026-05-28T10:08:37
4465,1396,1000463,688700.SH,20260522,20260528,4,,,2026-05-28T10:08:37
4466,1397,1000463,688392.SH,20260522,20260528,4,,,2026-05-28T10:08:37
4467,1398,1000463,601208.SH,20260522,20260528,4,,,2026-05-28T10:08:37
4483,1399,1000464,600172.SH,20260522,20260528,4,,,2026-05-28T10:08:37
4484,1400,1000464,605580.SH,20260522,20260528,4,,,2026-05-28T10:08:37
4485,1401,1000464,301071.SZ,20260522,20260528,4,,,2026-05-28T10:08:37
4486,1402,1000464,002046.SZ,20260522,20260528,4,,,2026-05-28T10:08:37
4487,1403,1000464,300179.SZ,20260522,20260528,4,,,2026-05-28T10:08:37
4506,1404,1000465,002931.SZ,20260522,20260528,4,,,2026-05-28T10:08:37
4507,1405,1000465,002488.SZ,20260522,20260528,4,,,2026-05-28T10:08:37
4508,1406,1000465,688017.SH,20260522,20260528,4,,,2026-05-28T10:08:37
4509,1407,1000465,603728.SH,20260522,20260528,4,,,2026-05-28T10:08:37
4510,1408,1000465,300660.SZ,20260522,20260528,4,,,2026-05-28T10:08:37
4511,1409,1000465,603662.SH,20260522,20260528,4,,,2026-05-28T10:08:37
4518,1410,1000466,600893.SH,20260522,20260528,4,,,2026-05-28T10:08:38
4519,1411,1000466,603308.SH,20260522,20260528,4,,,2026-05-28T10:08:38
4529,1412,1000468,002132.SZ,20260522,20260528,4,,,2026-05-28T10:08:38
4530,1413,1000468,300751.SZ,20260522,20260528,4,,,2026-05-28T10:08:38
4531,1414,1000468,002801.SZ,20260522,20260528,4,,,2026-05-28T10:08:38
4541,1415,1000469,688787.SH,20260522,20260528,4,,,2026-05-28T10:08:38
4542,1416,1000469,300364.SZ,20260522,20260528,4,,,2026-05-28T10:08:38
4543,1417,1000469,601858.SH,20260522,20260528,4,,,2026-05-28T10:08:38
4550,1418,1000472,002859.SZ,20260522,20260528,4,,,2026-05-28T10:08:39
4551,1419,1000472,000636.SZ,20260522,20260528,4,,,2026-05-28T10:08:39
4567,1420,1000473,000657.SZ,20260522,20260528,4,,,2026-05-28T10:08:39
4568,1421,1000473,000630.SZ,20260522,20260528,4,,,2026-05-28T10:08:39
4569,1422,1000473,301377.SZ,20260522,20260528,4,,,2026-05-28T10:08:39
4570,1423,1000473,002916.SZ,20260522,20260528,4,,,2026-05-28T10:08:39
4571,1424,1000473,002463.SZ,20260522,20260528,4,,,2026-05-28T10:08:39
4575,1425,1000476,000725.SZ,20260522,20260528,4,,,2026-05-28T10:08:39
4591,1426,1000479,000636.SZ,20260522,20260528,4,,,2026-05-28T10:08:40
4592,1427,1000479,000657.SZ,20260522,20260528,4,,,2026-05-28T10:08:40
4593,1428,1000479,301377.SZ,20260522,20260528,4,,,2026-05-28T10:08:40
4594,1429,1000479,002938.SZ,20260522,20260528,4,,,2026-05-28T10:08:40
4595,1430,1000479,002859.SZ,20260522,20260528,4,,,2026-05-28T10:08:40
4602,1431,1000480,000725.SZ,20260522,20260528,4,,,2026-05-28T10:08:40
4603,1433,1000480,688603.SH,20260522,20260528,4,,,2026-05-28T10:08:40
4610,1434,1000481,000636.SZ,20260522,20260528,4,,,2026-05-28T10:08:40
4611,1435,1000481,002859.SZ,20260522,20260528,4,,,2026-05-28T10:08:40
4615,1436,1000482,603232.SH,20260522,20260528,4,,,2026-05-28T10:08:40
4619,1437,1000483,600172.SH,20260522,20260528,4,,,2026-05-28T10:08:41
4635,1438,1000486,002938.SZ,20260522,20260528,4,,,2026-05-28T10:08:41
4636,1439,1000486,000636.SZ,20260522,20260528,4,,,2026-05-28T10:08:41
4637,1440,1000486,002463.SZ,20260522,20260528,4,,,2026-05-28T10:08:41
4638,1441,1000486,002916.SZ,20260522,20260528,4,,,2026-05-28T10:08:41
4639,1442,1000486,688008.SH,20260522,20260528,4,,,2026-05-28T10:08:41
4655,1443,1000487,002931.SZ,20260522,20260528,4,,,2026-05-28T10:08:41
4656,1444,1000487,600172.SH,20260522,20260528,4,,,2026-05-28T10:08:41
4657,1445,1000487,002600.SZ,20260522,20260528,4,,,2026-05-28T10:08:41
4658,1446,1000487,002488.SZ,20260522,20260528,4,,,2026-05-28T10:08:41
4659,1447,1000487,001225.SZ,20260522,20260528,4,,,2026-05-28T10:08:41
4672,1448,1000488,300750.SZ,20260522,20260528,4,,,2026-05-28T10:08:41
4673,1449,1000488,600363.SH,20260522,20260528,4,,,2026-05-28T10:08:41
4674,1450,1000488,600309.SH,20260522,20260528,4,,,2026-05-28T10:08:41
4675,1451,1000488,002866.SZ,20260522,20260528,4,,,2026-05-28T10:08:41
4691,1452,1000489,601727.SH,20260522,20260528,4,,,2026-05-28T10:08:42
4692,1453,1000489,600406.SH,20260522,20260528,4,,,2026-05-28T10:08:42
4693,1454,1000489,601179.SH,20260522,20260528,4,,,2026-05-28T10:08:42
4694,1455,1000489,600905.SH,20260522,20260528,4,,,2026-05-28T10:08:42
4695,1456,1000489,300682.SZ,20260522,20260528,4,,,2026-05-28T10:08:42
4711,1457,1000490,600276.SH,20260522,20260528,4,,,2026-05-28T10:08:42
4712,1458,1000490,002294.SZ,20260522,20260528,4,,,2026-05-28T10:08:42
4713,1459,1000490,000963.SZ,20260522,20260528,4,,,2026-05-28T10:08:42
4714,1460,1000490,300760.SZ,20260522,20260528,4,,,2026-05-28T10:08:42
4715,1461,1000490,000518.SZ,20260522,20260528,4,,,2026-05-28T10:08:42
4731,1462,1000491,002353.SZ,20260522,20260528,4,,,2026-05-28T10:08:42
4732,1463,1000491,601808.SH,20260522,20260528,4,,,2026-05-28T10:08:42
4733,1464,1000491,603619.SH,20260522,20260528,4,,,2026-05-28T10:08:42
4734,1465,1000491,600028.SH,20260522,20260528,4,,,2026-05-28T10:08:42
4735,1466,1000491,000852.SZ,20260522,20260528,4,,,2026-05-28T10:08:42
4751,1467,1000492,600893.SH,20260522,20260528,4,,,2026-05-28T10:08:42
4752,1468,1000492,600760.SH,20260522,20260528,4,,,2026-05-28T10:08:42
4753,1469,1000492,002025.SZ,20260522,20260528,4,,,2026-05-28T10:08:42
4754,1470,1000492,688102.SH,20260522,20260528,4,,,2026-05-28T10:08:42
4755,1471,1000492,300069.SZ,20260522,20260528,4,,,2026-05-28T10:08:42
4768,1472,1000493,002457.SZ,20260522,20260528,4,,,2026-05-28T10:08:42
4769,1473,1000493,600283.SH,20260522,20260528,4,,,2026-05-28T10:08:42
4770,1474,1000493,000778.SZ,20260522,20260528,4,,,2026-05-28T10:08:42
4771,1475,1000493,601669.SH,20260522,20260528,4,,,2026-05-28T10:08:42
4781,1476,1000494,603000.SH,20260522,20260528,4,,,2026-05-28T10:08:42
4782,1478,1000494,688787.SH,20260522,20260528,4,,,2026-05-28T10:08:42
4783,1479,1000494,002152.SZ,20260522,20260528,4,,,2026-05-28T10:08:42
4796,1480,1000495,000725.SZ,20260522,20260528,4,,,2026-05-28T10:08:43
4797,1481,1000495,000636.SZ,20260522,20260528,4,,,2026-05-28T10:08:43
4798,1482,1000495,300408.SZ,20260522,20260528,4,,,2026-05-28T10:08:43
4799,1483,1000495,002859.SZ,20260522,20260528,4,,,2026-05-28T10:08:43
4818,1145,1000372,603936.SH,20260525,20260528,3,,,2026-05-28T10:08:43
4819,1146,1000372,002185.SZ,20260525,20260528,3,,,2026-05-28T10:08:43
4820,1147,1000372,600584.SH,20260525,20260528,3,,,2026-05-28T10:08:43
4821,1148,1000372,002156.SZ,20260525,20260528,3,,,2026-05-28T10:08:43
4822,1149,1000372,688981.SH,20260525,20260528,3,,,2026-05-28T10:08:43
4823,1150,1000372,688072.SH,20260525,20260528,3,,,2026-05-28T10:08:43
4824,1151,1000372,688082.SH,20260525,20260528,3,,,2026-05-28T10:08:43
4825,1152,1000372,301269.SZ,20260525,20260528,3,,,2026-05-28T10:08:43
4826,1153,1000372,300776.SZ,20260525,20260528,3,,,2026-05-28T10:08:43
4829,1154,1000373,688110.SH,20260525,20260528,3,,,2026-05-28T10:08:43
4834,1155,1000374,301269.SZ,20260525,20260528,3,,,2026-05-28T10:08:43
4835,1156,1000374,688981.SH,20260525,20260528,3,,,2026-05-28T10:08:43
4844,1157,1000375,600584.SH,20260525,20260528,3,,,2026-05-28T10:08:43
4845,1158,1000375,603936.SH,20260525,20260528,3,,,2026-05-28T10:08:43
4846,1159,1000375,002938.SZ,20260525,20260528,3,,,2026-05-28T10:08:43
4847,1160,1000375,300776.SZ,20260525,20260528,3,,,2026-05-28T10:08:43
4852,1161,1000377,688261.SH,20260525,20260528,3,,,2026-05-28T10:08:43
4853,1162,1000377,300593.SZ,20260525,20260528,3,,,2026-05-28T10:08:43
4860,1163,1000378,002938.SZ,20260525,20260528,3,,,2026-05-28T10:08:43
4861,1164,1000378,603936.SH,20260525,20260528,3,,,2026-05-28T10:08:43
4862,1165,1000378,300776.SZ,20260525,20260528,3,,,2026-05-28T10:08:43
4865,1166,1000379,000636.SZ,20260525,20260528,3,,,2026-05-28T10:08:44
4868,1167,1000380,603661.SH,20260525,20260528,3,,,2026-05-28T10:08:44
4875,1168,1000381,601600.SH,20260525,20260528,3,,,2026-05-28T10:08:44
4876,1169,1000381,000807.SZ,20260525,20260528,3,,,2026-05-28T10:08:44
4877,1170,1000381,600219.SH,20260525,20260528,3,,,2026-05-28T10:08:44
4882,1171,1000382,600503.SH,20260525,20260528,3,,,2026-05-28T10:08:44
4883,1172,1000382,600539.SH,20260525,20260528,3,,,2026-05-28T10:08:44
4886,1173,1000385,603661.SH,20260525,20260528,3,,,2026-05-28T10:08:44
4887,1484,1000496,002156.SZ,20260525,20260526,1,8.0396,1,2026-05-28T10:08:45
4888,1485,1000496,603936.SH,20260525,20260526,1,5.5936,1,2026-05-28T10:08:45
4889,1486,1000496,688072.SH,20260525,20260526,1,4.0222,1,2026-05-28T10:08:45
4890,1487,1000496,688082.SH,20260525,20260526,1,2.3825,0,2026-05-28T10:08:45
4891,1488,1000496,300776.SZ,20260525,20260526,1,-2.8246,0,2026-05-28T10:08:45
4892,1484,1000496,002156.SZ,20260525,20260527,2,-5.1333,0,2026-05-28T10:08:45
4893,1485,1000496,603936.SH,20260525,20260527,2,-8.0793,0,2026-05-28T10:08:45
4894,1486,1000496,688072.SH,20260525,20260527,2,-11.0667,0,2026-05-28T10:08:45
4895,1487,1000496,688082.SH,20260525,20260527,2,-6.2184,0,2026-05-28T10:08:45
4896,1488,1000496,300776.SZ,20260525,20260527,2,9.9678,1,2026-05-28T10:08:45
4897,1484,1000496,002156.SZ,20260525,20260528,3,,,2026-05-28T10:08:45
4898,1485,1000496,603936.SH,20260525,20260528,3,,,2026-05-28T10:08:45
4899,1486,1000496,688072.SH,20260525,20260528,3,,,2026-05-28T10:08:45
4900,1487,1000496,688082.SH,20260525,20260528,3,,,2026-05-28T10:08:45
4901,1488,1000496,300776.SZ,20260525,20260528,3,,,2026-05-28T10:08:45
4902,1489,1000497,300458.SZ,20260525,20260526,1,-1.9817,0,2026-05-28T10:08:45
4903,1490,1000497,688018.SH,20260525,20260526,1,-1.4293,0,2026-05-28T10:08:45
4904,1491,1000497,300496.SZ,20260525,20260526,1,3.3955,1,2026-05-28T10:08:45
4905,1492,1000497,688099.SH,20260525,20260526,1,-0.3271,0,2026-05-28T10:08:45
4906,1493,1000497,301269.SZ,20260525,20260526,1,7.9655,1,2026-05-28T10:08:45
4907,1489,1000497,300458.SZ,20260525,20260527,2,0.8247,0,2026-05-28T10:08:45
4908,1490,1000497,688018.SH,20260525,20260527,2,-1.2919,0,2026-05-28T10:08:45
4909,1491,1000497,300496.SZ,20260525,20260527,2,-1.2382,0,2026-05-28T10:08:45
4910,1492,1000497,688099.SH,20260525,20260527,2,1.6233,0,2026-05-28T10:08:45
4911,1493,1000497,301269.SZ,20260525,20260527,2,-5.6148,0,2026-05-28T10:08:45
4912,1489,1000497,300458.SZ,20260525,20260528,3,,,2026-05-28T10:08:45
4913,1490,1000497,688018.SH,20260525,20260528,3,,,2026-05-28T10:08:45
4914,1491,1000497,300496.SZ,20260525,20260528,3,,,2026-05-28T10:08:45
4915,1492,1000497,688099.SH,20260525,20260528,3,,,2026-05-28T10:08:45
4916,1493,1000497,301269.SZ,20260525,20260528,3,,,2026-05-28T10:08:45
4917,1494,1000498,300762.SZ,20260525,20260526,1,-5.8987,0,2026-05-28T10:08:45
4918,1495,1000498,600732.SH,20260525,20260526,1,1.9623,0,2026-05-28T10:08:45
4919,1496,1000498,002025.SZ,20260525,20260526,1,-4.1721,0,2026-05-28T10:08:45
4920,1497,1000498,600118.SH,20260525,20260526,1,-3.7568,0,2026-05-28T10:08:45
4921,1498,1000498,300342.SZ,20260525,20260526,1,-7.0901,0,2026-05-28T10:08:45
4922,1494,1000498,300762.SZ,20260525,20260527,2,-3.0806,0,2026-05-28T10:08:45
4923,1495,1000498,600732.SH,20260525,20260527,2,-3.4642,0,2026-05-28T10:08:45
4924,1496,1000498,002025.SZ,20260525,20260527,2,-5.4558,0,2026-05-28T10:08:45
4925,1497,1000498,600118.SH,20260525,20260527,2,-3.0045,0,2026-05-28T10:08:45
4926,1498,1000498,300342.SZ,20260525,20260527,2,1.5527,0,2026-05-28T10:08:45
4927,1494,1000498,300762.SZ,20260525,20260528,3,,,2026-05-28T10:08:45
4928,1495,1000498,600732.SH,20260525,20260528,3,,,2026-05-28T10:08:45
4929,1496,1000498,002025.SZ,20260525,20260528,3,,,2026-05-28T10:08:45
4930,1497,1000498,600118.SH,20260525,20260528,3,,,2026-05-28T10:08:45
4931,1498,1000498,300342.SZ,20260525,20260528,3,,,2026-05-28T10:08:45
4932,1499,1000499,002938.SZ,20260525,20260526,1,1.4696,0,2026-05-28T10:08:45
4933,1500,1000499,300548.SZ,20260525,20260526,1,-4.0122,0,2026-05-28T10:08:45
4934,1501,1000499,002851.SZ,20260525,20260526,1,4.2536,1,2026-05-28T10:08:45
4935,1502,1000499,002463.SZ,20260525,20260526,1,8.8298,1,2026-05-28T10:08:45
4936,1503,1000499,301205.SZ,20260525,20260526,1,-5.4776,0,2026-05-28T10:08:45
4937,1499,1000499,002938.SZ,20260525,20260527,2,-8.6983,0,2026-05-28T10:08:45
4938,1500,1000499,300548.SZ,20260525,20260527,2,-2.1895,0,2026-05-28T10:08:45
4939,1501,1000499,002851.SZ,20260525,20260527,2,-1.5436,0,2026-05-28T10:08:45
4940,1502,1000499,002463.SZ,20260525,20260527,2,-3.8017,0,2026-05-28T10:08:45
4941,1503,1000499,301205.SZ,20260525,20260527,2,-4.201,0,2026-05-28T10:08:45
4942,1499,1000499,002938.SZ,20260525,20260528,3,,,2026-05-28T10:08:45
4943,1500,1000499,300548.SZ,20260525,20260528,3,,,2026-05-28T10:08:45
4944,1501,1000499,002851.SZ,20260525,20260528,3,,,2026-05-28T10:08:45
4945,1502,1000499,002463.SZ,20260525,20260528,3,,,2026-05-28T10:08:45
4946,1503,1000499,301205.SZ,20260525,20260528,3,,,2026-05-28T10:08:45
4947,1504,1000500,600026.SH,20260525,20260526,1,-2.9707,0,2026-05-28T10:08:45
4948,1505,1000500,601975.SH,20260525,20260526,1,-4.3243,0,2026-05-28T10:08:45
4949,1506,1000500,600150.SH,20260525,20260526,1,2.0844,0,2026-05-28T10:08:45
4950,1507,1000500,300810.SZ,20260525,20260526,1,-3.6448,0,2026-05-28T10:08:45
4951,1508,1000500,603619.SH,20260525,20260526,1,-1.1228,0,2026-05-28T10:08:45
4952,1504,1000500,600026.SH,20260525,20260527,2,-4.3806,0,2026-05-28T10:08:45
4953,1505,1000500,601975.SH,20260525,20260527,2,-5.303,0,2026-05-28T10:08:45
4954,1506,1000500,600150.SH,20260525,20260527,2,-1.7317,0,2026-05-28T10:08:45
4955,1507,1000500,300810.SZ,20260525,20260527,2,-3.4388,0,2026-05-28T10:08:45
4956,1508,1000500,603619.SH,20260525,20260527,2,-4.5799,0,2026-05-28T10:08:45
4957,1504,1000500,600026.SH,20260525,20260528,3,,,2026-05-28T10:08:45
4958,1505,1000500,601975.SH,20260525,20260528,3,,,2026-05-28T10:08:45
4959,1506,1000500,600150.SH,20260525,20260528,3,,,2026-05-28T10:08:45
4960,1507,1000500,300810.SZ,20260525,20260528,3,,,2026-05-28T10:08:45
4961,1508,1000500,603619.SH,20260525,20260528,3,,,2026-05-28T10:08:45
4962,1509,1000501,300070.SZ,20260525,20260526,1,-1.6393,0,2026-05-28T10:08:45
4963,1510,1000501,300275.SZ,20260525,20260526,1,-8.8889,0,2026-05-28T10:08:45
4964,1511,1000501,688066.SH,20260525,20260526,1,-0.9139,0,2026-05-28T10:08:45
4965,1512,1000501,600297.SH,20260525,20260526,1,,,2026-05-28T10:08:45
4966,1513,1000501,603879.SH,20260525,20260526,1,-3.1136,0,2026-05-28T10:08:45
4967,1509,1000501,300070.SZ,20260525,20260527,2,-2.2222,0,2026-05-28T10:08:45
4968,1510,1000501,300275.SZ,20260525,20260527,2,-6.0038,0,2026-05-28T10:08:45
4969,1511,1000501,688066.SH,20260525,20260527,2,-1.691,0,2026-05-28T10:08:45
4970,1512,1000501,600297.SH,20260525,20260527,2,,,2026-05-28T10:08:45
4971,1513,1000501,603879.SH,20260525,20260527,2,-1.5123,0,2026-05-28T10:08:45
4972,1509,1000501,300070.SZ,20260525,20260528,3,,,2026-05-28T10:08:45
4973,1510,1000501,300275.SZ,20260525,20260528,3,,,2026-05-28T10:08:45
4974,1511,1000501,688066.SH,20260525,20260528,3,,,2026-05-28T10:08:45
4975,1512,1000501,600297.SH,20260525,20260528,3,,,2026-05-28T10:08:45
4976,1513,1000501,603879.SH,20260525,20260528,3,,,2026-05-28T10:08:45
4977,1514,1000502,603936.SH,20260525,20260526,1,5.5936,1,2026-05-28T10:08:45
4978,1515,1000502,002156.SZ,20260525,20260526,1,8.0396,1,2026-05-28T10:08:45
4979,1516,1000502,002185.SZ,20260525,20260526,1,10.0177,1,2026-05-28T10:08:45
4980,1517,1000502,600584.SH,20260525,20260526,1,10.0037,1,2026-05-28T10:08:45
4981,1518,1000502,688981.SH,20260525,20260526,1,-4.3718,0,2026-05-28T10:08:45
4982,1514,1000502,603936.SH,20260525,20260527,2,-8.0793,0,2026-05-28T10:08:45
4983,1515,1000502,002156.SZ,20260525,20260527,2,-5.1333,0,2026-05-28T10:08:45
4984,1516,1000502,002185.SZ,20260525,20260527,2,7.9272,1,2026-05-28T10:08:45
4985,1517,1000502,600584.SH,20260525,20260527,2,-2.3018,0,2026-05-28T10:08:45
4986,1518,1000502,688981.SH,20260525,20260527,2,-1.9842,0,2026-05-28T10:08:45
4987,1514,1000502,603936.SH,20260525,20260528,3,,,2026-05-28T10:08:45
4988,1515,1000502,002156.SZ,20260525,20260528,3,,,2026-05-28T10:08:45
4989,1516,1000502,002185.SZ,20260525,20260528,3,,,2026-05-28T10:08:45
4990,1517,1000502,600584.SH,20260525,20260528,3,,,2026-05-28T10:08:45
4991,1518,1000502,688981.SH,20260525,20260528,3,,,2026-05-28T10:08:45
4992,1519,1000503,600539.SH,20260525,20260526,1,-1.1016,0,2026-05-28T10:08:45
4993,1520,1000503,600503.SH,20260525,20260526,1,-2.0979,0,2026-05-28T10:08:45
4994,1521,1000503,000409.SZ,20260525,20260526,1,-0.8563,0,2026-05-28T10:08:45
4995,1522,1000503,002938.SZ,20260525,20260526,1,1.4696,0,2026-05-28T10:08:45
4996,1519,1000503,600539.SH,20260525,20260527,2,0.6188,0,2026-05-28T10:08:46
4997,1520,1000503,600503.SH,20260525,20260527,2,-2.5,0,2026-05-28T10:08:46
4998,1521,1000503,000409.SZ,20260525,20260527,2,-4.4146,0,2026-05-28T10:08:46
4999,1522,1000503,002938.SZ,20260525,20260527,2,-8.6983,0,2026-05-28T10:08:46
5000,1519,1000503,600539.SH,20260525,20260528,3,,,2026-05-28T10:08:46
5001,1520,1000503,600503.SH,20260525,20260528,3,,,2026-05-28T10:08:46
5002,1521,1000503,000409.SZ,20260525,20260528,3,,,2026-05-28T10:08:46
5003,1522,1000503,002938.SZ,20260525,20260528,3,,,2026-05-28T10:08:46
5004,1523,1000504,002938.SZ,20260525,20260526,1,1.4696,0,2026-05-28T10:08:46
5005,1523,1000504,002938.SZ,20260525,20260527,2,-8.6983,0,2026-05-28T10:08:46
5006,1523,1000504,002938.SZ,20260525,20260528,3,,,2026-05-28T10:08:46
5007,1524,1000509,688981.SH,20260525,20260526,1,-4.3718,0,2026-05-28T10:08:46
5008,1525,1000509,301269.SZ,20260525,20260526,1,7.9655,1,2026-05-28T10:08:46
5009,1526,1000509,002156.SZ,20260525,20260526,1,8.0396,1,2026-05-28T10:08:46
5010,1527,1000509,600584.SH,20260525,20260526,1,10.0037,1,2026-05-28T10:08:46
5011,1528,1000509,300054.SZ,20260525,20260526,1,3.3117,1,2026-05-28T10:08:46
5012,1524,1000509,688981.SH,20260525,20260527,2,-1.9842,0,2026-05-28T10:08:46
5013,1525,1000509,301269.SZ,20260525,20260527,2,-5.6148,0,2026-05-28T10:08:46
5014,1526,1000509,002156.SZ,20260525,20260527,2,-5.1333,0,2026-05-28T10:08:46
5015,1527,1000509,600584.SH,20260525,20260527,2,-2.3018,0,2026-05-28T10:08:46
5016,1528,1000509,300054.SZ,20260525,20260527,2,-7.731,0,2026-05-28T10:08:46
5017,1524,1000509,688981.SH,20260525,20260528,3,,,2026-05-28T10:08:46
5018,1525,1000509,301269.SZ,20260525,20260528,3,,,2026-05-28T10:08:46
5019,1526,1000509,002156.SZ,20260525,20260528,3,,,2026-05-28T10:08:46
5020,1527,1000509,600584.SH,20260525,20260528,3,,,2026-05-28T10:08:46
5021,1528,1000509,300054.SZ,20260525,20260528,3,,,2026-05-28T10:08:46
5022,1529,1000510,600406.SH,20260525,20260526,1,-2.9703,0,2026-05-28T10:08:46
5023,1530,1000510,600900.SH,20260525,20260526,1,1.7623,0,2026-05-28T10:08:46
5024,1531,1000510,601985.SH,20260525,20260526,1,0.0,0,2026-05-28T10:08:46
5025,1532,1000510,300274.SZ,20260525,20260526,1,7.0258,1,2026-05-28T10:08:46
5026,1533,1000510,600905.SH,20260525,20260526,1,-0.2427,0,2026-05-28T10:08:46
5027,1529,1000510,600406.SH,20260525,20260527,2,0.3532,0,2026-05-28T10:08:46
5028,1530,1000510,600900.SH,20260525,20260527,2,0.3685,0,2026-05-28T10:08:46
5029,1531,1000510,601985.SH,20260525,20260527,2,-0.3429,0,2026-05-28T10:08:46
5030,1532,1000510,300274.SZ,20260525,20260527,2,2.8493,0,2026-05-28T10:08:46
5031,1533,1000510,600905.SH,20260525,20260527,2,-0.7299,0,2026-05-28T10:08:46
5032,1529,1000510,600406.SH,20260525,20260528,3,,,2026-05-28T10:08:46
5033,1530,1000510,600900.SH,20260525,20260528,3,,,2026-05-28T10:08:46
5034,1531,1000510,601985.SH,20260525,20260528,3,,,2026-05-28T10:08:46
5035,1532,1000510,300274.SZ,20260525,20260528,3,,,2026-05-28T10:08:46
5036,1533,1000510,600905.SH,20260525,20260528,3,,,2026-05-28T10:08:46
5037,1534,1000511,002938.SZ,20260525,20260526,1,1.4696,0,2026-05-28T10:08:47
5038,1535,1000511,002463.SZ,20260525,20260526,1,8.8298,1,2026-05-28T10:08:47
5039,1536,1000511,002916.SZ,20260525,20260526,1,4.875,1,2026-05-28T10:08:47
5040,1537,1000511,002384.SZ,20260525,20260526,1,-2.2277,0,2026-05-28T10:08:47
5041,1538,1000511,300476.SZ,20260525,20260526,1,2.4641,0,2026-05-28T10:08:47
5042,1534,1000511,002938.SZ,20260525,20260527,2,-8.6983,0,2026-05-28T10:08:47
5043,1535,1000511,002463.SZ,20260525,20260527,2,-3.8017,0,2026-05-28T10:08:47
5044,1536,1000511,002916.SZ,20260525,20260527,2,-5.59,0,2026-05-28T10:08:47
5045,1537,1000511,002384.SZ,20260525,20260527,2,0.981,0,2026-05-28T10:08:47
5046,1538,1000511,300476.SZ,20260525,20260527,2,-3.4737,0,2026-05-28T10:08:47
5047,1534,1000511,002938.SZ,20260525,20260528,3,,,2026-05-28T10:08:47
5048,1535,1000511,002463.SZ,20260525,20260528,3,,,2026-05-28T10:08:47
5049,1536,1000511,002916.SZ,20260525,20260528,3,,,2026-05-28T10:08:47
5050,1537,1000511,002384.SZ,20260525,20260528,3,,,2026-05-28T10:08:47
5051,1538,1000511,300476.SZ,20260525,20260528,3,,,2026-05-28T10:08:47
5052,1539,1000512,300458.SZ,20260525,20260526,1,-1.9817,0,2026-05-28T10:08:47
5053,1540,1000512,688018.SH,20260525,20260526,1,-1.4293,0,2026-05-28T10:08:47
5054,1541,1000512,300496.SZ,20260525,20260526,1,3.3955,1,2026-05-28T10:08:47
5055,1542,1000512,688099.SH,20260525,20260526,1,-0.3271,0,2026-05-28T10:08:47
5056,1539,1000512,300458.SZ,20260525,20260527,2,0.8247,0,2026-05-28T10:08:47
5057,1540,1000512,688018.SH,20260525,20260527,2,-1.2919,0,2026-05-28T10:08:47
5058,1541,1000512,300496.SZ,20260525,20260527,2,-1.2382,0,2026-05-28T10:08:47
5059,1542,1000512,688099.SH,20260525,20260527,2,1.6233,0,2026-05-28T10:08:47
5060,1539,1000512,300458.SZ,20260525,20260528,3,,,2026-05-28T10:08:47
5061,1540,1000512,688018.SH,20260525,20260528,3,,,2026-05-28T10:08:47
5062,1541,1000512,300496.SZ,20260525,20260528,3,,,2026-05-28T10:08:47
5063,1542,1000512,688099.SH,20260525,20260528,3,,,2026-05-28T10:08:47
5064,1543,1000513,601138.SH,20260525,20260526,1,-0.4552,0,2026-05-28T10:08:47
5065,1544,1000513,300308.SZ,20260525,20260526,1,0.9149,0,2026-05-28T10:08:47
5066,1545,1000513,000039.SZ,20260525,20260526,1,-0.0988,0,2026-05-28T10:08:47
5067,1546,1000513,688041.SH,20260525,20260526,1,3.4822,1,2026-05-28T10:08:47
5068,1547,1000513,603881.SH,20260525,20260526,1,-2.3433,0,2026-05-28T10:08:47
5069,1543,1000513,601138.SH,20260525,20260527,2,0.1429,0,2026-05-28T10:08:47
5070,1544,1000513,300308.SZ,20260525,20260527,2,0.7588,0,2026-05-28T10:08:47
5071,1545,1000513,000039.SZ,20260525,20260527,2,2.275,0,2026-05-28T10:08:47
5072,1546,1000513,688041.SH,20260525,20260527,2,-7.1433,0,2026-05-28T10:08:47
5073,1547,1000513,603881.SH,20260525,20260527,2,-2.1569,0,2026-05-28T10:08:47
5074,1543,1000513,601138.SH,20260525,20260528,3,,,2026-05-28T10:08:47
5075,1544,1000513,300308.SZ,20260525,20260528,3,,,2026-05-28T10:08:47
5076,1545,1000513,000039.SZ,20260525,20260528,3,,,2026-05-28T10:08:47
5077,1546,1000513,688041.SH,20260525,20260528,3,,,2026-05-28T10:08:47
5078,1547,1000513,603881.SH,20260525,20260528,3,,,2026-05-28T10:08:47
5079,1548,1000514,000725.SZ,20260525,20260526,1,9.4877,1,2026-05-28T10:08:47
5080,1549,1000514,000100.SZ,20260525,20260526,1,4.7297,1,2026-05-28T10:08:47
5081,1550,1000514,000050.SZ,20260525,20260526,1,2.6055,0,2026-05-28T10:08:47
5082,1551,1000514,300567.SZ,20260525,20260526,1,-2.8692,0,2026-05-28T10:08:47
5083,1552,1000514,688728.SH,20260525,20260526,1,-1.1053,0,2026-05-28T10:08:47
5084,1548,1000514,000725.SZ,20260525,20260527,2,-0.8666,0,2026-05-28T10:08:47
5085,1549,1000514,000100.SZ,20260525,20260527,2,0.6452,0,2026-05-28T10:08:47
5086,1550,1000514,000050.SZ,20260525,20260527,2,-0.6046,0,2026-05-28T10:08:47
5087,1551,1000514,300567.SZ,20260525,20260527,2,-3.7705,0,2026-05-28T10:08:47
5088,1552,1000514,688728.SH,20260525,20260527,2,0.0657,0,2026-05-28T10:08:47
5089,1548,1000514,000725.SZ,20260525,20260528,3,,,2026-05-28T10:08:47
5090,1549,1000514,000100.SZ,20260525,20260528,3,,,2026-05-28T10:08:47
5091,1550,1000514,000050.SZ,20260525,20260528,3,,,2026-05-28T10:08:47
5092,1551,1000514,300567.SZ,20260525,20260528,3,,,2026-05-28T10:08:47
5093,1552,1000514,688728.SH,20260525,20260528,3,,,2026-05-28T10:08:47
5094,1553,1000515,603936.SH,20260525,20260526,1,5.5936,1,2026-05-28T10:08:47
5095,1554,1000515,688981.SH,20260525,20260526,1,-4.3718,0,2026-05-28T10:08:47
5096,1555,1000515,002156.SZ,20260525,20260526,1,8.0396,1,2026-05-28T10:08:47
5097,1556,1000515,002185.SZ,20260525,20260526,1,10.0177,1,2026-05-28T10:08:47
5098,1557,1000515,600584.SH,20260525,20260526,1,10.0037,1,2026-05-28T10:08:47
5099,1558,1000515,688072.SH,20260525,20260526,1,4.0222,1,2026-05-28T10:08:47
5100,1559,1000515,688082.SH,20260525,20260526,1,2.3825,0,2026-05-28T10:08:47
5101,1560,1000515,300054.SZ,20260525,20260526,1,3.3117,1,2026-05-28T10:08:47
5102,1553,1000515,603936.SH,20260525,20260527,2,-8.0793,0,2026-05-28T10:08:47
5103,1554,1000515,688981.SH,20260525,20260527,2,-1.9842,0,2026-05-28T10:08:47
5104,1555,1000515,002156.SZ,20260525,20260527,2,-5.1333,0,2026-05-28T10:08:47
5105,1556,1000515,002185.SZ,20260525,20260527,2,7.9272,1,2026-05-28T10:08:47
5106,1557,1000515,600584.SH,20260525,20260527,2,-2.3018,0,2026-05-28T10:08:47
5107,1558,1000515,688072.SH,20260525,20260527,2,-11.0667,0,2026-05-28T10:08:47
5108,1559,1000515,688082.SH,20260525,20260527,2,-6.2184,0,2026-05-28T10:08:47
5109,1560,1000515,300054.SZ,20260525,20260527,2,-7.731,0,2026-05-28T10:08:47
5110,1553,1000515,603936.SH,20260525,20260528,3,,,2026-05-28T10:08:47
5111,1554,1000515,688981.SH,20260525,20260528,3,,,2026-05-28T10:08:47
5112,1555,1000515,002156.SZ,20260525,20260528,3,,,2026-05-28T10:08:47
5113,1556,1000515,002185.SZ,20260525,20260528,3,,,2026-05-28T10:08:47
5114,1557,1000515,600584.SH,20260525,20260528,3,,,2026-05-28T10:08:47
5115,1558,1000515,688072.SH,20260525,20260528,3,,,2026-05-28T10:08:47
5116,1559,1000515,688082.SH,20260525,20260528,3,,,2026-05-28T10:08:47
5117,1560,1000515,300054.SZ,20260525,20260528,3,,,2026-05-28T10:08:47
5118,1561,1000516,688110.SH,20260525,20260526,1,-6.8848,0,2026-05-28T10:08:47
5119,1562,1000516,002156.SZ,20260525,20260526,1,8.0396,1,2026-05-28T10:08:47
5120,1563,1000516,002185.SZ,20260525,20260526,1,10.0177,1,2026-05-28T10:08:47
5121,1564,1000516,603936.SH,20260525,20260526,1,5.5936,1,2026-05-28T10:08:47
5122,1561,1000516,688110.SH,20260525,20260527,2,-4.5961,0,2026-05-28T10:08:47
5123,1562,1000516,002156.SZ,20260525,20260527,2,-5.1333,0,2026-05-28T10:08:47
5124,1563,1000516,002185.SZ,20260525,20260527,2,7.9272,1,2026-05-28T10:08:47
5125,1564,1000516,603936.SH,20260525,20260527,2,-8.0793,0,2026-05-28T10:08:47
5126,1561,1000516,688110.SH,20260525,20260528,3,,,2026-05-28T10:08:47
5127,1562,1000516,002156.SZ,20260525,20260528,3,,,2026-05-28T10:08:47
5128,1563,1000516,002185.SZ,20260525,20260528,3,,,2026-05-28T10:08:47
5129,1564,1000516,603936.SH,20260525,20260528,3,,,2026-05-28T10:08:47
5130,1565,1000517,600406.SH,20260525,20260526,1,-2.9703,0,2026-05-28T10:08:47
5131,1566,1000517,000400.SZ,20260525,20260526,1,-2.4345,0,2026-05-28T10:08:47
5132,1567,1000517,601179.SH,20260525,20260526,1,-2.8228,0,2026-05-28T10:08:47
5133,1568,1000517,601126.SH,20260525,20260526,1,-6.0336,0,2026-05-28T10:08:47
5134,1569,1000517,600131.SH,20260525,20260526,1,-2.7117,0,2026-05-28T10:08:47
5135,1570,1000517,600905.SH,20260525,20260526,1,-0.2427,0,2026-05-28T10:08:47
5136,1571,1000517,001289.SZ,20260525,20260526,1,-2.1511,0,2026-05-28T10:08:47
5137,1565,1000517,600406.SH,20260525,20260527,2,0.3532,0,2026-05-28T10:08:47
5138,1566,1000517,000400.SZ,20260525,20260527,2,1.2668,0,2026-05-28T10:08:47
5139,1567,1000517,601179.SH,20260525,20260527,2,2.4722,0,2026-05-28T10:08:47
5140,1568,1000517,601126.SH,20260525,20260527,2,10.0027,1,2026-05-28T10:08:47
5141,1569,1000517,600131.SH,20260525,20260527,2,-2.7304,0,2026-05-28T10:08:47
5142,1570,1000517,600905.SH,20260525,20260527,2,-0.7299,0,2026-05-28T10:08:47
5143,1571,1000517,001289.SZ,20260525,20260527,2,0.9019,0,2026-05-28T10:08:47
5144,1565,1000517,600406.SH,20260525,20260528,3,,,2026-05-28T10:08:47
5145,1566,1000517,000400.SZ,20260525,20260528,3,,,2026-05-28T10:08:47
5146,1567,1000517,601179.SH,20260525,20260528,3,,,2026-05-28T10:08:47
5147,1568,1000517,601126.SH,20260525,20260528,3,,,2026-05-28T10:08:47
5148,1569,1000517,600131.SH,20260525,20260528,3,,,2026-05-28T10:08:47
5149,1570,1000517,600905.SH,20260525,20260528,3,,,2026-05-28T10:08:47
5150,1571,1000517,001289.SZ,20260525,20260528,3,,,2026-05-28T10:08:47
5151,1572,1000518,601600.SH,20260525,20260526,1,10.0091,1,2026-05-28T10:08:48
5152,1573,1000518,000807.SZ,20260525,20260526,1,7.3873,1,2026-05-28T10:08:48
5153,1574,1000518,000933.SZ,20260525,20260526,1,6.2376,1,2026-05-28T10:08:48
5154,1575,1000518,601677.SH,20260525,20260526,1,2.4008,0,2026-05-28T10:08:48
5155,1572,1000518,601600.SH,20260525,20260527,2,-2.0678,0,2026-05-28T10:08:48
5156,1573,1000518,000807.SZ,20260525,20260527,2,-5.8378,0,2026-05-28T10:08:48
5157,1574,1000518,000933.SZ,20260525,20260527,2,-4.9084,0,2026-05-28T10:08:48
5158,1575,1000518,601677.SH,20260525,20260527,2,-0.6116,0,2026-05-28T10:08:48
5159,1572,1000518,601600.SH,20260525,20260528,3,,,2026-05-28T10:08:48
5160,1573,1000518,000807.SZ,20260525,20260528,3,,,2026-05-28T10:08:48
5161,1574,1000518,000933.SZ,20260525,20260528,3,,,2026-05-28T10:08:48
5162,1575,1000518,601677.SH,20260525,20260528,3,,,2026-05-28T10:08:48
5163,1576,1000519,601118.SH,20260525,20260526,1,0.4847,0,2026-05-28T10:08:48
5164,1577,1000519,601966.SH,20260525,20260526,1,2.5,0,2026-05-28T10:08:48
5165,1578,1000519,601058.SH,20260525,20260526,1,1.5267,0,2026-05-28T10:08:48
5166,1576,1000519,601118.SH,20260525,20260527,2,0.3215,0,2026-05-28T10:08:48
5167,1577,1000519,601966.SH,20260525,20260527,2,-1.626,0,2026-05-28T10:08:48
5168,1578,1000519,601058.SH,20260525,20260527,2,-2.1805,0,2026-05-28T10:08:48
5169,1576,1000519,601118.SH,20260525,20260528,3,,,2026-05-28T10:08:48
5170,1577,1000519,601966.SH,20260525,20260528,3,,,2026-05-28T10:08:48
5171,1578,1000519,601058.SH,20260525,20260528,3,,,2026-05-28T10:08:48
5172,1579,1000520,002938.SZ,20260525,20260526,1,1.4696,0,2026-05-28T10:08:48
5173,1580,1000520,002384.SZ,20260525,20260526,1,-2.2277,0,2026-05-28T10:08:48
5174,1581,1000520,002463.SZ,20260525,20260526,1,8.8298,1,2026-05-28T10:08:48
5175,1582,1000520,002916.SZ,20260525,20260526,1,4.875,1,2026-05-28T10:08:48
5176,1583,1000520,603936.SH,20260525,20260526,1,5.5936,1,2026-05-28T10:08:48
5177,1579,1000520,002938.SZ,20260525,20260527,2,-8.6983,0,2026-05-28T10:08:48
5178,1580,1000520,002384.SZ,20260525,20260527,2,0.981,0,2026-05-28T10:08:48
5179,1581,1000520,002463.SZ,20260525,20260527,2,-3.8017,0,2026-05-28T10:08:48
5180,1582,1000520,002916.SZ,20260525,20260527,2,-5.59,0,2026-05-28T10:08:48
5181,1583,1000520,603936.SH,20260525,20260527,2,-8.0793,0,2026-05-28T10:08:48
5182,1579,1000520,002938.SZ,20260525,20260528,3,,,2026-05-28T10:08:48
5183,1580,1000520,002384.SZ,20260525,20260528,3,,,2026-05-28T10:08:48
5184,1581,1000520,002463.SZ,20260525,20260528,3,,,2026-05-28T10:08:48
5185,1582,1000520,002916.SZ,20260525,20260528,3,,,2026-05-28T10:08:48
5186,1583,1000520,603936.SH,20260525,20260528,3,,,2026-05-28T10:08:48
5187,1584,1000521,300308.SZ,20260525,20260526,1,0.9149,0,2026-05-28T10:08:48
5188,1585,1000521,300502.SZ,20260525,20260526,1,6.2199,1,2026-05-28T10:08:48
5189,1584,1000521,300308.SZ,20260525,20260527,2,0.7588,0,2026-05-28T10:08:48
5190,1585,1000521,300502.SZ,20260525,20260527,2,-0.7143,0,2026-05-28T10:08:48
5191,1584,1000521,300308.SZ,20260525,20260528,3,,,2026-05-28T10:08:48
5192,1585,1000521,300502.SZ,20260525,20260528,3,,,2026-05-28T10:08:48
5193,1586,1000522,002085.SZ,20260525,20260526,1,-0.4688,0,2026-05-28T10:08:48
5194,1587,1000522,000099.SZ,20260525,20260526,1,-1.5458,0,2026-05-28T10:08:48
5195,1586,1000522,002085.SZ,20260525,20260527,2,-2.7473,0,2026-05-28T10:08:48
5196,1587,1000522,000099.SZ,20260525,20260527,2,-2.4758,0,2026-05-28T10:08:48
5197,1586,1000522,002085.SZ,20260525,20260528,3,,,2026-05-28T10:08:48
5198,1587,1000522,000099.SZ,20260525,20260528,3,,,2026-05-28T10:08:48
5199,1588,1000523,600539.SH,20260525,20260526,1,-1.1016,0,2026-05-28T10:08:48
5200,1588,1000523,600539.SH,20260525,20260527,2,0.6188,0,2026-05-28T10:08:48
5201,1588,1000523,600539.SH,20260525,20260528,3,,,2026-05-28T10:08:48
5202,1590,1000524,600048.SH,20260525,20260526,1,-0.3407,0,2026-05-28T10:08:48
5203,1590,1000524,600048.SH,20260525,20260527,2,-3.0769,0,2026-05-28T10:08:48
5204,1590,1000524,600048.SH,20260525,20260528,3,,,2026-05-28T10:08:48
5205,1591,1000525,300458.SZ,20260525,20260526,1,-1.9817,0,2026-05-28T10:08:48
5206,1592,1000525,688018.SH,20260525,20260526,1,-1.4293,0,2026-05-28T10:08:48
5207,1591,1000525,300458.SZ,20260525,20260527,2,0.8247,0,2026-05-28T10:08:48
5208,1592,1000525,688018.SH,20260525,20260527,2,-1.2919,0,2026-05-28T10:08:48
5209,1591,1000525,300458.SZ,20260525,20260528,3,,,2026-05-28T10:08:48
5210,1592,1000525,688018.SH,20260525,20260528,3,,,2026-05-28T10:08:48
5211,1593,1000528,603936.SH,20260525,20260526,1,5.5936,1,2026-05-28T10:08:49
5212,1594,1000528,002156.SZ,20260525,20260526,1,8.0396,1,2026-05-28T10:08:49
5213,1595,1000528,688981.SH,20260525,20260526,1,-4.3718,0,2026-05-28T10:08:49
5214,1596,1000528,002185.SZ,20260525,20260526,1,10.0177,1,2026-05-28T10:08:49
5215,1597,1000528,600584.SH,20260525,20260526,1,10.0037,1,2026-05-28T10:08:49
5216,1598,1000528,688110.SH,20260525,20260526,1,-6.8848,0,2026-05-28T10:08:49
5217,1599,1000528,300939.SZ,20260525,20260526,1,3.8771,1,2026-05-28T10:08:49
5218,1593,1000528,603936.SH,20260525,20260527,2,-8.0793,0,2026-05-28T10:08:49
5219,1594,1000528,002156.SZ,20260525,20260527,2,-5.1333,0,2026-05-28T10:08:49
5220,1595,1000528,688981.SH,20260525,20260527,2,-1.9842,0,2026-05-28T10:08:49
5221,1596,1000528,002185.SZ,20260525,20260527,2,7.9272,1,2026-05-28T10:08:49
5222,1597,1000528,600584.SH,20260525,20260527,2,-2.3018,0,2026-05-28T10:08:49
5223,1598,1000528,688110.SH,20260525,20260527,2,-4.5961,0,2026-05-28T10:08:49
5224,1599,1000528,300939.SZ,20260525,20260527,2,3.5915,1,2026-05-28T10:08:49
5225,1593,1000528,603936.SH,20260525,20260528,3,,,2026-05-28T10:08:49
5226,1594,1000528,002156.SZ,20260525,20260528,3,,,2026-05-28T10:08:49
5227,1595,1000528,688981.SH,20260525,20260528,3,,,2026-05-28T10:08:49
5228,1596,1000528,002185.SZ,20260525,20260528,3,,,2026-05-28T10:08:49
5229,1597,1000528,600584.SH,20260525,20260528,3,,,2026-05-28T10:08:49
5230,1598,1000528,688110.SH,20260525,20260528,3,,,2026-05-28T10:08:49
5231,1599,1000528,300939.SZ,20260525,20260528,3,,,2026-05-28T10:08:49
5232,1600,1000529,002938.SZ,20260525,20260526,1,1.4696,0,2026-05-28T10:08:49
5233,1601,1000529,300308.SZ,20260525,20260526,1,0.9149,0,2026-05-28T10:08:49
5234,1600,1000529,002938.SZ,20260525,20260527,2,-8.6983,0,2026-05-28T10:08:49
5235,1601,1000529,300308.SZ,20260525,20260527,2,0.7588,0,2026-05-28T10:08:49
5236,1600,1000529,002938.SZ,20260525,20260528,3,,,2026-05-28T10:08:49
5237,1601,1000529,300308.SZ,20260525,20260528,3,,,2026-05-28T10:08:49
5238,1602,1000530,603661.SH,20260525,20260526,1,4.7233,1,2026-05-28T10:08:49
5239,1603,1000530,000636.SZ,20260525,20260526,1,0.7733,0,2026-05-28T10:08:49
5240,1604,1000530,002055.SZ,20260525,20260526,1,5.0465,1,2026-05-28T10:08:49
5241,1602,1000530,603661.SH,20260525,20260527,2,-10.008,0,2026-05-28T10:08:49
5242,1603,1000530,000636.SZ,20260525,20260527,2,6.0432,1,2026-05-28T10:08:49
5243,1604,1000530,002055.SZ,20260525,20260527,2,-4.9305,0,2026-05-28T10:08:49
5244,1602,1000530,603661.SH,20260525,20260528,3,,,2026-05-28T10:08:49
5245,1603,1000530,000636.SZ,20260525,20260528,3,,,2026-05-28T10:08:49
5246,1604,1000530,002055.SZ,20260525,20260528,3,,,2026-05-28T10:08:49
5247,1605,1000531,301269.SZ,20260525,20260526,1,7.9655,1,2026-05-28T10:08:49
5248,1606,1000531,300458.SZ,20260525,20260526,1,-1.9817,0,2026-05-28T10:08:49
5249,1605,1000531,301269.SZ,20260525,20260527,2,-5.6148,0,2026-05-28T10:08:49
5250,1606,1000531,300458.SZ,20260525,20260527,2,0.8247,0,2026-05-28T10:08:49
5251,1605,1000531,301269.SZ,20260525,20260528,3,,,2026-05-28T10:08:49
5252,1606,1000531,300458.SZ,20260525,20260528,3,,,2026-05-28T10:08:49
5253,1607,1000532,002851.SZ,20260525,20260526,1,4.2536,1,2026-05-28T10:08:49
5254,1607,1000532,002851.SZ,20260525,20260527,2,-1.5436,0,2026-05-28T10:08:49
5255,1607,1000532,002851.SZ,20260525,20260528,3,,,2026-05-28T10:08:49
5256,1609,1000534,600539.SH,20260525,20260526,1,-1.1016,0,2026-05-28T10:08:50
5257,1610,1000534,000409.SZ,20260525,20260526,1,-0.8563,0,2026-05-28T10:08:50
5258,1611,1000534,600503.SH,20260525,20260526,1,-2.0979,0,2026-05-28T10:08:50
5259,1612,1000534,002514.SZ,20260525,20260526,1,4.8998,1,2026-05-28T10:08:50
5260,1609,1000534,600539.SH,20260525,20260527,2,0.6188,0,2026-05-28T10:08:50
5261,1610,1000534,000409.SZ,20260525,20260527,2,-4.4146,0,2026-05-28T10:08:50
5262,1611,1000534,600503.SH,20260525,20260527,2,-2.5,0,2026-05-28T10:08:50
5263,1612,1000534,002514.SZ,20260525,20260527,2,2.3355,0,2026-05-28T10:08:50
5264,1609,1000534,600539.SH,20260525,20260528,3,,,2026-05-28T10:08:50
5265,1610,1000534,000409.SZ,20260525,20260528,3,,,2026-05-28T10:08:50
5266,1611,1000534,600503.SH,20260525,20260528,3,,,2026-05-28T10:08:50
5267,1612,1000534,002514.SZ,20260525,20260528,3,,,2026-05-28T10:08:50
5268,1613,1000536,601118.SH,20260525,20260526,1,0.4847,0,2026-05-28T10:08:50
5269,1613,1000536,601118.SH,20260525,20260527,2,0.3215,0,2026-05-28T10:08:50
5270,1613,1000536,601118.SH,20260525,20260528,3,,,2026-05-28T10:08:50
5271,1614,1000537,002286.SZ,20260525,20260526,1,2.6107,0,2026-05-28T10:08:50
5272,1614,1000537,002286.SZ,20260525,20260527,2,0.885,0,2026-05-28T10:08:50
5273,1614,1000537,002286.SZ,20260525,20260528,3,,,2026-05-28T10:08:50
5274,1615,1000540,603936.SH,20260525,20260526,1,5.5936,1,2026-05-28T10:08:50
5275,1616,1000540,002156.SZ,20260525,20260526,1,8.0396,1,2026-05-28T10:08:50
5276,1617,1000540,002185.SZ,20260525,20260526,1,10.0177,1,2026-05-28T10:08:50
5277,1618,1000540,600584.SH,20260525,20260526,1,10.0037,1,2026-05-28T10:08:50
5278,1619,1000540,300776.SZ,20260525,20260526,1,-2.8246,0,2026-05-28T10:08:50
5279,1620,1000540,300054.SZ,20260525,20260526,1,3.3117,1,2026-05-28T10:08:50
5280,1621,1000540,688981.SH,20260525,20260526,1,-4.3718,0,2026-05-28T10:08:50
5281,1615,1000540,603936.SH,20260525,20260527,2,-8.0793,0,2026-05-28T10:08:50
5282,1616,1000540,002156.SZ,20260525,20260527,2,-5.1333,0,2026-05-28T10:08:50
5283,1617,1000540,002185.SZ,20260525,20260527,2,7.9272,1,2026-05-28T10:08:50
5284,1618,1000540,600584.SH,20260525,20260527,2,-2.3018,0,2026-05-28T10:08:50
5285,1619,1000540,300776.SZ,20260525,20260527,2,9.9678,1,2026-05-28T10:08:50
5286,1620,1000540,300054.SZ,20260525,20260527,2,-7.731,0,2026-05-28T10:08:50
5287,1621,1000540,688981.SH,20260525,20260527,2,-1.9842,0,2026-05-28T10:08:50
5288,1615,1000540,603936.SH,20260525,20260528,3,,,2026-05-28T10:08:51
5289,1616,1000540,002156.SZ,20260525,20260528,3,,,2026-05-28T10:08:51
5290,1617,1000540,002185.SZ,20260525,20260528,3,,,2026-05-28T10:08:51
5291,1618,1000540,600584.SH,20260525,20260528,3,,,2026-05-28T10:08:51
5292,1619,1000540,300776.SZ,20260525,20260528,3,,,2026-05-28T10:08:51
5293,1620,1000540,300054.SZ,20260525,20260528,3,,,2026-05-28T10:08:51
5294,1621,1000540,688981.SH,20260525,20260528,3,,,2026-05-28T10:08:51
5295,1622,1000541,688981.SH,20260525,20260526,1,-4.3718,0,2026-05-28T10:08:51
5296,1623,1000541,688072.SH,20260525,20260526,1,4.0222,1,2026-05-28T10:08:51
5297,1624,1000541,688082.SH,20260525,20260526,1,2.3825,0,2026-05-28T10:08:51
5298,1625,1000541,301269.SZ,20260525,20260526,1,7.9655,1,2026-05-28T10:08:51
5299,1626,1000541,300054.SZ,20260525,20260526,1,3.3117,1,2026-05-28T10:08:51
5300,1627,1000541,688728.SH,20260525,20260526,1,-1.1053,0,2026-05-28T10:08:51
5301,1628,1000541,688110.SH,20260525,20260526,1,-6.8848,0,2026-05-28T10:08:51
5302,1622,1000541,688981.SH,20260525,20260527,2,-1.9842,0,2026-05-28T10:08:51
5303,1623,1000541,688072.SH,20260525,20260527,2,-11.0667,0,2026-05-28T10:08:51
5304,1624,1000541,688082.SH,20260525,20260527,2,-6.2184,0,2026-05-28T10:08:51
5305,1625,1000541,301269.SZ,20260525,20260527,2,-5.6148,0,2026-05-28T10:08:51
5306,1626,1000541,300054.SZ,20260525,20260527,2,-7.731,0,2026-05-28T10:08:51
5307,1627,1000541,688728.SH,20260525,20260527,2,0.0657,0,2026-05-28T10:08:51
5308,1628,1000541,688110.SH,20260525,20260527,2,-4.5961,0,2026-05-28T10:08:51
5309,1622,1000541,688981.SH,20260525,20260528,3,,,2026-05-28T10:08:51
5310,1623,1000541,688072.SH,20260525,20260528,3,,,2026-05-28T10:08:51
5311,1624,1000541,688082.SH,20260525,20260528,3,,,2026-05-28T10:08:51
5312,1625,1000541,301269.SZ,20260525,20260528,3,,,2026-05-28T10:08:51
5313,1626,1000541,300054.SZ,20260525,20260528,3,,,2026-05-28T10:08:51
5314,1627,1000541,688728.SH,20260525,20260528,3,,,2026-05-28T10:08:51
5315,1628,1000541,688110.SH,20260525,20260528,3,,,2026-05-28T10:08:51
5316,1629,1000542,601118.SH,20260525,20260526,1,0.4847,0,2026-05-28T10:08:51
5317,1630,1000542,600500.SH,20260525,20260526,1,1.2259,0,2026-05-28T10:08:51
5318,1629,1000542,601118.SH,20260525,20260527,2,0.3215,0,2026-05-28T10:08:51
5319,1630,1000542,600500.SH,20260525,20260527,2,-6.5744,0,2026-05-28T10:08:51
5320,1629,1000542,601118.SH,20260525,20260528,3,,,2026-05-28T10:08:51
5321,1630,1000542,600500.SH,20260525,20260528,3,,,2026-05-28T10:08:51
5322,1631,1000543,600503.SH,20260525,20260526,1,-2.0979,0,2026-05-28T10:08:51
5323,1632,1000543,002851.SZ,20260525,20260526,1,4.2536,1,2026-05-28T10:08:51
5324,1633,1000543,002514.SZ,20260525,20260526,1,4.8998,1,2026-05-28T10:08:51
5325,1631,1000543,600503.SH,20260525,20260527,2,-2.5,0,2026-05-28T10:08:51
5326,1632,1000543,002851.SZ,20260525,20260527,2,-1.5436,0,2026-05-28T10:08:51
5327,1633,1000543,002514.SZ,20260525,20260527,2,2.3355,0,2026-05-28T10:08:51
5328,1631,1000543,600503.SH,20260525,20260528,3,,,2026-05-28T10:08:51
5329,1632,1000543,002851.SZ,20260525,20260528,3,,,2026-05-28T10:08:51
5330,1633,1000543,002514.SZ,20260525,20260528,3,,,2026-05-28T10:08:51
5331,1634,1000544,601111.SH,20260525,20260526,1,0.2882,0,2026-05-28T10:08:51
5332,1635,1000544,600309.SH,20260525,20260526,1,0.9499,0,2026-05-28T10:08:51
5333,1636,1000544,002928.SZ,20260525,20260526,1,1.8111,0,2026-05-28T10:08:51
5334,1634,1000544,601111.SH,20260525,20260527,2,-1.4368,0,2026-05-28T10:08:51
5335,1635,1000544,600309.SH,20260525,20260527,2,-1.69,0,2026-05-28T10:08:51
5336,1636,1000544,002928.SZ,20260525,20260527,2,-1.0165,0,2026-05-28T10:08:51
5337,1634,1000544,601111.SH,20260525,20260528,3,,,2026-05-28T10:08:51
5338,1635,1000544,600309.SH,20260525,20260528,3,,,2026-05-28T10:08:51
5339,1636,1000544,002928.SZ,20260525,20260528,3,,,2026-05-28T10:08:51
5340,1637,1000545,002938.SZ,20260525,20260526,1,1.4696,0,2026-05-28T10:08:51
5341,1638,1000545,603936.SH,20260525,20260526,1,5.5936,1,2026-05-28T10:08:51
5342,1637,1000545,002938.SZ,20260525,20260527,2,-8.6983,0,2026-05-28T10:08:51
5343,1638,1000545,603936.SH,20260525,20260527,2,-8.0793,0,2026-05-28T10:08:51
5344,1637,1000545,002938.SZ,20260525,20260528,3,,,2026-05-28T10:08:51
5345,1638,1000545,603936.SH,20260525,20260528,3,,,2026-05-28T10:08:51
5346,1639,1000546,600406.SH,20260525,20260526,1,-2.9703,0,2026-05-28T10:08:51
5347,1640,1000546,000400.SZ,20260525,20260526,1,-2.4345,0,2026-05-28T10:08:51
5348,1639,1000546,600406.SH,20260525,20260527,2,0.3532,0,2026-05-28T10:08:51
5349,1640,1000546,000400.SZ,20260525,20260527,2,1.2668,0,2026-05-28T10:08:51
5350,1639,1000546,600406.SH,20260525,20260528,3,,,2026-05-28T10:08:51
5351,1640,1000546,000400.SZ,20260525,20260528,3,,,2026-05-28T10:08:51
5352,1641,1000547,002085.SZ,20260525,20260526,1,-0.4688,0,2026-05-28T10:08:51
5353,1642,1000547,000099.SZ,20260525,20260526,1,-1.5458,0,2026-05-28T10:08:51
5354,1641,1000547,002085.SZ,20260525,20260527,2,-2.7473,0,2026-05-28T10:08:51
5355,1642,1000547,000099.SZ,20260525,20260527,2,-2.4758,0,2026-05-28T10:08:51
5356,1641,1000547,002085.SZ,20260525,20260528,3,,,2026-05-28T10:08:51
5357,1642,1000547,000099.SZ,20260525,20260528,3,,,2026-05-28T10:08:51
5358,1643,1000548,601698.SH,20260525,20260526,1,-3.7126,0,2026-05-28T10:08:51
5359,1644,1000548,688387.SH,20260525,20260526,1,-4.2269,0,2026-05-28T10:08:51
5360,1643,1000548,601698.SH,20260525,20260527,2,-2.1455,0,2026-05-28T10:08:52
5361,1644,1000548,688387.SH,20260525,20260527,2,-2.2905,0,2026-05-28T10:08:52
5362,1643,1000548,601698.SH,20260525,20260528,3,,,2026-05-28T10:08:52
5363,1644,1000548,688387.SH,20260525,20260528,3,,,2026-05-28T10:08:52
5364,1645,1000549,600150.SH,20260525,20260526,1,2.0844,0,2026-05-28T10:08:52
5365,1646,1000549,600685.SH,20260525,20260526,1,-0.8466,0,2026-05-28T10:08:52
5366,1645,1000549,600150.SH,20260525,20260527,2,-1.7317,0,2026-05-28T10:08:52
5367,1646,1000549,600685.SH,20260525,20260527,2,-2.1858,0,2026-05-28T10:08:52
5368,1645,1000549,600150.SH,20260525,20260528,3,,,2026-05-28T10:08:52
5369,1646,1000549,600685.SH,20260525,20260528,3,,,2026-05-28T10:08:52
5370,1647,1000550,601600.SH,20260525,20260526,1,10.0091,1,2026-05-28T10:08:52
5371,1648,1000550,000807.SZ,20260525,20260526,1,7.3873,1,2026-05-28T10:08:52
5372,1647,1000550,601600.SH,20260525,20260527,2,-2.0678,0,2026-05-28T10:08:52
5373,1648,1000550,000807.SZ,20260525,20260527,2,-5.8378,0,2026-05-28T10:08:52
5374,1647,1000550,601600.SH,20260525,20260528,3,,,2026-05-28T10:08:52
5375,1648,1000550,000807.SZ,20260525,20260528,3,,,2026-05-28T10:08:52
5376,1649,1000551,603661.SH,20260525,20260526,1,4.7233,1,2026-05-28T10:08:52
5377,1649,1000551,603661.SH,20260525,20260527,2,-10.008,0,2026-05-28T10:08:52
5378,1649,1000551,603661.SH,20260525,20260528,3,,,2026-05-28T10:08:52
5379,1650,1000552,601857.SH,20260525,20260526,1,2.1435,0,2026-05-28T10:08:52
5380,1650,1000552,601857.SH,20260525,20260527,2,-1.4599,0,2026-05-28T10:08:52
5381,1650,1000552,601857.SH,20260525,20260528,3,,,2026-05-28T10:08:52
5382,1651,1000555,002156.SZ,20260525,20260526,1,8.0396,1,2026-05-28T10:08:52
5383,1652,1000555,600584.SH,20260525,20260526,1,10.0037,1,2026-05-28T10:08:52
5384,1653,1000555,002185.SZ,20260525,20260526,1,10.0177,1,2026-05-28T10:08:52
5385,1654,1000555,688981.SH,20260525,20260526,1,-4.3718,0,2026-05-28T10:08:52
5386,1655,1000555,688082.SH,20260525,20260526,1,2.3825,0,2026-05-28T10:08:52
5387,1656,1000555,688072.SH,20260525,20260526,1,4.0222,1,2026-05-28T10:08:52
5388,1657,1000555,301269.SZ,20260525,20260526,1,7.9655,1,2026-05-28T10:08:52
5389,1658,1000555,300054.SZ,20260525,20260526,1,3.3117,1,2026-05-28T10:08:52
5390,1659,1000555,603936.SH,20260525,20260526,1,5.5936,1,2026-05-28T10:08:52
5391,1660,1000555,688261.SH,20260525,20260526,1,-3.0137,0,2026-05-28T10:08:52
5392,1651,1000555,002156.SZ,20260525,20260527,2,-5.1333,0,2026-05-28T10:08:52
5393,1652,1000555,600584.SH,20260525,20260527,2,-2.3018,0,2026-05-28T10:08:52
5394,1653,1000555,002185.SZ,20260525,20260527,2,7.9272,1,2026-05-28T10:08:52
5395,1654,1000555,688981.SH,20260525,20260527,2,-1.9842,0,2026-05-28T10:08:52
5396,1655,1000555,688082.SH,20260525,20260527,2,-6.2184,0,2026-05-28T10:08:52
5397,1656,1000555,688072.SH,20260525,20260527,2,-11.0667,0,2026-05-28T10:08:52
5398,1657,1000555,301269.SZ,20260525,20260527,2,-5.6148,0,2026-05-28T10:08:52
5399,1658,1000555,300054.SZ,20260525,20260527,2,-7.731,0,2026-05-28T10:08:52
5400,1659,1000555,603936.SH,20260525,20260527,2,-8.0793,0,2026-05-28T10:08:52
5401,1660,1000555,688261.SH,20260525,20260527,2,5.6271,1,2026-05-28T10:08:52
5402,1651,1000555,002156.SZ,20260525,20260528,3,,,2026-05-28T10:08:52
5403,1652,1000555,600584.SH,20260525,20260528,3,,,2026-05-28T10:08:52
5404,1653,1000555,002185.SZ,20260525,20260528,3,,,2026-05-28T10:08:52
5405,1654,1000555,688981.SH,20260525,20260528,3,,,2026-05-28T10:08:52
5406,1655,1000555,688082.SH,20260525,20260528,3,,,2026-05-28T10:08:52
5407,1656,1000555,688072.SH,20260525,20260528,3,,,2026-05-28T10:08:52
5408,1657,1000555,301269.SZ,20260525,20260528,3,,,2026-05-28T10:08:52
5409,1658,1000555,300054.SZ,20260525,20260528,3,,,2026-05-28T10:08:52
5410,1659,1000555,603936.SH,20260525,20260528,3,,,2026-05-28T10:08:52
5411,1660,1000555,688261.SH,20260525,20260528,3,,,2026-05-28T10:08:52
5412,1661,1000556,002938.SZ,20260525,20260526,1,1.4696,0,2026-05-28T10:08:53
5413,1662,1000556,002055.SZ,20260525,20260526,1,5.0465,1,2026-05-28T10:08:53
5414,1663,1000556,301563.SZ,20260525,20260526,1,-0.1102,0,2026-05-28T10:08:53
5415,1664,1000556,000039.SZ,20260525,20260526,1,-0.0988,0,2026-05-28T10:08:53
5416,1661,1000556,002938.SZ,20260525,20260527,2,-8.6983,0,2026-05-28T10:08:53
5417,1662,1000556,002055.SZ,20260525,20260527,2,-4.9305,0,2026-05-28T10:08:53
5418,1663,1000556,301563.SZ,20260525,20260527,2,5.3159,1,2026-05-28T10:08:53
5419,1664,1000556,000039.SZ,20260525,20260527,2,2.275,0,2026-05-28T10:08:53
5420,1661,1000556,002938.SZ,20260525,20260528,3,,,2026-05-28T10:08:53
5421,1662,1000556,002055.SZ,20260525,20260528,3,,,2026-05-28T10:08:53
5422,1663,1000556,301563.SZ,20260525,20260528,3,,,2026-05-28T10:08:53
5423,1664,1000556,000039.SZ,20260525,20260528,3,,,2026-05-28T10:08:53
5424,1665,1000557,688981.SH,20260525,20260526,1,-4.3718,0,2026-05-28T10:08:53
5425,1666,1000557,688110.SH,20260525,20260526,1,-6.8848,0,2026-05-28T10:08:53
5426,1667,1000557,301269.SZ,20260525,20260526,1,7.9655,1,2026-05-28T10:08:53
5427,1668,1000557,300054.SZ,20260525,20260526,1,3.3117,1,2026-05-28T10:08:53
5428,1669,1000557,688082.SH,20260525,20260526,1,2.3825,0,2026-05-28T10:08:53
5429,1670,1000557,688072.SH,20260525,20260526,1,4.0222,1,2026-05-28T10:08:53
5430,1671,1000557,688206.SH,20260525,20260526,1,-0.2436,0,2026-05-28T10:08:53
5431,1665,1000557,688981.SH,20260525,20260527,2,-1.9842,0,2026-05-28T10:08:53
5432,1666,1000557,688110.SH,20260525,20260527,2,-4.5961,0,2026-05-28T10:08:53
5433,1667,1000557,301269.SZ,20260525,20260527,2,-5.6148,0,2026-05-28T10:08:53
5434,1668,1000557,300054.SZ,20260525,20260527,2,-7.731,0,2026-05-28T10:08:53
5435,1669,1000557,688082.SH,20260525,20260527,2,-6.2184,0,2026-05-28T10:08:53
5436,1670,1000557,688072.SH,20260525,20260527,2,-11.0667,0,2026-05-28T10:08:53
5437,1671,1000557,688206.SH,20260525,20260527,2,-9.5249,0,2026-05-28T10:08:53
5438,1665,1000557,688981.SH,20260525,20260528,3,,,2026-05-28T10:08:53
5439,1666,1000557,688110.SH,20260525,20260528,3,,,2026-05-28T10:08:53
5440,1667,1000557,301269.SZ,20260525,20260528,3,,,2026-05-28T10:08:53
5441,1668,1000557,300054.SZ,20260525,20260528,3,,,2026-05-28T10:08:53
5442,1669,1000557,688082.SH,20260525,20260528,3,,,2026-05-28T10:08:53
5443,1670,1000557,688072.SH,20260525,20260528,3,,,2026-05-28T10:08:53
5444,1671,1000557,688206.SH,20260525,20260528,3,,,2026-05-28T10:08:53
5445,1672,1000558,600539.SH,20260525,20260526,1,-1.1016,0,2026-05-28T10:08:53
5446,1673,1000558,002514.SZ,20260525,20260526,1,4.8998,1,2026-05-28T10:08:53
5447,1674,1000558,600503.SH,20260525,20260526,1,-2.0979,0,2026-05-28T10:08:53
5448,1675,1000558,002691.SZ,20260525,20260526,1,-4.9296,0,2026-05-28T10:08:53
5449,1676,1000558,000409.SZ,20260525,20260526,1,-0.8563,0,2026-05-28T10:08:53
5450,1677,1000558,300275.SZ,20260525,20260526,1,-8.8889,0,2026-05-28T10:08:53
5451,1672,1000558,600539.SH,20260525,20260527,2,0.6188,0,2026-05-28T10:08:53
5452,1673,1000558,002514.SZ,20260525,20260527,2,2.3355,0,2026-05-28T10:08:53
5453,1674,1000558,600503.SH,20260525,20260527,2,-2.5,0,2026-05-28T10:08:53
5454,1675,1000558,002691.SZ,20260525,20260527,2,-5.0,0,2026-05-28T10:08:53
5455,1676,1000558,000409.SZ,20260525,20260527,2,-4.4146,0,2026-05-28T10:08:53
5456,1677,1000558,300275.SZ,20260525,20260527,2,-6.0038,0,2026-05-28T10:08:53
5457,1672,1000558,600539.SH,20260525,20260528,3,,,2026-05-28T10:08:53
5458,1673,1000558,002514.SZ,20260525,20260528,3,,,2026-05-28T10:08:53
5459,1674,1000558,600503.SH,20260525,20260528,3,,,2026-05-28T10:08:53
5460,1675,1000558,002691.SZ,20260525,20260528,3,,,2026-05-28T10:08:53
5461,1676,1000558,000409.SZ,20260525,20260528,3,,,2026-05-28T10:08:53
5462,1677,1000558,300275.SZ,20260525,20260528,3,,,2026-05-28T10:08:53
5463,1678,1000559,603661.SH,20260525,20260526,1,4.7233,1,2026-05-28T10:08:53
5464,1679,1000559,600172.SH,20260525,20260526,1,10.0083,1,2026-05-28T10:08:53
5465,1680,1000559,301071.SZ,20260525,20260526,1,7.4253,1,2026-05-28T10:08:53
5466,1678,1000559,603661.SH,20260525,20260527,2,-10.008,0,2026-05-28T10:08:53
5467,1679,1000559,600172.SH,20260525,20260527,2,-0.2256,0,2026-05-28T10:08:53
5468,1680,1000559,301071.SZ,20260525,20260527,2,-8.7461,0,2026-05-28T10:08:53
5469,1678,1000559,603661.SH,20260525,20260528,3,,,2026-05-28T10:08:53
5470,1679,1000559,600172.SH,20260525,20260528,3,,,2026-05-28T10:08:53
5471,1680,1000559,301071.SZ,20260525,20260528,3,,,2026-05-28T10:08:53
5472,1681,1000560,000636.SZ,20260525,20260526,1,0.7733,0,2026-05-28T10:08:53
5473,1682,1000560,002585.SZ,20260525,20260526,1,10.0202,1,2026-05-28T10:08:53
5474,1681,1000560,000636.SZ,20260525,20260527,2,6.0432,1,2026-05-28T10:08:53
5475,1682,1000560,002585.SZ,20260525,20260527,2,-1.104,0,2026-05-28T10:08:53
5476,1681,1000560,000636.SZ,20260525,20260528,3,,,2026-05-28T10:08:53
5477,1682,1000560,002585.SZ,20260525,20260528,3,,,2026-05-28T10:08:53
5478,1683,1000561,600584.SH,20260525,20260526,1,10.0037,1,2026-05-28T10:08:53
5479,1684,1000561,300776.SZ,20260525,20260526,1,-2.8246,0,2026-05-28T10:08:53
5480,1683,1000561,600584.SH,20260525,20260527,2,-2.3018,0,2026-05-28T10:08:53
5481,1684,1000561,300776.SZ,20260525,20260527,2,9.9678,1,2026-05-28T10:08:53
5482,1683,1000561,600584.SH,20260525,20260528,3,,,2026-05-28T10:08:53
5483,1684,1000561,300776.SZ,20260525,20260528,3,,,2026-05-28T10:08:53
5484,1685,1000562,000409.SZ,20260525,20260526,1,-0.8563,0,2026-05-28T10:08:53
5485,1686,1000562,300275.SZ,20260525,20260526,1,-8.8889,0,2026-05-28T10:08:53
5486,1685,1000562,000409.SZ,20260525,20260527,2,-4.4146,0,2026-05-28T10:08:53
5487,1686,1000562,300275.SZ,20260525,20260527,2,-6.0038,0,2026-05-28T10:08:53
5488,1685,1000562,000409.SZ,20260525,20260528,3,,,2026-05-28T10:08:53
5489,1686,1000562,300275.SZ,20260525,20260528,3,,,2026-05-28T10:08:53
5490,1687,1000563,002938.SZ,20260525,20260526,1,1.4696,0,2026-05-28T10:08:53
5491,1688,1000563,002055.SZ,20260525,20260526,1,5.0465,1,2026-05-28T10:08:53
5492,1687,1000563,002938.SZ,20260525,20260527,2,-8.6983,0,2026-05-28T10:08:53
5493,1688,1000563,002055.SZ,20260525,20260527,2,-4.9305,0,2026-05-28T10:08:53
5494,1687,1000563,002938.SZ,20260525,20260528,3,,,2026-05-28T10:08:54
5495,1688,1000563,002055.SZ,20260525,20260528,3,,,2026-05-28T10:08:54
5496,1689,1000564,688728.SH,20260525,20260526,1,-1.1053,0,2026-05-28T10:08:54
5497,1689,1000564,688728.SH,20260525,20260527,2,0.0657,0,2026-05-28T10:08:54
5498,1689,1000564,688728.SH,20260525,20260528,3,,,2026-05-28T10:08:54
5499,1690,1000566,688521.SH,20260525,20260526,1,-7.0283,0,2026-05-28T10:08:54
5500,1691,1000566,300458.SZ,20260525,20260526,1,-1.9817,0,2026-05-28T10:08:54
5501,1692,1000566,688018.SH,20260525,20260526,1,-1.4293,0,2026-05-28T10:08:54
5502,1693,1000566,300223.SZ,20260525,20260526,1,5.4115,1,2026-05-28T10:08:54
5503,1690,1000566,688521.SH,20260525,20260527,2,-5.1475,0,2026-05-28T10:08:54
5504,1691,1000566,300458.SZ,20260525,20260527,2,0.8247,0,2026-05-28T10:08:54
5505,1692,1000566,688018.SH,20260525,20260527,2,-1.2919,0,2026-05-28T10:08:54
5506,1693,1000566,300223.SZ,20260525,20260527,2,6.9586,1,2026-05-28T10:08:54
5507,1690,1000566,688521.SH,20260525,20260528,3,,,2026-05-28T10:08:54
5508,1691,1000566,300458.SZ,20260525,20260528,3,,,2026-05-28T10:08:54
5509,1692,1000566,688018.SH,20260525,20260528,3,,,2026-05-28T10:08:54
5510,1693,1000566,300223.SZ,20260525,20260528,3,,,2026-05-28T10:08:54
5511,1694,1000567,600151.SH,20260525,20260526,1,-3.4014,0,2026-05-28T10:08:54
5512,1694,1000567,600151.SH,20260525,20260527,2,-3.662,0,2026-05-28T10:08:54
5513,1694,1000567,600151.SH,20260525,20260528,3,,,2026-05-28T10:08:54
5514,1695,1000570,601600.SH,20260525,20260526,1,10.0091,1,2026-05-28T10:08:54
5515,1696,1000570,000807.SZ,20260525,20260526,1,7.3873,1,2026-05-28T10:08:54
5516,1695,1000570,601600.SH,20260525,20260527,2,-2.0678,0,2026-05-28T10:08:54
5517,1696,1000570,000807.SZ,20260525,20260527,2,-5.8378,0,2026-05-28T10:08:54
5518,1695,1000570,601600.SH,20260525,20260528,3,,,2026-05-28T10:08:54
5519,1696,1000570,000807.SZ,20260525,20260528,3,,,2026-05-28T10:08:54
5520,1697,1000574,603936.SH,20260525,20260526,1,5.5936,1,2026-05-28T10:08:55
5521,1698,1000574,002185.SZ,20260525,20260526,1,10.0177,1,2026-05-28T10:08:55
5522,1699,1000574,002156.SZ,20260525,20260526,1,8.0396,1,2026-05-28T10:08:55
5523,1697,1000574,603936.SH,20260525,20260527,2,-8.0793,0,2026-05-28T10:08:55
5524,1698,1000574,002185.SZ,20260525,20260527,2,7.9272,1,2026-05-28T10:08:55
5525,1699,1000574,002156.SZ,20260525,20260527,2,-5.1333,0,2026-05-28T10:08:55
5526,1697,1000574,603936.SH,20260525,20260528,3,,,2026-05-28T10:08:55
5527,1698,1000574,002185.SZ,20260525,20260528,3,,,2026-05-28T10:08:55
5528,1699,1000574,002156.SZ,20260525,20260528,3,,,2026-05-28T10:08:55
5529,1700,1000577,600584.SH,20260525,20260526,1,10.0037,1,2026-05-28T10:08:55
5530,1700,1000577,600584.SH,20260525,20260527,2,-2.3018,0,2026-05-28T10:08:55
5531,1700,1000577,600584.SH,20260525,20260528,3,,,2026-05-28T10:08:55
5532,1701,1000581,603661.SH,20260525,20260526,1,4.7233,1,2026-05-28T10:08:56
5533,1701,1000581,603661.SH,20260525,20260527,2,-10.008,0,2026-05-28T10:08:56
5534,1701,1000581,603661.SH,20260525,20260528,3,,,2026-05-28T10:08:56
5535,1702,1000582,600539.SH,20260525,20260526,1,-1.1016,0,2026-05-28T10:08:56
5536,1702,1000582,600539.SH,20260525,20260527,2,0.6188,0,2026-05-28T10:08:56
5537,1702,1000582,600539.SH,20260525,20260528,3,,,2026-05-28T10:08:56
5538,1703,1000583,600584.SH,20260525,20260526,1,10.0037,1,2026-05-28T10:08:56
5539,1704,1000583,002156.SZ,20260525,20260526,1,8.0396,1,2026-05-28T10:08:56
5540,1705,1000583,002185.SZ,20260525,20260526,1,10.0177,1,2026-05-28T10:08:56
5541,1706,1000583,688012.SH,20260525,20260526,1,-4.49,0,2026-05-28T10:08:56
5542,1707,1000583,002371.SZ,20260525,20260526,1,-4.0018,0,2026-05-28T10:08:56
5543,1708,1000583,688072.SH,20260525,20260526,1,4.0222,1,2026-05-28T10:08:56
5544,1709,1000583,688082.SH,20260525,20260526,1,2.3825,0,2026-05-28T10:08:56
5545,1710,1000583,300054.SZ,20260525,20260526,1,3.3117,1,2026-05-28T10:08:56
5546,1711,1000583,688019.SH,20260525,20260526,1,3.0618,1,2026-05-28T10:08:56
5547,1712,1000583,301269.SZ,20260525,20260526,1,7.9655,1,2026-05-28T10:08:56
5548,1713,1000583,688521.SH,20260525,20260526,1,-7.0283,0,2026-05-28T10:08:56
5549,1714,1000583,300458.SZ,20260525,20260526,1,-1.9817,0,2026-05-28T10:08:56
5550,1715,1000583,688018.SH,20260525,20260526,1,-1.4293,0,2026-05-28T10:08:56
5551,1716,1000583,300223.SZ,20260525,20260526,1,5.4115,1,2026-05-28T10:08:56
5552,1717,1000583,688728.SH,20260525,20260526,1,-1.1053,0,2026-05-28T10:08:56
5553,1719,1000583,688630.SH,20260525,20260526,1,-4.1493,0,2026-05-28T10:08:56
5554,1703,1000583,600584.SH,20260525,20260527,2,-2.3018,0,2026-05-28T10:08:56
5555,1704,1000583,002156.SZ,20260525,20260527,2,-5.1333,0,2026-05-28T10:08:56
5556,1705,1000583,002185.SZ,20260525,20260527,2,7.9272,1,2026-05-28T10:08:56
5557,1706,1000583,688012.SH,20260525,20260527,2,-1.8252,0,2026-05-28T10:08:56
5558,1707,1000583,002371.SZ,20260525,20260527,2,-2.3096,0,2026-05-28T10:08:56
5559,1708,1000583,688072.SH,20260525,20260527,2,-11.0667,0,2026-05-28T10:08:56
5560,1709,1000583,688082.SH,20260525,20260527,2,-6.2184,0,2026-05-28T10:08:56
5561,1710,1000583,300054.SZ,20260525,20260527,2,-7.731,0,2026-05-28T10:08:56
5562,1711,1000583,688019.SH,20260525,20260527,2,-7.7866,0,2026-05-28T10:08:56
5563,1712,1000583,301269.SZ,20260525,20260527,2,-5.6148,0,2026-05-28T10:08:56
5564,1713,1000583,688521.SH,20260525,20260527,2,-5.1475,0,2026-05-28T10:08:56
5565,1714,1000583,300458.SZ,20260525,20260527,2,0.8247,0,2026-05-28T10:08:56
5566,1715,1000583,688018.SH,20260525,20260527,2,-1.2919,0,2026-05-28T10:08:56
5567,1716,1000583,300223.SZ,20260525,20260527,2,6.9586,1,2026-05-28T10:08:56
5568,1717,1000583,688728.SH,20260525,20260527,2,0.0657,0,2026-05-28T10:08:56
5569,1719,1000583,688630.SH,20260525,20260527,2,-3.7644,0,2026-05-28T10:08:56
5570,1703,1000583,600584.SH,20260525,20260528,3,,,2026-05-28T10:08:56
5571,1704,1000583,002156.SZ,20260525,20260528,3,,,2026-05-28T10:08:56
5572,1705,1000583,002185.SZ,20260525,20260528,3,,,2026-05-28T10:08:56
5573,1706,1000583,688012.SH,20260525,20260528,3,,,2026-05-28T10:08:56
5574,1707,1000583,002371.SZ,20260525,20260528,3,,,2026-05-28T10:08:56
5575,1708,1000583,688072.SH,20260525,20260528,3,,,2026-05-28T10:08:56
5576,1709,1000583,688082.SH,20260525,20260528,3,,,2026-05-28T10:08:56
5577,1710,1000583,300054.SZ,20260525,20260528,3,,,2026-05-28T10:08:56
5578,1711,1000583,688019.SH,20260525,20260528,3,,,2026-05-28T10:08:56
5579,1712,1000583,301269.SZ,20260525,20260528,3,,,2026-05-28T10:08:56
5580,1713,1000583,688521.SH,20260525,20260528,3,,,2026-05-28T10:08:56
5581,1714,1000583,300458.SZ,20260525,20260528,3,,,2026-05-28T10:08:56
5582,1715,1000583,688018.SH,20260525,20260528,3,,,2026-05-28T10:08:56
5583,1716,1000583,300223.SZ,20260525,20260528,3,,,2026-05-28T10:08:56
5584,1717,1000583,688728.SH,20260525,20260528,3,,,2026-05-28T10:08:56
5585,1719,1000583,688630.SH,20260525,20260528,3,,,2026-05-28T10:08:56
5586,1720,1000584,002938.SZ,20260525,20260526,1,1.4696,0,2026-05-28T10:08:56
5587,1721,1000584,002463.SZ,20260525,20260526,1,8.8298,1,2026-05-28T10:08:56
5588,1722,1000584,002916.SZ,20260525,20260526,1,4.875,1,2026-05-28T10:08:56
5589,1723,1000584,300476.SZ,20260525,20260526,1,2.4641,0,2026-05-28T10:08:56
5590,1720,1000584,002938.SZ,20260525,20260527,2,-8.6983,0,2026-05-28T10:08:56
5591,1721,1000584,002463.SZ,20260525,20260527,2,-3.8017,0,2026-05-28T10:08:56
5592,1722,1000584,002916.SZ,20260525,20260527,2,-5.59,0,2026-05-28T10:08:56
5593,1723,1000584,300476.SZ,20260525,20260527,2,-3.4737,0,2026-05-28T10:08:56
5594,1720,1000584,002938.SZ,20260525,20260528,3,,,2026-05-28T10:08:56
5595,1721,1000584,002463.SZ,20260525,20260528,3,,,2026-05-28T10:08:56
5596,1722,1000584,002916.SZ,20260525,20260528,3,,,2026-05-28T10:08:56
5597,1723,1000584,300476.SZ,20260525,20260528,3,,,2026-05-28T10:08:56
5598,1724,1000585,600406.SH,20260525,20260526,1,-2.9703,0,2026-05-28T10:08:56
5599,1725,1000585,000400.SZ,20260525,20260526,1,-2.4345,0,2026-05-28T10:08:56
5600,1726,1000585,002028.SZ,20260525,20260526,1,-4.5535,0,2026-05-28T10:08:56
5601,1727,1000585,601179.SH,20260525,20260526,1,-2.8228,0,2026-05-28T10:08:56
5602,1728,1000585,601126.SH,20260525,20260526,1,-6.0336,0,2026-05-28T10:08:56
5603,1729,1000585,688100.SH,20260525,20260526,1,-2.0647,0,2026-05-28T10:08:56
5604,1724,1000585,600406.SH,20260525,20260527,2,0.3532,0,2026-05-28T10:08:56
5605,1725,1000585,000400.SZ,20260525,20260527,2,1.2668,0,2026-05-28T10:08:56
5606,1726,1000585,002028.SZ,20260525,20260527,2,1.9165,0,2026-05-28T10:08:56
5607,1727,1000585,601179.SH,20260525,20260527,2,2.4722,0,2026-05-28T10:08:56
5608,1728,1000585,601126.SH,20260525,20260527,2,10.0027,1,2026-05-28T10:08:56
5609,1729,1000585,688100.SH,20260525,20260527,2,-1.6764,0,2026-05-28T10:08:56
5610,1724,1000585,600406.SH,20260525,20260528,3,,,2026-05-28T10:08:56
5611,1725,1000585,000400.SZ,20260525,20260528,3,,,2026-05-28T10:08:56
5612,1726,1000585,002028.SZ,20260525,20260528,3,,,2026-05-28T10:08:56
5613,1727,1000585,601179.SH,20260525,20260528,3,,,2026-05-28T10:08:56
5614,1728,1000585,601126.SH,20260525,20260528,3,,,2026-05-28T10:08:56
5615,1729,1000585,688100.SH,20260525,20260528,3,,,2026-05-28T10:08:56
5616,1730,1000586,601600.SH,20260525,20260526,1,10.0091,1,2026-05-28T10:08:56
5617,1731,1000586,000807.SZ,20260525,20260526,1,7.3873,1,2026-05-28T10:08:56
5618,1732,1000586,002532.SZ,20260525,20260526,1,7.0175,1,2026-05-28T10:08:56
5619,1733,1000586,000933.SZ,20260525,20260526,1,6.2376,1,2026-05-28T10:08:56
5620,1730,1000586,601600.SH,20260525,20260527,2,-2.0678,0,2026-05-28T10:08:57
5621,1731,1000586,000807.SZ,20260525,20260527,2,-5.8378,0,2026-05-28T10:08:57
5622,1732,1000586,002532.SZ,20260525,20260527,2,-5.2823,0,2026-05-28T10:08:57
5623,1733,1000586,000933.SZ,20260525,20260527,2,-4.9084,0,2026-05-28T10:08:57
5624,1730,1000586,601600.SH,20260525,20260528,3,,,2026-05-28T10:08:57
5625,1731,1000586,000807.SZ,20260525,20260528,3,,,2026-05-28T10:08:57
5626,1732,1000586,002532.SZ,20260525,20260528,3,,,2026-05-28T10:08:57
5627,1733,1000586,000933.SZ,20260525,20260528,3,,,2026-05-28T10:08:57
5628,1734,1000587,603728.SH,20260525,20260526,1,1.464,0,2026-05-28T10:08:57
5629,1735,1000587,688017.SH,20260525,20260526,1,-3.0172,0,2026-05-28T10:08:57
5630,1736,1000587,002747.SZ,20260525,20260526,1,4.9633,1,2026-05-28T10:08:57
5631,1737,1000587,601689.SH,20260525,20260526,1,-1.1128,0,2026-05-28T10:08:57
5632,1734,1000587,603728.SH,20260525,20260527,2,-4.9286,0,2026-05-28T10:08:57
5633,1735,1000587,688017.SH,20260525,20260527,2,-5.1615,0,2026-05-28T10:08:57
5634,1736,1000587,002747.SZ,20260525,20260527,2,-5.328,0,2026-05-28T10:08:57
5635,1737,1000587,601689.SH,20260525,20260527,2,-5.1203,0,2026-05-28T10:08:57
5636,1734,1000587,603728.SH,20260525,20260528,3,,,2026-05-28T10:08:57
5637,1735,1000587,688017.SH,20260525,20260528,3,,,2026-05-28T10:08:57
5638,1736,1000587,002747.SZ,20260525,20260528,3,,,2026-05-28T10:08:57
5639,1737,1000587,601689.SH,20260525,20260528,3,,,2026-05-28T10:08:57
5640,1738,1000588,688297.SH,20260525,20260526,1,-2.53,0,2026-05-28T10:08:57
5641,1739,1000588,002389.SZ,20260525,20260526,1,-1.9102,0,2026-05-28T10:08:57
5642,1740,1000588,688070.SH,20260525,20260526,1,-3.9769,0,2026-05-28T10:08:57
5643,1738,1000588,688297.SH,20260525,20260527,2,-2.081,0,2026-05-28T10:08:57
5644,1739,1000588,002389.SZ,20260525,20260527,2,-4.5278,0,2026-05-28T10:08:57
5645,1740,1000588,688070.SH,20260525,20260527,2,-2.9837,0,2026-05-28T10:08:57
5646,1738,1000588,688297.SH,20260525,20260528,3,,,2026-05-28T10:08:57
5647,1739,1000588,002389.SZ,20260525,20260528,3,,,2026-05-28T10:08:57
5648,1740,1000588,688070.SH,20260525,20260528,3,,,2026-05-28T10:08:57
5649,1741,1000589,300458.SZ,20260525,20260526,1,-1.9817,0,2026-05-28T10:08:57
5650,1742,1000589,688018.SH,20260525,20260526,1,-1.4293,0,2026-05-28T10:08:57
5651,1743,1000589,300223.SZ,20260525,20260526,1,5.4115,1,2026-05-28T10:08:57
5652,1741,1000589,300458.SZ,20260525,20260527,2,0.8247,0,2026-05-28T10:08:57
5653,1742,1000589,688018.SH,20260525,20260527,2,-1.2919,0,2026-05-28T10:08:57
5654,1743,1000589,300223.SZ,20260525,20260527,2,6.9586,1,2026-05-28T10:08:57
5655,1741,1000589,300458.SZ,20260525,20260528,3,,,2026-05-28T10:08:57
5656,1742,1000589,688018.SH,20260525,20260528,3,,,2026-05-28T10:08:57
5657,1743,1000589,300223.SZ,20260525,20260528,3,,,2026-05-28T10:08:57
5658,1745,1000590,002446.SZ,20260525,20260526,1,-4.901,0,2026-05-28T10:08:57
5659,1746,1000590,300322.SZ,20260525,20260526,1,0.9874,0,2026-05-28T10:08:57
5660,1745,1000590,002446.SZ,20260525,20260527,2,-2.2795,0,2026-05-28T10:08:57
5661,1746,1000590,300322.SZ,20260525,20260527,2,-1.7778,0,2026-05-28T10:08:57
5662,1745,1000590,002446.SZ,20260525,20260528,3,,,2026-05-28T10:08:57
5663,1746,1000590,300322.SZ,20260525,20260528,3,,,2026-05-28T10:08:57
5664,1747,1000591,601118.SH,20260525,20260526,1,0.4847,0,2026-05-28T10:08:57
5665,1747,1000591,601118.SH,20260525,20260527,2,0.3215,0,2026-05-28T10:08:57
5666,1747,1000591,601118.SH,20260525,20260528,3,,,2026-05-28T10:08:57
5667,1748,1000592,002286.SZ,20260525,20260526,1,2.6107,0,2026-05-28T10:08:57
5668,1749,1000592,301206.SZ,20260525,20260526,1,-1.1923,0,2026-05-28T10:08:57
5669,1748,1000592,002286.SZ,20260525,20260527,2,0.885,0,2026-05-28T10:08:57
5670,1749,1000592,301206.SZ,20260525,20260527,2,-1.7517,0,2026-05-28T10:08:57
5671,1748,1000592,002286.SZ,20260525,20260528,3,,,2026-05-28T10:08:57
5672,1749,1000592,301206.SZ,20260525,20260528,3,,,2026-05-28T10:08:57
5673,1750,1000596,600584.SH,20260525,20260526,1,10.0037,1,2026-05-28T10:08:58
5674,1751,1000596,002516.SZ,20260525,20260526,1,3.8035,1,2026-05-28T10:08:58
5675,1752,1000596,002185.SZ,20260525,20260526,1,10.0177,1,2026-05-28T10:08:58
5676,1753,1000596,603005.SH,20260525,20260526,1,4.7619,1,2026-05-28T10:08:58
5677,1754,1000596,000021.SZ,20260525,20260526,1,3.8882,1,2026-05-28T10:08:58
5678,1750,1000596,600584.SH,20260525,20260527,2,-2.3018,0,2026-05-28T10:08:58
5679,1751,1000596,002516.SZ,20260525,20260527,2,-2.5954,0,2026-05-28T10:08:58
5680,1752,1000596,002185.SZ,20260525,20260527,2,7.9272,1,2026-05-28T10:08:58
5681,1753,1000596,603005.SH,20260525,20260527,2,-4.6341,0,2026-05-28T10:08:58
5682,1754,1000596,000021.SZ,20260525,20260527,2,2.8772,0,2026-05-28T10:08:58
5683,1750,1000596,600584.SH,20260525,20260528,3,,,2026-05-28T10:08:58
5684,1751,1000596,002516.SZ,20260525,20260528,3,,,2026-05-28T10:08:58
5685,1752,1000596,002185.SZ,20260525,20260528,3,,,2026-05-28T10:08:58
5686,1753,1000596,603005.SH,20260525,20260528,3,,,2026-05-28T10:08:58
5687,1754,1000596,000021.SZ,20260525,20260528,3,,,2026-05-28T10:08:58
5688,1755,1000597,600406.SH,20260525,20260526,1,-2.9703,0,2026-05-28T10:08:58
5689,1756,1000597,000400.SZ,20260525,20260526,1,-2.4345,0,2026-05-28T10:08:58
5690,1757,1000597,600312.SH,20260525,20260526,1,-4.6754,0,2026-05-28T10:08:58
5691,1758,1000597,002028.SZ,20260525,20260526,1,-4.5535,0,2026-05-28T10:08:58
5692,1759,1000597,600089.SH,20260525,20260526,1,-1.9955,0,2026-05-28T10:08:58
5693,1755,1000597,600406.SH,20260525,20260527,2,0.3532,0,2026-05-28T10:08:58
5694,1756,1000597,000400.SZ,20260525,20260527,2,1.2668,0,2026-05-28T10:08:58
5695,1757,1000597,600312.SH,20260525,20260527,2,0.7619,0,2026-05-28T10:08:58
5696,1758,1000597,002028.SZ,20260525,20260527,2,1.9165,0,2026-05-28T10:08:58
5697,1759,1000597,600089.SH,20260525,20260527,2,0.1153,0,2026-05-28T10:08:58
5698,1755,1000597,600406.SH,20260525,20260528,3,,,2026-05-28T10:08:58
5699,1756,1000597,000400.SZ,20260525,20260528,3,,,2026-05-28T10:08:58
5700,1757,1000597,600312.SH,20260525,20260528,3,,,2026-05-28T10:08:58
5701,1758,1000597,002028.SZ,20260525,20260528,3,,,2026-05-28T10:08:58
5702,1759,1000597,600089.SH,20260525,20260528,3,,,2026-05-28T10:08:58
5703,1760,1000598,601600.SH,20260525,20260526,1,10.0091,1,2026-05-28T10:08:58
5704,1761,1000598,000807.SZ,20260525,20260526,1,7.3873,1,2026-05-28T10:08:58
5705,1762,1000598,000933.SZ,20260525,20260526,1,6.2376,1,2026-05-28T10:08:58
5706,1763,1000598,002532.SZ,20260525,20260526,1,7.0175,1,2026-05-28T10:08:58
5707,1764,1000598,600219.SH,20260525,20260526,1,8.8123,1,2026-05-28T10:08:58
5708,1760,1000598,601600.SH,20260525,20260527,2,-2.0678,0,2026-05-28T10:08:58
5709,1761,1000598,000807.SZ,20260525,20260527,2,-5.8378,0,2026-05-28T10:08:58
5710,1762,1000598,000933.SZ,20260525,20260527,2,-4.9084,0,2026-05-28T10:08:58
5711,1763,1000598,002532.SZ,20260525,20260527,2,-5.2823,0,2026-05-28T10:08:58
5712,1764,1000598,600219.SH,20260525,20260527,2,-5.9859,0,2026-05-28T10:08:58
5713,1760,1000598,601600.SH,20260525,20260528,3,,,2026-05-28T10:08:58
5714,1761,1000598,000807.SZ,20260525,20260528,3,,,2026-05-28T10:08:58
5715,1762,1000598,000933.SZ,20260525,20260528,3,,,2026-05-28T10:08:58
5716,1763,1000598,002532.SZ,20260525,20260528,3,,,2026-05-28T10:08:58
5717,1764,1000598,600219.SH,20260525,20260528,3,,,2026-05-28T10:08:58
5718,1765,1000599,601118.SH,20260525,20260526,1,0.4847,0,2026-05-28T10:08:58
5719,1766,1000599,601058.SH,20260525,20260526,1,1.5267,0,2026-05-28T10:08:58
5720,1767,1000599,601966.SH,20260525,20260526,1,2.5,0,2026-05-28T10:08:58
5721,1768,1000599,002984.SZ,20260525,20260526,1,2.9812,0,2026-05-28T10:08:58
5722,1769,1000599,601163.SH,20260525,20260526,1,0.473,0,2026-05-28T10:08:58
5723,1765,1000599,601118.SH,20260525,20260527,2,0.3215,0,2026-05-28T10:08:58
5724,1766,1000599,601058.SH,20260525,20260527,2,-2.1805,0,2026-05-28T10:08:58
5725,1767,1000599,601966.SH,20260525,20260527,2,-1.626,0,2026-05-28T10:08:58
5726,1768,1000599,002984.SZ,20260525,20260527,2,-0.3776,0,2026-05-28T10:08:58
5727,1769,1000599,601163.SH,20260525,20260527,2,-2.421,0,2026-05-28T10:08:58
5728,1765,1000599,601118.SH,20260525,20260528,3,,,2026-05-28T10:08:58
5729,1766,1000599,601058.SH,20260525,20260528,3,,,2026-05-28T10:08:58
5730,1767,1000599,601966.SH,20260525,20260528,3,,,2026-05-28T10:08:58
5731,1768,1000599,002984.SZ,20260525,20260528,3,,,2026-05-28T10:08:58
5732,1769,1000599,601163.SH,20260525,20260528,3,,,2026-05-28T10:08:58
5733,1770,1000600,688521.SH,20260525,20260526,1,-7.0283,0,2026-05-28T10:08:58
5734,1771,1000600,300223.SZ,20260525,20260526,1,5.4115,1,2026-05-28T10:08:58
5735,1772,1000600,300458.SZ,20260525,20260526,1,-1.9817,0,2026-05-28T10:08:58
5736,1773,1000600,688018.SH,20260525,20260526,1,-1.4293,0,2026-05-28T10:08:58
5737,1774,1000600,688332.SH,20260525,20260526,1,1.9582,0,2026-05-28T10:08:58
5738,1770,1000600,688521.SH,20260525,20260527,2,-5.1475,0,2026-05-28T10:08:58
5739,1771,1000600,300223.SZ,20260525,20260527,2,6.9586,1,2026-05-28T10:08:58
5740,1772,1000600,300458.SZ,20260525,20260527,2,0.8247,0,2026-05-28T10:08:58
5741,1773,1000600,688018.SH,20260525,20260527,2,-1.2919,0,2026-05-28T10:08:58
5742,1774,1000600,688332.SH,20260525,20260527,2,5.6207,1,2026-05-28T10:08:58
5743,1770,1000600,688521.SH,20260525,20260528,3,,,2026-05-28T10:08:58
5744,1771,1000600,300223.SZ,20260525,20260528,3,,,2026-05-28T10:08:58
5745,1772,1000600,300458.SZ,20260525,20260528,3,,,2026-05-28T10:08:58
5746,1773,1000600,688018.SH,20260525,20260528,3,,,2026-05-28T10:08:58
5747,1774,1000600,688332.SH,20260525,20260528,3,,,2026-05-28T10:08:58
5748,1775,1000601,002025.SZ,20260525,20260526,1,-4.1721,0,2026-05-28T10:08:59
5749,1776,1000601,002179.SZ,20260525,20260526,1,-2.398,0,2026-05-28T10:08:59
5750,1777,1000601,600118.SH,20260525,20260526,1,-3.7568,0,2026-05-28T10:08:59
5751,1778,1000601,300762.SZ,20260525,20260526,1,-5.8987,0,2026-05-28T10:08:59
5752,1779,1000601,688102.SH,20260525,20260526,1,-4.4565,0,2026-05-28T10:08:59
5753,1775,1000601,002025.SZ,20260525,20260527,2,-5.4558,0,2026-05-28T10:08:59
5754,1776,1000601,002179.SZ,20260525,20260527,2,-1.9504,0,2026-05-28T10:08:59
5755,1777,1000601,600118.SH,20260525,20260527,2,-3.0045,0,2026-05-28T10:08:59
5756,1778,1000601,300762.SZ,20260525,20260527,2,-3.0806,0,2026-05-28T10:08:59
5757,1779,1000601,688102.SH,20260525,20260527,2,-3.9129,0,2026-05-28T10:08:59
5758,1775,1000601,002025.SZ,20260525,20260528,3,,,2026-05-28T10:08:59
5759,1776,1000601,002179.SZ,20260525,20260528,3,,,2026-05-28T10:08:59
5760,1777,1000601,600118.SH,20260525,20260528,3,,,2026-05-28T10:08:59
5761,1778,1000601,300762.SZ,20260525,20260528,3,,,2026-05-28T10:08:59
5762,1779,1000601,688102.SH,20260525,20260528,3,,,2026-05-28T10:08:59
5763,1780,1000602,600584.SH,20260525,20260526,1,10.0037,1,2026-05-28T10:08:59
5764,1781,1000602,002156.SZ,20260525,20260526,1,8.0396,1,2026-05-28T10:08:59
5765,1782,1000602,002185.SZ,20260525,20260526,1,10.0177,1,2026-05-28T10:08:59
5766,1783,1000602,300458.SZ,20260525,20260526,1,-1.9817,0,2026-05-28T10:08:59
5767,1784,1000602,300223.SZ,20260525,20260526,1,5.4115,1,2026-05-28T10:08:59
5768,1785,1000602,688018.SH,20260525,20260526,1,-1.4293,0,2026-05-28T10:08:59
5769,1786,1000602,300054.SZ,20260525,20260526,1,3.3117,1,2026-05-28T10:08:59
5770,1787,1000602,688019.SH,20260525,20260526,1,3.0618,1,2026-05-28T10:08:59
5771,1788,1000602,688082.SH,20260525,20260526,1,2.3825,0,2026-05-28T10:08:59
5772,1780,1000602,600584.SH,20260525,20260527,2,-2.3018,0,2026-05-28T10:08:59
5773,1781,1000602,002156.SZ,20260525,20260527,2,-5.1333,0,2026-05-28T10:08:59
5774,1782,1000602,002185.SZ,20260525,20260527,2,7.9272,1,2026-05-28T10:08:59
5775,1783,1000602,300458.SZ,20260525,20260527,2,0.8247,0,2026-05-28T10:08:59
5776,1784,1000602,300223.SZ,20260525,20260527,2,6.9586,1,2026-05-28T10:08:59
5777,1785,1000602,688018.SH,20260525,20260527,2,-1.2919,0,2026-05-28T10:08:59
5778,1786,1000602,300054.SZ,20260525,20260527,2,-7.731,0,2026-05-28T10:08:59
5779,1787,1000602,688019.SH,20260525,20260527,2,-7.7866,0,2026-05-28T10:08:59
5780,1788,1000602,688082.SH,20260525,20260527,2,-6.2184,0,2026-05-28T10:08:59
5781,1780,1000602,600584.SH,20260525,20260528,3,,,2026-05-28T10:08:59
5782,1781,1000602,002156.SZ,20260525,20260528,3,,,2026-05-28T10:08:59
5783,1782,1000602,002185.SZ,20260525,20260528,3,,,2026-05-28T10:08:59
5784,1783,1000602,300458.SZ,20260525,20260528,3,,,2026-05-28T10:08:59
5785,1784,1000602,300223.SZ,20260525,20260528,3,,,2026-05-28T10:08:59
5786,1785,1000602,688018.SH,20260525,20260528,3,,,2026-05-28T10:08:59
5787,1786,1000602,300054.SZ,20260525,20260528,3,,,2026-05-28T10:08:59
5788,1787,1000602,688019.SH,20260525,20260528,3,,,2026-05-28T10:08:59
5789,1788,1000602,688082.SH,20260525,20260528,3,,,2026-05-28T10:08:59
5790,1789,1000603,600406.SH,20260525,20260526,1,-2.9703,0,2026-05-28T10:08:59
5791,1790,1000603,600089.SH,20260525,20260526,1,-1.9955,0,2026-05-28T10:08:59
5792,1791,1000603,000400.SZ,20260525,20260526,1,-2.4345,0,2026-05-28T10:08:59
5793,1792,1000603,603290.SH,20260525,20260526,1,-4.7435,0,2026-05-28T10:08:59
5794,1793,1000603,688187.SH,20260525,20260526,1,-1.532,0,2026-05-28T10:08:59
5795,1794,1000603,600460.SH,20260525,20260526,1,-0.8482,0,2026-05-28T10:08:59
5796,1789,1000603,600406.SH,20260525,20260527,2,0.3532,0,2026-05-28T10:08:59
5797,1790,1000603,600089.SH,20260525,20260527,2,0.1153,0,2026-05-28T10:08:59
5798,1791,1000603,000400.SZ,20260525,20260527,2,1.2668,0,2026-05-28T10:08:59
5799,1792,1000603,603290.SH,20260525,20260527,2,1.5496,0,2026-05-28T10:08:59
5800,1793,1000603,688187.SH,20260525,20260527,2,5.7959,1,2026-05-28T10:08:59
5801,1794,1000603,600460.SH,20260525,20260527,2,4.9558,1,2026-05-28T10:08:59
5802,1789,1000603,600406.SH,20260525,20260528,3,,,2026-05-28T10:08:59
5803,1790,1000603,600089.SH,20260525,20260528,3,,,2026-05-28T10:08:59
5804,1791,1000603,000400.SZ,20260525,20260528,3,,,2026-05-28T10:08:59
5805,1792,1000603,603290.SH,20260525,20260528,3,,,2026-05-28T10:08:59
5806,1793,1000603,688187.SH,20260525,20260528,3,,,2026-05-28T10:08:59
5807,1794,1000603,600460.SH,20260525,20260528,3,,,2026-05-28T10:08:59
5808,1795,1000604,000063.SZ,20260525,20260526,1,-2.0127,0,2026-05-28T10:08:59
5809,1796,1000604,688387.SH,20260525,20260526,1,-4.2269,0,2026-05-28T10:08:59
5810,1797,1000604,300308.SZ,20260525,20260526,1,0.9149,0,2026-05-28T10:08:59
5811,1798,1000604,300394.SZ,20260525,20260526,1,2.523,0,2026-05-28T10:08:59
5812,1799,1000604,300502.SZ,20260525,20260526,1,6.2199,1,2026-05-28T10:08:59
5813,1800,1000604,002938.SZ,20260525,20260526,1,1.4696,0,2026-05-28T10:08:59
5814,1801,1000604,002916.SZ,20260525,20260526,1,4.875,1,2026-05-28T10:08:59
5815,1802,1000604,002463.SZ,20260525,20260526,1,8.8298,1,2026-05-28T10:08:59
5816,1795,1000604,000063.SZ,20260525,20260527,2,-2.0259,0,2026-05-28T10:08:59
5817,1796,1000604,688387.SH,20260525,20260527,2,-2.2905,0,2026-05-28T10:08:59
5818,1797,1000604,300308.SZ,20260525,20260527,2,0.7588,0,2026-05-28T10:08:59
5819,1798,1000604,300394.SZ,20260525,20260527,2,5.3717,1,2026-05-28T10:08:59
5820,1799,1000604,300502.SZ,20260525,20260527,2,-0.7143,0,2026-05-28T10:08:59
5821,1800,1000604,002938.SZ,20260525,20260527,2,-8.6983,0,2026-05-28T10:08:59
5822,1801,1000604,002916.SZ,20260525,20260527,2,-5.59,0,2026-05-28T10:08:59
5823,1802,1000604,002463.SZ,20260525,20260527,2,-3.8017,0,2026-05-28T10:08:59
5824,1795,1000604,000063.SZ,20260525,20260528,3,,,2026-05-28T10:08:59
5825,1796,1000604,688387.SH,20260525,20260528,3,,,2026-05-28T10:08:59
5826,1797,1000604,300308.SZ,20260525,20260528,3,,,2026-05-28T10:08:59
5827,1798,1000604,300394.SZ,20260525,20260528,3,,,2026-05-28T10:08:59
5828,1799,1000604,300502.SZ,20260525,20260528,3,,,2026-05-28T10:08:59
5829,1800,1000604,002938.SZ,20260525,20260528,3,,,2026-05-28T10:08:59
5830,1801,1000604,002916.SZ,20260525,20260528,3,,,2026-05-28T10:08:59
5831,1802,1000604,002463.SZ,20260525,20260528,3,,,2026-05-28T10:08:59
5832,1803,1000605,600026.SH,20260525,20260526,1,-2.9707,0,2026-05-28T10:08:59
5833,1804,1000605,601872.SH,20260525,20260526,1,-2.87,0,2026-05-28T10:08:59
5834,1805,1000605,600150.SH,20260525,20260526,1,2.0844,0,2026-05-28T10:08:59
5835,1806,1000605,601600.SH,20260525,20260526,1,10.0091,1,2026-05-28T10:08:59
5836,1807,1000605,000807.SZ,20260525,20260526,1,7.3873,1,2026-05-28T10:08:59
5837,1808,1000605,601118.SH,20260525,20260526,1,0.4847,0,2026-05-28T10:08:59
5838,1809,1000605,600938.SH,20260525,20260526,1,1.5887,0,2026-05-28T10:08:59
5839,1810,1000605,002493.SZ,20260525,20260526,1,1.9983,0,2026-05-28T10:08:59
5840,1803,1000605,600026.SH,20260525,20260527,2,-4.3806,0,2026-05-28T10:08:59
5841,1804,1000605,601872.SH,20260525,20260527,2,-5.6199,0,2026-05-28T10:08:59
5842,1805,1000605,600150.SH,20260525,20260527,2,-1.7317,0,2026-05-28T10:08:59
5843,1806,1000605,601600.SH,20260525,20260527,2,-2.0678,0,2026-05-28T10:08:59
5844,1807,1000605,000807.SZ,20260525,20260527,2,-5.8378,0,2026-05-28T10:08:59
5845,1808,1000605,601118.SH,20260525,20260527,2,0.3215,0,2026-05-28T10:08:59
5846,1809,1000605,600938.SH,20260525,20260527,2,-3.0708,0,2026-05-28T10:08:59
5847,1810,1000605,002493.SZ,20260525,20260527,2,-1.7888,0,2026-05-28T10:08:59
5848,1803,1000605,600026.SH,20260525,20260528,3,,,2026-05-28T10:08:59
5849,1804,1000605,601872.SH,20260525,20260528,3,,,2026-05-28T10:08:59
5850,1805,1000605,600150.SH,20260525,20260528,3,,,2026-05-28T10:08:59
5851,1806,1000605,601600.SH,20260525,20260528,3,,,2026-05-28T10:08:59
5852,1807,1000605,000807.SZ,20260525,20260528,3,,,2026-05-28T10:08:59
5853,1808,1000605,601118.SH,20260525,20260528,3,,,2026-05-28T10:08:59
5854,1809,1000605,600938.SH,20260525,20260528,3,,,2026-05-28T10:08:59
5855,1810,1000605,002493.SZ,20260525,20260528,3,,,2026-05-28T10:08:59
5856,1811,1000606,300750.SZ,20260525,20260526,1,-0.0943,0,2026-05-28T10:08:59
5857,1812,1000606,002920.SZ,20260525,20260526,1,1.2648,0,2026-05-28T10:08:59
5858,1813,1000606,300496.SZ,20260525,20260526,1,3.3955,1,2026-05-28T10:08:59
5859,1814,1000606,688326.SH,20260525,20260526,1,-1.262,0,2026-05-28T10:08:59
5860,1815,1000606,601127.SH,20260525,20260526,1,5.2753,1,2026-05-28T10:08:59
5861,1816,1000606,002594.SZ,20260525,20260526,1,0.6148,0,2026-05-28T10:08:59
5862,1811,1000606,300750.SZ,20260525,20260527,2,3.0559,1,2026-05-28T10:08:59
5863,1812,1000606,002920.SZ,20260525,20260527,2,2.1424,0,2026-05-28T10:08:59
5864,1813,1000606,300496.SZ,20260525,20260527,2,-1.2382,0,2026-05-28T10:08:59
5865,1814,1000606,688326.SH,20260525,20260527,2,-3.2496,0,2026-05-28T10:08:59
5866,1815,1000606,601127.SH,20260525,20260527,2,-2.0715,0,2026-05-28T10:08:59
5867,1816,1000606,002594.SZ,20260525,20260527,2,-1.3775,0,2026-05-28T10:08:59
5868,1811,1000606,300750.SZ,20260525,20260528,3,,,2026-05-28T10:08:59
5869,1812,1000606,002920.SZ,20260525,20260528,3,,,2026-05-28T10:08:59
5870,1813,1000606,300496.SZ,20260525,20260528,3,,,2026-05-28T10:08:59
5871,1814,1000606,688326.SH,20260525,20260528,3,,,2026-05-28T10:08:59
5872,1815,1000606,601127.SH,20260525,20260528,3,,,2026-05-28T10:08:59
5873,1816,1000606,002594.SZ,20260525,20260528,3,,,2026-05-28T10:08:59
5874,1817,1000607,002025.SZ,20260525,20260526,1,-4.1721,0,2026-05-28T10:08:59
5875,1818,1000607,002179.SZ,20260525,20260526,1,-2.398,0,2026-05-28T10:08:59
5876,1819,1000607,600118.SH,20260525,20260526,1,-3.7568,0,2026-05-28T10:08:59
5877,1820,1000607,001270.SZ,20260525,20260526,1,0.0418,0,2026-05-28T10:08:59
5878,1821,1000607,300102.SZ,20260525,20260526,1,-4.2094,0,2026-05-28T10:08:59
5879,1817,1000607,002025.SZ,20260525,20260527,2,-5.4558,0,2026-05-28T10:08:59
5880,1818,1000607,002179.SZ,20260525,20260527,2,-1.9504,0,2026-05-28T10:08:59
5881,1819,1000607,600118.SH,20260525,20260527,2,-3.0045,0,2026-05-28T10:08:59
5882,1820,1000607,001270.SZ,20260525,20260527,2,7.4503,1,2026-05-28T10:08:59
5883,1821,1000607,300102.SZ,20260525,20260527,2,-2.7895,0,2026-05-28T10:08:59
5884,1817,1000607,002025.SZ,20260525,20260528,3,,,2026-05-28T10:08:59
5885,1818,1000607,002179.SZ,20260525,20260528,3,,,2026-05-28T10:08:59
5886,1819,1000607,600118.SH,20260525,20260528,3,,,2026-05-28T10:08:59
5887,1820,1000607,001270.SZ,20260525,20260528,3,,,2026-05-28T10:08:59
5888,1821,1000607,300102.SZ,20260525,20260528,3,,,2026-05-28T10:08:59
5889,1822,1000608,603019.SH,20260525,20260526,1,-2.198,0,2026-05-28T10:08:59
5890,1823,1000608,000977.SZ,20260525,20260526,1,-2.7457,0,2026-05-28T10:08:59
5891,1824,1000608,300017.SZ,20260525,20260526,1,-3.7253,0,2026-05-28T10:08:59
5892,1825,1000608,300383.SZ,20260525,20260526,1,-3.6849,0,2026-05-28T10:08:59
5893,1826,1000608,000039.SZ,20260525,20260526,1,-0.0988,0,2026-05-28T10:08:59
5894,1827,1000608,603986.SH,20260525,20260526,1,2.2084,0,2026-05-28T10:08:59
5895,1828,1000608,300223.SZ,20260525,20260526,1,5.4115,1,2026-05-28T10:08:59
5896,1822,1000608,603019.SH,20260525,20260527,2,-3.5408,0,2026-05-28T10:08:59
5897,1823,1000608,000977.SZ,20260525,20260527,2,-4.1308,0,2026-05-28T10:08:59
5898,1824,1000608,300017.SZ,20260525,20260527,2,-4.5949,0,2026-05-28T10:08:59
5899,1825,1000608,300383.SZ,20260525,20260527,2,-5.2111,0,2026-05-28T10:08:59
5900,1826,1000608,000039.SZ,20260525,20260527,2,2.275,0,2026-05-28T10:08:59
5901,1827,1000608,603986.SH,20260525,20260527,2,-2.288,0,2026-05-28T10:08:59
5902,1828,1000608,300223.SZ,20260525,20260527,2,6.9586,1,2026-05-28T10:08:59
5903,1822,1000608,603019.SH,20260525,20260528,3,,,2026-05-28T10:08:59
5904,1823,1000608,000977.SZ,20260525,20260528,3,,,2026-05-28T10:08:59
5905,1824,1000608,300017.SZ,20260525,20260528,3,,,2026-05-28T10:08:59
5906,1825,1000608,300383.SZ,20260525,20260528,3,,,2026-05-28T10:08:59
5907,1826,1000608,000039.SZ,20260525,20260528,3,,,2026-05-28T10:08:59
5908,1827,1000608,603986.SH,20260525,20260528,3,,,2026-05-28T10:08:59
5909,1828,1000608,300223.SZ,20260525,20260528,3,,,2026-05-28T10:08:59
5910,1829,1000609,002389.SZ,20260525,20260526,1,-1.9102,0,2026-05-28T10:09:00
5911,1830,1000609,600760.SH,20260525,20260526,1,-1.3116,0,2026-05-28T10:09:00
5912,1831,1000609,300275.SZ,20260525,20260526,1,-8.8889,0,2026-05-28T10:09:00
5913,1832,1000609,300024.SZ,20260525,20260526,1,0.8881,0,2026-05-28T10:09:00
5914,1829,1000609,002389.SZ,20260525,20260527,2,-4.5278,0,2026-05-28T10:09:00
5915,1830,1000609,600760.SH,20260525,20260527,2,-1.6136,0,2026-05-28T10:09:00
5916,1831,1000609,300275.SZ,20260525,20260527,2,-6.0038,0,2026-05-28T10:09:00
5917,1832,1000609,300024.SZ,20260525,20260527,2,-3.3451,0,2026-05-28T10:09:00
5918,1829,1000609,002389.SZ,20260525,20260528,3,,,2026-05-28T10:09:00
5919,1830,1000609,600760.SH,20260525,20260528,3,,,2026-05-28T10:09:00
5920,1831,1000609,300275.SZ,20260525,20260528,3,,,2026-05-28T10:09:00
5921,1832,1000609,300024.SZ,20260525,20260528,3,,,2026-05-28T10:09:00
5922,1833,1000610,600325.SH,20260525,20260526,1,0.3497,0,2026-05-28T10:09:00
5923,1834,1000610,000090.SZ,20260525,20260526,1,-1.5015,0,2026-05-28T10:09:00
5924,1835,1000610,603661.SH,20260525,20260526,1,4.7233,1,2026-05-28T10:09:00
5925,1836,1000610,603833.SH,20260525,20260526,1,1.2887,0,2026-05-28T10:09:00
5926,1833,1000610,600325.SH,20260525,20260527,2,-4.1812,0,2026-05-28T10:09:00
5927,1834,1000610,000090.SZ,20260525,20260527,2,-3.0488,0,2026-05-28T10:09:00
5928,1835,1000610,603661.SH,20260525,20260527,2,-10.008,0,2026-05-28T10:09:00
5929,1836,1000610,603833.SH,20260525,20260527,2,-0.5344,0,2026-05-28T10:09:00
5930,1833,1000610,600325.SH,20260525,20260528,3,,,2026-05-28T10:09:00
5931,1834,1000610,000090.SZ,20260525,20260528,3,,,2026-05-28T10:09:00
5932,1835,1000610,603661.SH,20260525,20260528,3,,,2026-05-28T10:09:00
5933,1836,1000610,603833.SH,20260525,20260528,3,,,2026-05-28T10:09:00
5934,1837,1000611,002286.SZ,20260525,20260526,1,2.6107,0,2026-05-28T10:09:00
5935,1838,1000611,301206.SZ,20260525,20260526,1,-1.1923,0,2026-05-28T10:09:00
5936,1839,1000611,605016.SH,20260525,20260526,1,-0.7727,0,2026-05-28T10:09:00
5937,1837,1000611,002286.SZ,20260525,20260527,2,0.885,0,2026-05-28T10:09:00
5938,1838,1000611,301206.SZ,20260525,20260527,2,-1.7517,0,2026-05-28T10:09:00
5939,1839,1000611,605016.SH,20260525,20260527,2,-3.6475,0,2026-05-28T10:09:00
5940,1837,1000611,002286.SZ,20260525,20260528,3,,,2026-05-28T10:09:00
5941,1838,1000611,301206.SZ,20260525,20260528,3,,,2026-05-28T10:09:00
5942,1839,1000611,605016.SH,20260525,20260528,3,,,2026-05-28T10:09:00
5943,1840,1000612,002156.SZ,20260525,20260526,1,8.0396,1,2026-05-28T10:09:00
5944,1841,1000612,603936.SH,20260525,20260526,1,5.5936,1,2026-05-28T10:09:00
5945,1842,1000612,002185.SZ,20260525,20260526,1,10.0177,1,2026-05-28T10:09:00
5946,1843,1000612,688981.SH,20260525,20260526,1,-4.3718,0,2026-05-28T10:09:00
5947,1840,1000612,002156.SZ,20260525,20260527,2,-5.1333,0,2026-05-28T10:09:00
5948,1841,1000612,603936.SH,20260525,20260527,2,-8.0793,0,2026-05-28T10:09:00
5949,1842,1000612,002185.SZ,20260525,20260527,2,7.9272,1,2026-05-28T10:09:00
5950,1843,1000612,688981.SH,20260525,20260527,2,-1.9842,0,2026-05-28T10:09:00
5951,1840,1000612,002156.SZ,20260525,20260528,3,,,2026-05-28T10:09:00
5952,1841,1000612,603936.SH,20260525,20260528,3,,,2026-05-28T10:09:00
5953,1842,1000612,002185.SZ,20260525,20260528,3,,,2026-05-28T10:09:00
5954,1843,1000612,688981.SH,20260525,20260528,3,,,2026-05-28T10:09:00
5955,1844,1000613,600503.SH,20260525,20260526,1,-2.0979,0,2026-05-28T10:09:00
5956,1845,1000613,600539.SH,20260525,20260526,1,-1.1016,0,2026-05-28T10:09:00
5957,1844,1000613,600503.SH,20260525,20260527,2,-2.5,0,2026-05-28T10:09:00
5958,1845,1000613,600539.SH,20260525,20260527,2,0.6188,0,2026-05-28T10:09:00
5959,1844,1000613,600503.SH,20260525,20260528,3,,,2026-05-28T10:09:00
5960,1845,1000613,600539.SH,20260525,20260528,3,,,2026-05-28T10:09:00
5961,1846,1000614,002938.SZ,20260525,20260526,1,1.4696,0,2026-05-28T10:09:00
5962,1846,1000614,002938.SZ,20260525,20260527,2,-8.6983,0,2026-05-28T10:09:00
5963,1846,1000614,002938.SZ,20260525,20260528,3,,,2026-05-28T10:09:00
5970,1174,1000386,002185.SZ,20260526,20260528,2,,,2026-05-28T10:09:01
5971,1175,1000386,600584.SH,20260526,20260528,2,,,2026-05-28T10:09:01
5972,1176,1000386,300337.SZ,20260526,20260528,2,,,2026-05-28T10:09:01
5973,1177,1000386,688041.SH,20260526,20260528,2,,,2026-05-28T10:09:01
5974,1178,1000386,688981.SH,20260526,20260528,2,,,2026-05-28T10:09:01
5975,1179,1000386,688521.SH,20260526,20260528,2,,,2026-05-28T10:09:01
5983,1180,1000387,601600.SH,20260526,20260528,2,,,2026-05-28T10:09:01
5984,1181,1000387,000807.SZ,20260526,20260528,2,,,2026-05-28T10:09:01
5985,1182,1000387,603938.SH,20260526,20260528,2,,,2026-05-28T10:09:01
5986,1183,1000387,600489.SH,20260526,20260528,2,,,2026-05-28T10:09:01
5987,1184,1000387,600547.SH,20260526,20260528,2,,,2026-05-28T10:09:01
5988,1185,1000387,601958.SH,20260526,20260528,2,,,2026-05-28T10:09:01
5989,1186,1000387,603993.SH,20260526,20260528,2,,,2026-05-28T10:09:01
5994,1187,1000388,688521.SH,20260526,20260528,2,,,2026-05-28T10:09:01
5995,1188,1000388,688052.SH,20260526,20260528,2,,,2026-05-28T10:09:01
5996,1189,1000388,688141.SH,20260526,20260528,2,,,2026-05-28T10:09:01
5997,1190,1000388,603501.SH,20260526,20260528,2,,,2026-05-28T10:09:01
6001,1191,1000389,600172.SH,20260526,20260528,2,,,2026-05-28T10:09:01
6002,1192,1000389,301071.SZ,20260526,20260528,2,,,2026-05-28T10:09:01
6003,1193,1000389,688028.SH,20260526,20260528,2,,,2026-05-28T10:09:01
6006,1194,1000390,002185.SZ,20260526,20260528,2,,,2026-05-28T10:09:01
6007,1195,1000390,603773.SH,20260526,20260528,2,,,2026-05-28T10:09:01
6013,1196,1000391,002460.SZ,20260526,20260528,2,,,2026-05-28T10:09:01
6014,1197,1000391,002738.SZ,20260526,20260528,2,,,2026-05-28T10:09:01
6015,1198,1000391,002812.SZ,20260526,20260528,2,,,2026-05-28T10:09:01
6016,1199,1000391,300769.SZ,20260526,20260528,2,,,2026-05-28T10:09:01
6017,1200,1000391,300450.SZ,20260526,20260528,2,,,2026-05-28T10:09:01
6020,1201,1000392,688608.SH,20260526,20260528,2,,,2026-05-28T10:09:01
6021,1202,1000392,688521.SH,20260526,20260528,2,,,2026-05-28T10:09:01
6025,1203,1000393,301162.SZ,20260526,20260528,2,,,2026-05-28T10:09:01
6026,1204,1000393,688248.SH,20260526,20260528,2,,,2026-05-28T10:09:01
6027,1205,1000393,600131.SH,20260526,20260528,2,,,2026-05-28T10:09:01
6030,1206,1000394,601012.SH,20260526,20260528,2,,,2026-05-28T10:09:01
6031,1207,1000394,002459.SZ,20260526,20260528,2,,,2026-05-28T10:09:01
6034,1208,1000395,002484.SZ,20260526,20260528,2,,,2026-05-28T10:09:01
6035,1209,1000395,600563.SH,20260526,20260528,2,,,2026-05-28T10:09:01
6038,1210,1000396,002896.SZ,20260526,20260528,2,,,2026-05-28T10:09:02
6039,1211,1000396,688017.SH,20260526,20260528,2,,,2026-05-28T10:09:02
6041,1212,1000399,002667.SZ,20260526,20260528,2,,,2026-05-28T10:09:02
6042,915,1000294,002579.SZ,20260527,20260528,1,,,2026-05-28T10:09:14
6043,916,1000294,600206.SH,20260527,20260528,1,,,2026-05-28T10:09:14
6044,917,1000294,600745.SH,20260527,20260528,1,,,2026-05-28T10:09:14
6045,918,1000294,600063.SH,20260527,20260528,1,,,2026-05-28T10:09:14
6046,919,1000294,002484.SZ,20260527,20260528,1,,,2026-05-28T10:09:14
6047,920,1000294,600563.SH,20260527,20260528,1,,,2026-05-28T10:09:14
6048,921,1000295,600406.SH,20260527,20260528,1,,,2026-05-28T10:09:14
6049,922,1000295,300513.SZ,20260527,20260528,1,,,2026-05-28T10:09:14
6050,923,1000295,300880.SZ,20260527,20260528,1,,,2026-05-28T10:09:14
6051,924,1000295,601126.SH,20260527,20260528,1,,,2026-05-28T10:09:14
6052,925,1000295,301162.SZ,20260527,20260528,1,,,2026-05-28T10:09:14
6053,926,1000295,300444.SZ,20260527,20260528,1,,,2026-05-28T10:09:14
6054,927,1000296,300408.SZ,20260527,20260528,1,,,2026-05-28T10:09:14
6055,928,1000296,000636.SZ,20260527,20260528,1,,,2026-05-28T10:09:14
6056,929,1000297,600702.SH,20260527,20260528,1,,,2026-05-28T10:09:14
6057,930,1000298,002129.SZ,20260527,20260528,1,,,2026-05-28T10:09:14
6058,931,1000298,002056.SZ,20260527,20260528,1,,,2026-05-28T10:09:14
6059,932,1000298,601012.SH,20260527,20260528,1,,,2026-05-28T10:09:14
6060,933,1000298,300763.SZ,20260527,20260528,1,,,2026-05-28T10:09:14
6061,934,1000299,600967.SH,20260527,20260528,1,,,2026-05-28T10:09:14
6062,935,1000299,600320.SH,20260527,20260528,1,,,2026-05-28T10:09:14
6063,936,1000299,601615.SH,20260527,20260528,1,,,2026-05-28T10:09:14
6064,937,1000299,603606.SH,20260527,20260528,1,,,2026-05-28T10:09:14
6065,938,1000300,002251.SZ,20260527,20260528,1,,,2026-05-28T10:09:14
6066,939,1000300,000759.SZ,20260527,20260528,1,,,2026-05-28T10:09:14
6067,940,1000301,600418.SH,20260527,20260528,1,,,2026-05-28T10:09:15
6068,941,1000301,600699.SH,20260527,20260528,1,,,2026-05-28T10:09:15
6069,942,1000302,300213.SZ,20260527,20260528,1,,,2026-05-28T10:09:15
6070,943,1000303,600938.SH,20260527,20260528,1,,,2026-05-28T10:09:15
6071,944,1000303,601808.SH,20260527,20260528,1,,,2026-05-28T10:09:15
6072,945,1000306,600381.SH,20260527,20260528,1,,,2026-05-28T10:09:15
6073,946,1000306,600745.SH,20260527,20260528,1,,,2026-05-28T10:09:15
6074,947,1000306,000056.SZ,20260527,20260528,1,,,2026-05-28T10:09:15
8877,1894,1000631,600584.SH,20260526,20260527,1,-2.3018,0,2026-05-28T10:09:02
8878,1895,1000631,002156.SZ,20260526,20260527,1,-5.1333,0,2026-05-28T10:09:02
8879,1896,1000631,002185.SZ,20260526,20260527,1,7.9272,1,2026-05-28T10:09:02
8880,1897,1000631,000021.SZ,20260526,20260527,1,2.8772,0,2026-05-28T10:09:02
8881,1898,1000631,603005.SH,20260526,20260527,1,-4.6341,0,2026-05-28T10:09:02
8882,1894,1000631,600584.SH,20260526,20260528,2,,,2026-05-28T10:09:02
8883,1895,1000631,002156.SZ,20260526,20260528,2,,,2026-05-28T10:09:02
8884,1896,1000631,002185.SZ,20260526,20260528,2,,,2026-05-28T10:09:02
8885,1897,1000631,000021.SZ,20260526,20260528,2,,,2026-05-28T10:09:02
8886,1898,1000631,603005.SH,20260526,20260528,2,,,2026-05-28T10:09:02
8887,1899,1000632,601012.SH,20260526,20260527,1,-1.6438,0,2026-05-28T10:09:02
8888,1900,1000632,688223.SH,20260526,20260527,1,-2.0833,0,2026-05-28T10:09:02
8889,1901,1000632,688599.SH,20260526,20260527,1,-1.872,0,2026-05-28T10:09:02
8890,1902,1000632,300274.SZ,20260526,20260527,1,2.8493,0,2026-05-28T10:09:02
8891,1903,1000632,603806.SH,20260526,20260527,1,-2.5491,0,2026-05-28T10:09:02
8892,1899,1000632,601012.SH,20260526,20260528,2,,,2026-05-28T10:09:02
8893,1900,1000632,688223.SH,20260526,20260528,2,,,2026-05-28T10:09:02
8894,1901,1000632,688599.SH,20260526,20260528,2,,,2026-05-28T10:09:02
8895,1902,1000632,300274.SZ,20260526,20260528,2,,,2026-05-28T10:09:02
8896,1903,1000632,603806.SH,20260526,20260528,2,,,2026-05-28T10:09:02
8897,1904,1000633,600118.SH,20260526,20260527,1,-3.0045,0,2026-05-28T10:09:02
8898,1905,1000633,002151.SZ,20260526,20260527,1,-2.3095,0,2026-05-28T10:09:02
8899,1906,1000633,002465.SZ,20260526,20260527,1,1.4368,0,2026-05-28T10:09:02
8900,1907,1000633,300627.SZ,20260526,20260527,1,-2.8941,0,2026-05-28T10:09:02
8901,1908,1000633,002025.SZ,20260526,20260527,1,-5.4558,0,2026-05-28T10:09:02
8902,1904,1000633,600118.SH,20260526,20260528,2,,,2026-05-28T10:09:02
8903,1905,1000633,002151.SZ,20260526,20260528,2,,,2026-05-28T10:09:02
8904,1906,1000633,002465.SZ,20260526,20260528,2,,,2026-05-28T10:09:02
8905,1907,1000633,300627.SZ,20260526,20260528,2,,,2026-05-28T10:09:02
8906,1908,1000633,002025.SZ,20260526,20260528,2,,,2026-05-28T10:09:02
8907,1909,1000634,002920.SZ,20260526,20260527,1,2.1424,0,2026-05-28T10:09:02
8908,1910,1000634,603501.SH,20260526,20260527,1,-1.0465,0,2026-05-28T10:09:02
8909,1911,1000634,300223.SZ,20260526,20260527,1,6.9586,1,2026-05-28T10:09:02
8910,1912,1000634,300496.SZ,20260526,20260527,1,-1.2382,0,2026-05-28T10:09:02
8911,1913,1000634,600699.SH,20260526,20260527,1,-5.4147,0,2026-05-28T10:09:02
8912,1909,1000634,002920.SZ,20260526,20260528,2,,,2026-05-28T10:09:02
8913,1910,1000634,603501.SH,20260526,20260528,2,,,2026-05-28T10:09:02
8914,1911,1000634,300223.SZ,20260526,20260528,2,,,2026-05-28T10:09:02
8915,1912,1000634,300496.SZ,20260526,20260528,2,,,2026-05-28T10:09:02
8916,1913,1000634,600699.SH,20260526,20260528,2,,,2026-05-28T10:09:02
8917,1914,1000635,601318.SH,20260526,20260527,1,-1.8426,0,2026-05-28T10:09:02
8918,1915,1000635,600036.SH,20260526,20260527,1,0.0,0,2026-05-28T10:09:02
8919,1916,1000635,002594.SZ,20260526,20260527,1,-1.3775,0,2026-05-28T10:09:02
8920,1917,1000635,300760.SZ,20260526,20260527,1,0.555,0,2026-05-28T10:09:02
8921,1918,1000635,300498.SZ,20260526,20260527,1,-1.8732,0,2026-05-28T10:09:02
8922,1914,1000635,601318.SH,20260526,20260528,2,,,2026-05-28T10:09:02
8923,1915,1000635,600036.SH,20260526,20260528,2,,,2026-05-28T10:09:02
8924,1916,1000635,002594.SZ,20260526,20260528,2,,,2026-05-28T10:09:02
8925,1917,1000635,300760.SZ,20260526,20260528,2,,,2026-05-28T10:09:02
8926,1918,1000635,300498.SZ,20260526,20260528,2,,,2026-05-28T10:09:02
8927,1919,1000636,600276.SH,20260526,20260527,1,2.7959,0,2026-05-28T10:09:02
8928,1920,1000636,688235.SH,20260526,20260527,1,-1.9256,0,2026-05-28T10:09:02
8929,1921,1000636,603259.SH,20260526,20260527,1,-1.4216,0,2026-05-28T10:09:02
8930,1922,1000636,300759.SZ,20260526,20260527,1,-0.7451,0,2026-05-28T10:09:02
8931,1923,1000636,688180.SH,20260526,20260527,1,-2.4148,0,2026-05-28T10:09:02
8932,1919,1000636,600276.SH,20260526,20260528,2,,,2026-05-28T10:09:02
8933,1920,1000636,688235.SH,20260526,20260528,2,,,2026-05-28T10:09:02
8934,1921,1000636,603259.SH,20260526,20260528,2,,,2026-05-28T10:09:02
8935,1922,1000636,300759.SZ,20260526,20260528,2,,,2026-05-28T10:09:02
8936,1923,1000636,688180.SH,20260526,20260528,2,,,2026-05-28T10:09:02
8937,1924,1000637,603986.SH,20260526,20260527,1,-2.288,0,2026-05-28T10:09:02
8938,1925,1000637,688256.SH,20260526,20260527,1,-5.0292,0,2026-05-28T10:09:02
8939,1926,1000637,688041.SH,20260526,20260527,1,-7.1433,0,2026-05-28T10:09:02
8940,1927,1000637,688047.SH,20260526,20260527,1,-3.7891,0,2026-05-28T10:09:02
8941,1928,1000637,688981.SH,20260526,20260527,1,-1.9842,0,2026-05-28T10:09:02
8942,1924,1000637,603986.SH,20260526,20260528,2,,,2026-05-28T10:09:03
8943,1925,1000637,688256.SH,20260526,20260528,2,,,2026-05-28T10:09:03
8944,1926,1000637,688041.SH,20260526,20260528,2,,,2026-05-28T10:09:03
8945,1927,1000637,688047.SH,20260526,20260528,2,,,2026-05-28T10:09:03
8946,1928,1000637,688981.SH,20260526,20260528,2,,,2026-05-28T10:09:03
8947,1929,1000638,002185.SZ,20260526,20260527,1,7.9272,1,2026-05-28T10:09:03
8948,1930,1000638,600584.SH,20260526,20260527,1,-2.3018,0,2026-05-28T10:09:03
8949,1931,1000638,603005.SH,20260526,20260527,1,-4.6341,0,2026-05-28T10:09:03
8950,1932,1000638,688012.SH,20260526,20260527,1,-1.8252,0,2026-05-28T10:09:03
8951,1933,1000638,688268.SH,20260526,20260527,1,0.8291,0,2026-05-28T10:09:03
8952,1929,1000638,002185.SZ,20260526,20260528,2,,,2026-05-28T10:09:03
8953,1930,1000638,600584.SH,20260526,20260528,2,,,2026-05-28T10:09:03
8954,1931,1000638,603005.SH,20260526,20260528,2,,,2026-05-28T10:09:03
8955,1932,1000638,688012.SH,20260526,20260528,2,,,2026-05-28T10:09:03
8956,1933,1000638,688268.SH,20260526,20260528,2,,,2026-05-28T10:09:03
8957,1934,1000639,300037.SZ,20260526,20260527,1,7.3872,1,2026-05-28T10:09:03
8958,1935,1000639,002484.SZ,20260526,20260527,1,10.0081,1,2026-05-28T10:09:03
8959,1936,1000639,600563.SH,20260526,20260527,1,4.8366,1,2026-05-28T10:09:03
8960,1937,1000639,300207.SZ,20260526,20260527,1,1.3036,0,2026-05-28T10:09:03
8961,1938,1000639,002091.SZ,20260526,20260527,1,-1.5504,0,2026-05-28T10:09:03
8962,1934,1000639,300037.SZ,20260526,20260528,2,,,2026-05-28T10:09:03
8963,1935,1000639,002484.SZ,20260526,20260528,2,,,2026-05-28T10:09:03
8964,1936,1000639,600563.SH,20260526,20260528,2,,,2026-05-28T10:09:03
8965,1937,1000639,300207.SZ,20260526,20260528,2,,,2026-05-28T10:09:03
8966,1938,1000639,002091.SZ,20260526,20260528,2,,,2026-05-28T10:09:03
8967,1939,1000640,300433.SZ,20260526,20260527,1,4.6778,1,2026-05-28T10:09:03
8968,1940,1000640,688608.SH,20260526,20260527,1,1.6108,0,2026-05-28T10:09:03
8969,1941,1000640,688521.SH,20260526,20260527,1,-5.1475,0,2026-05-28T10:09:03
8970,1942,1000640,002273.SZ,20260526,20260527,1,6.9975,1,2026-05-28T10:09:03
8971,1943,1000640,300296.SZ,20260526,20260527,1,0.4286,0,2026-05-28T10:09:03
8972,1939,1000640,300433.SZ,20260526,20260528,2,,,2026-05-28T10:09:03
8973,1940,1000640,688608.SH,20260526,20260528,2,,,2026-05-28T10:09:03
8974,1941,1000640,688521.SH,20260526,20260528,2,,,2026-05-28T10:09:03
8975,1942,1000640,002273.SZ,20260526,20260528,2,,,2026-05-28T10:09:03
8976,1943,1000640,300296.SZ,20260526,20260528,2,,,2026-05-28T10:09:03
8977,1944,1000641,688387.SH,20260526,20260527,1,-2.2905,0,2026-05-28T10:09:03
8978,1945,1000641,688048.SH,20260526,20260527,1,0.7099,0,2026-05-28T10:09:03
8979,1946,1000641,300342.SZ,20260526,20260527,1,1.5527,0,2026-05-28T10:09:03
8980,1947,1000641,300045.SZ,20260526,20260527,1,-5.2211,0,2026-05-28T10:09:03
8981,1948,1000641,688568.SH,20260526,20260527,1,-3.4424,0,2026-05-28T10:09:03
8982,1944,1000641,688387.SH,20260526,20260528,2,,,2026-05-28T10:09:03
8983,1945,1000641,688048.SH,20260526,20260528,2,,,2026-05-28T10:09:03
8984,1946,1000641,300342.SZ,20260526,20260528,2,,,2026-05-28T10:09:03
8985,1947,1000641,300045.SZ,20260526,20260528,2,,,2026-05-28T10:09:03
8986,1948,1000641,688568.SH,20260526,20260528,2,,,2026-05-28T10:09:03
8987,1949,1000642,002896.SZ,20260526,20260527,1,-3.9808,0,2026-05-28T10:09:03
8988,1950,1000642,300660.SZ,20260526,20260527,1,-3.1726,0,2026-05-28T10:09:03
8989,1951,1000642,688017.SH,20260526,20260527,1,-5.1615,0,2026-05-28T10:09:03
8990,1952,1000642,300124.SZ,20260526,20260527,1,-3.4372,0,2026-05-28T10:09:03
8991,1953,1000642,002514.SZ,20260526,20260527,1,2.3355,0,2026-05-28T10:09:03
8992,1949,1000642,002896.SZ,20260526,20260528,2,,,2026-05-28T10:09:03
8993,1950,1000642,300660.SZ,20260526,20260528,2,,,2026-05-28T10:09:03
8994,1951,1000642,688017.SH,20260526,20260528,2,,,2026-05-28T10:09:03
8995,1952,1000642,300124.SZ,20260526,20260528,2,,,2026-05-28T10:09:03
8996,1953,1000642,002514.SZ,20260526,20260528,2,,,2026-05-28T10:09:03
8997,1954,1000643,002185.SZ,20260526,20260527,1,7.9272,1,2026-05-28T10:09:03
8998,1955,1000643,600584.SH,20260526,20260527,1,-2.3018,0,2026-05-28T10:09:03
8999,1956,1000643,603773.SH,20260526,20260527,1,9.2309,1,2026-05-28T10:09:03
9000,1957,1000643,002156.SZ,20260526,20260527,1,-5.1333,0,2026-05-28T10:09:03
9001,1958,1000643,300046.SZ,20260526,20260527,1,5.0362,1,2026-05-28T10:09:03
9002,1959,1000643,300604.SZ,20260526,20260527,1,-6.3377,0,2026-05-28T10:09:03
9003,1960,1000643,300236.SZ,20260526,20260527,1,-7.0255,0,2026-05-28T10:09:03
9004,1961,1000643,300655.SZ,20260526,20260527,1,-2.6729,0,2026-05-28T10:09:03
9005,1962,1000643,688981.SH,20260526,20260527,1,-1.9842,0,2026-05-28T10:09:03
9006,1963,1000643,000021.SZ,20260526,20260527,1,2.8772,0,2026-05-28T10:09:03
9007,1964,1000643,301269.SZ,20260526,20260527,1,-5.6148,0,2026-05-28T10:09:03
9008,1965,1000643,603019.SH,20260526,20260527,1,-3.5408,0,2026-05-28T10:09:03
9009,1966,1000643,000977.SZ,20260526,20260527,1,-4.1308,0,2026-05-28T10:09:03
9010,1967,1000643,688181.SH,20260526,20260527,1,1.9065,0,2026-05-28T10:09:03
9011,1954,1000643,002185.SZ,20260526,20260528,2,,,2026-05-28T10:09:03
9012,1955,1000643,600584.SH,20260526,20260528,2,,,2026-05-28T10:09:03
9013,1956,1000643,603773.SH,20260526,20260528,2,,,2026-05-28T10:09:03
9014,1957,1000643,002156.SZ,20260526,20260528,2,,,2026-05-28T10:09:03
9015,1958,1000643,300046.SZ,20260526,20260528,2,,,2026-05-28T10:09:03
9016,1959,1000643,300604.SZ,20260526,20260528,2,,,2026-05-28T10:09:03
9017,1960,1000643,300236.SZ,20260526,20260528,2,,,2026-05-28T10:09:03
9018,1961,1000643,300655.SZ,20260526,20260528,2,,,2026-05-28T10:09:03
9019,1962,1000643,688981.SH,20260526,20260528,2,,,2026-05-28T10:09:03
9020,1963,1000643,000021.SZ,20260526,20260528,2,,,2026-05-28T10:09:03
9021,1964,1000643,301269.SZ,20260526,20260528,2,,,2026-05-28T10:09:03
9022,1965,1000643,603019.SH,20260526,20260528,2,,,2026-05-28T10:09:03
9023,1966,1000643,000977.SZ,20260526,20260528,2,,,2026-05-28T10:09:03
9024,1967,1000643,688181.SH,20260526,20260528,2,,,2026-05-28T10:09:03
9025,1968,1000644,688041.SH,20260526,20260527,1,-7.1433,0,2026-05-28T10:09:03
9026,1969,1000644,002990.SZ,20260526,20260527,1,-8.8676,0,2026-05-28T10:09:03
9027,1970,1000644,000628.SZ,20260526,20260527,1,-3.4199,0,2026-05-28T10:09:03
9028,1971,1000644,688256.SH,20260526,20260527,1,-5.0292,0,2026-05-28T10:09:03
9029,1972,1000644,688521.SH,20260526,20260527,1,-5.1475,0,2026-05-28T10:09:03
9030,1973,1000644,600839.SH,20260526,20260527,1,-4.9057,0,2026-05-28T10:09:03
9031,1968,1000644,688041.SH,20260526,20260528,2,,,2026-05-28T10:09:03
9032,1969,1000644,002990.SZ,20260526,20260528,2,,,2026-05-28T10:09:03
9033,1970,1000644,000628.SZ,20260526,20260528,2,,,2026-05-28T10:09:03
9034,1971,1000644,688256.SH,20260526,20260528,2,,,2026-05-28T10:09:03
9035,1972,1000644,688521.SH,20260526,20260528,2,,,2026-05-28T10:09:03
9036,1973,1000644,600839.SH,20260526,20260528,2,,,2026-05-28T10:09:03
9037,1974,1000645,300418.SZ,20260526,20260527,1,-1.3994,0,2026-05-28T10:09:03
9038,1975,1000645,600570.SH,20260526,20260527,1,-2.5769,0,2026-05-28T10:09:03
9039,1976,1000645,601595.SH,20260526,20260527,1,-0.6358,0,2026-05-28T10:09:03
9040,1977,1000645,300058.SZ,20260526,20260527,1,-2.9538,0,2026-05-28T10:09:03
9041,1978,1000645,300339.SZ,20260526,20260527,1,-4.6675,0,2026-05-28T10:09:03
9042,1974,1000645,300418.SZ,20260526,20260528,2,,,2026-05-28T10:09:03
9043,1975,1000645,600570.SH,20260526,20260528,2,,,2026-05-28T10:09:03
9044,1976,1000645,601595.SH,20260526,20260528,2,,,2026-05-28T10:09:03
9045,1977,1000645,300058.SZ,20260526,20260528,2,,,2026-05-28T10:09:03
9046,1978,1000645,300339.SZ,20260526,20260528,2,,,2026-05-28T10:09:03
9047,1979,1000646,002340.SZ,20260526,20260527,1,-1.816,0,2026-05-28T10:09:03
9048,1980,1000646,002009.SZ,20260526,20260527,1,-6.3415,0,2026-05-28T10:09:03
9049,1981,1000646,603799.SH,20260526,20260527,1,-3.4423,0,2026-05-28T10:09:03
9050,1979,1000646,002340.SZ,20260526,20260528,2,,,2026-05-28T10:09:03
9051,1980,1000646,002009.SZ,20260526,20260528,2,,,2026-05-28T10:09:03
9052,1981,1000646,603799.SH,20260526,20260528,2,,,2026-05-28T10:09:03
9053,1982,1000647,002896.SZ,20260526,20260527,1,-3.9808,0,2026-05-28T10:09:03
9054,1983,1000647,688017.SH,20260526,20260527,1,-5.1615,0,2026-05-28T10:09:03
9055,1984,1000647,002514.SZ,20260526,20260527,1,2.3355,0,2026-05-28T10:09:03
9056,1982,1000647,002896.SZ,20260526,20260528,2,,,2026-05-28T10:09:03
9057,1983,1000647,688017.SH,20260526,20260528,2,,,2026-05-28T10:09:03
9058,1984,1000647,002514.SZ,20260526,20260528,2,,,2026-05-28T10:09:03
9059,1985,1000648,300274.SZ,20260526,20260527,1,2.8493,0,2026-05-28T10:09:03
9060,1986,1000648,300750.SZ,20260526,20260527,1,3.0559,1,2026-05-28T10:09:03
9061,1987,1000648,601012.SH,20260526,20260527,1,-1.6438,0,2026-05-28T10:09:03
9062,1985,1000648,300274.SZ,20260526,20260528,2,,,2026-05-28T10:09:04
9063,1986,1000648,300750.SZ,20260526,20260528,2,,,2026-05-28T10:09:04
9064,1987,1000648,601012.SH,20260526,20260528,2,,,2026-05-28T10:09:04
9065,1988,1000650,300676.SZ,20260526,20260527,1,-2.7535,0,2026-05-28T10:09:04
9066,1989,1000650,301301.SZ,20260526,20260527,1,-2.072,0,2026-05-28T10:09:04
9067,1988,1000650,300676.SZ,20260526,20260528,2,,,2026-05-28T10:09:04
9068,1989,1000650,301301.SZ,20260526,20260528,2,,,2026-05-28T10:09:04
9069,1990,1000651,688313.SH,20260526,20260527,1,-9.3991,0,2026-05-28T10:09:04
9070,1990,1000651,688313.SH,20260526,20260528,2,,,2026-05-28T10:09:04
9071,1991,1000652,603986.SH,20260526,20260527,1,-2.288,0,2026-05-28T10:09:04
9072,1991,1000652,603986.SH,20260526,20260528,2,,,2026-05-28T10:09:04
9073,1992,1000653,002463.SZ,20260526,20260527,1,-3.8017,0,2026-05-28T10:09:04
9074,1992,1000653,002463.SZ,20260526,20260528,2,,,2026-05-28T10:09:04
9075,1993,1000657,002185.SZ,20260526,20260527,1,7.9272,1,2026-05-28T10:09:04
9076,1994,1000657,600584.SH,20260526,20260527,1,-2.3018,0,2026-05-28T10:09:04
9077,1995,1000657,300337.SZ,20260526,20260527,1,0.6211,0,2026-05-28T10:09:04
9078,1996,1000657,603773.SH,20260526,20260527,1,9.2309,1,2026-05-28T10:09:04
9079,1997,1000657,000725.SZ,20260526,20260527,1,-0.8666,0,2026-05-28T10:09:04
9080,1998,1000657,000021.SZ,20260526,20260527,1,2.8772,0,2026-05-28T10:09:04
9081,1999,1000657,688181.SH,20260526,20260527,1,1.9065,0,2026-05-28T10:09:04
9082,1993,1000657,002185.SZ,20260526,20260528,2,,,2026-05-28T10:09:04
9083,1994,1000657,600584.SH,20260526,20260528,2,,,2026-05-28T10:09:04
9084,1995,1000657,300337.SZ,20260526,20260528,2,,,2026-05-28T10:09:04
9085,1996,1000657,603773.SH,20260526,20260528,2,,,2026-05-28T10:09:04
9086,1997,1000657,000725.SZ,20260526,20260528,2,,,2026-05-28T10:09:04
9087,1998,1000657,000021.SZ,20260526,20260528,2,,,2026-05-28T10:09:04
9088,1999,1000657,688181.SH,20260526,20260528,2,,,2026-05-28T10:09:04
9089,2000,1000658,600172.SH,20260526,20260527,1,-0.2256,0,2026-05-28T10:09:04
9090,2001,1000658,600745.SH,20260526,20260527,1,4.9832,1,2026-05-28T10:09:04
9091,2002,1000658,301071.SZ,20260526,20260527,1,-8.7461,0,2026-05-28T10:09:04
9092,2003,1000658,000519.SZ,20260526,20260527,1,-1.8909,0,2026-05-28T10:09:04
9093,2004,1000658,300179.SZ,20260526,20260527,1,-5.8423,0,2026-05-28T10:09:04
9094,2000,1000658,600172.SH,20260526,20260528,2,,,2026-05-28T10:09:04
9095,2001,1000658,600745.SH,20260526,20260528,2,,,2026-05-28T10:09:04
9096,2002,1000658,301071.SZ,20260526,20260528,2,,,2026-05-28T10:09:04
9097,2003,1000658,000519.SZ,20260526,20260528,2,,,2026-05-28T10:09:04
9098,2004,1000658,300179.SZ,20260526,20260528,2,,,2026-05-28T10:09:04
9099,2005,1000659,000510.SZ,20260526,20260527,1,-0.3874,0,2026-05-28T10:09:04
9100,2006,1000659,600259.SH,20260526,20260527,1,-3.0792,0,2026-05-28T10:09:04
9101,2007,1000659,600489.SH,20260526,20260527,1,-4.7851,0,2026-05-28T10:09:04
9102,2008,1000659,600547.SH,20260526,20260527,1,-4.9587,0,2026-05-28T10:09:04
9103,2009,1000659,601600.SH,20260526,20260527,1,-2.0678,0,2026-05-28T10:09:04
9104,2005,1000659,000510.SZ,20260526,20260528,2,,,2026-05-28T10:09:05
9105,2006,1000659,600259.SH,20260526,20260528,2,,,2026-05-28T10:09:05
9106,2007,1000659,600489.SH,20260526,20260528,2,,,2026-05-28T10:09:05
9107,2008,1000659,600547.SH,20260526,20260528,2,,,2026-05-28T10:09:05
9108,2009,1000659,601600.SH,20260526,20260528,2,,,2026-05-28T10:09:05
9109,2010,1000660,300342.SZ,20260526,20260527,1,1.5527,0,2026-05-28T10:09:05
9110,2011,1000660,601698.SH,20260526,20260527,1,-2.1455,0,2026-05-28T10:09:05
9111,2012,1000660,300762.SZ,20260526,20260527,1,-3.0806,0,2026-05-28T10:09:05
9112,2013,1000660,603131.SH,20260526,20260527,1,-2.999,0,2026-05-28T10:09:05
9113,2010,1000660,300342.SZ,20260526,20260528,2,,,2026-05-28T10:09:05
9114,2011,1000660,601698.SH,20260526,20260528,2,,,2026-05-28T10:09:05
9115,2012,1000660,300762.SZ,20260526,20260528,2,,,2026-05-28T10:09:05
9116,2013,1000660,603131.SH,20260526,20260528,2,,,2026-05-28T10:09:05
9117,2014,1000661,002484.SZ,20260526,20260527,1,10.0081,1,2026-05-28T10:09:05
9118,2015,1000661,600563.SH,20260526,20260527,1,4.8366,1,2026-05-28T10:09:05
9119,2016,1000661,002990.SZ,20260526,20260527,1,-8.8676,0,2026-05-28T10:09:05
9120,2014,1000661,002484.SZ,20260526,20260528,2,,,2026-05-28T10:09:05
9121,2015,1000661,600563.SH,20260526,20260528,2,,,2026-05-28T10:09:05
9122,2016,1000661,002990.SZ,20260526,20260528,2,,,2026-05-28T10:09:05
9123,2017,1000662,002896.SZ,20260526,20260527,1,-3.9808,0,2026-05-28T10:09:05
9124,2018,1000662,600580.SH,20260526,20260527,1,0.7942,0,2026-05-28T10:09:05
9125,2019,1000662,002514.SZ,20260526,20260527,1,2.3355,0,2026-05-28T10:09:05
9126,2017,1000662,002896.SZ,20260526,20260528,2,,,2026-05-28T10:09:05
9127,2018,1000662,600580.SH,20260526,20260528,2,,,2026-05-28T10:09:05
9128,2019,1000662,002514.SZ,20260526,20260528,2,,,2026-05-28T10:09:05
9129,2020,1000663,600259.SH,20260526,20260527,1,-3.0792,0,2026-05-28T10:09:05
9130,2021,1000663,002812.SZ,20260526,20260527,1,2.446,0,2026-05-28T10:09:05
9131,2022,1000663,300769.SZ,20260526,20260527,1,0.5151,0,2026-05-28T10:09:05
9132,2020,1000663,600259.SH,20260526,20260528,2,,,2026-05-28T10:09:05
9133,2021,1000663,002812.SZ,20260526,20260528,2,,,2026-05-28T10:09:05
9134,2022,1000663,300769.SZ,20260526,20260528,2,,,2026-05-28T10:09:05
9135,2023,1000664,600580.SH,20260526,20260527,1,0.7942,0,2026-05-28T10:09:05
9136,2024,1000664,002323.SZ,20260526,20260527,1,4.7244,1,2026-05-28T10:09:05
9137,2023,1000664,600580.SH,20260526,20260528,2,,,2026-05-28T10:09:05
9138,2024,1000664,002323.SZ,20260526,20260528,2,,,2026-05-28T10:09:05
9139,2025,1000665,688180.SH,20260526,20260527,1,-2.4148,0,2026-05-28T10:09:05
9140,2026,1000665,688235.SH,20260526,20260527,1,-1.9256,0,2026-05-28T10:09:05
9141,2027,1000665,688192.SH,20260526,20260527,1,0.5172,0,2026-05-28T10:09:05
9142,2025,1000665,688180.SH,20260526,20260528,2,,,2026-05-28T10:09:05
9143,2026,1000665,688235.SH,20260526,20260528,2,,,2026-05-28T10:09:05
9144,2027,1000665,688192.SH,20260526,20260528,2,,,2026-05-28T10:09:05
9145,2028,1000666,688608.SH,20260526,20260527,1,1.6108,0,2026-05-28T10:09:05
9146,2029,1000666,603773.SH,20260526,20260527,1,9.2309,1,2026-05-28T10:09:05
9147,2028,1000666,688608.SH,20260526,20260528,2,,,2026-05-28T10:09:05
9148,2029,1000666,603773.SH,20260526,20260528,2,,,2026-05-28T10:09:05
9149,2030,1000667,002340.SZ,20260526,20260527,1,-1.816,0,2026-05-28T10:09:05
9150,2031,1000667,002009.SZ,20260526,20260527,1,-6.3415,0,2026-05-28T10:09:05
9151,2030,1000667,002340.SZ,20260526,20260528,2,,,2026-05-28T10:09:05
9152,2031,1000667,002009.SZ,20260526,20260528,2,,,2026-05-28T10:09:05
9153,2032,1000668,300012.SZ,20260526,20260527,1,-1.1463,0,2026-05-28T10:09:05
9154,2033,1000668,603060.SH,20260526,20260527,1,-5.1593,0,2026-05-28T10:09:05
9155,2032,1000668,300012.SZ,20260526,20260528,2,,,2026-05-28T10:09:05
9156,2033,1000668,603060.SH,20260526,20260528,2,,,2026-05-28T10:09:05
9157,2034,1000669,300291.SZ,20260526,20260527,1,20.0358,1,2026-05-28T10:09:05
9158,2035,1000669,300364.SZ,20260526,20260527,1,3.1238,1,2026-05-28T10:09:05
9159,2034,1000669,300291.SZ,20260526,20260528,2,,,2026-05-28T10:09:05
9160,2035,1000669,300364.SZ,20260526,20260528,2,,,2026-05-28T10:09:05
9161,2036,1000670,600489.SH,20260526,20260527,1,-4.7851,0,2026-05-28T10:09:06
9162,2037,1000670,600547.SH,20260526,20260527,1,-4.9587,0,2026-05-28T10:09:06
9163,2036,1000670,600489.SH,20260526,20260528,2,,,2026-05-28T10:09:06
9164,2037,1000670,600547.SH,20260526,20260528,2,,,2026-05-28T10:09:06
9165,2038,1000673,600183.SH,20260526,20260527,1,2.801,0,2026-05-28T10:09:06
9166,2038,1000673,600183.SH,20260526,20260528,2,,,2026-05-28T10:09:06
9167,2039,1000674,001257.SZ,20260526,20260527,1,9.9884,1,2026-05-28T10:09:06
9168,2040,1000674,600916.SH,20260526,20260527,1,-3.3898,0,2026-05-28T10:09:06
9169,2041,1000674,601600.SH,20260526,20260527,1,-2.0678,0,2026-05-28T10:09:06
9170,2042,1000674,000807.SZ,20260526,20260527,1,-5.8378,0,2026-05-28T10:09:06
9171,2039,1000674,001257.SZ,20260526,20260528,2,,,2026-05-28T10:09:06
9172,2040,1000674,600916.SH,20260526,20260528,2,,,2026-05-28T10:09:06
9173,2041,1000674,601600.SH,20260526,20260528,2,,,2026-05-28T10:09:06
9174,2042,1000674,000807.SZ,20260526,20260528,2,,,2026-05-28T10:09:06
9175,2043,1000675,002185.SZ,20260526,20260527,1,7.9272,1,2026-05-28T10:09:06
9176,2044,1000675,600584.SH,20260526,20260527,1,-2.3018,0,2026-05-28T10:09:06
9177,2045,1000675,600520.SH,20260526,20260527,1,-8.2292,0,2026-05-28T10:09:06
9178,2046,1000675,603773.SH,20260526,20260527,1,9.2309,1,2026-05-28T10:09:06
9179,2043,1000675,002185.SZ,20260526,20260528,2,,,2026-05-28T10:09:06
9180,2044,1000675,600584.SH,20260526,20260528,2,,,2026-05-28T10:09:06
9181,2045,1000675,600520.SH,20260526,20260528,2,,,2026-05-28T10:09:06
9182,2046,1000675,603773.SH,20260526,20260528,2,,,2026-05-28T10:09:06
9183,2047,1000676,601012.SH,20260526,20260527,1,-1.6438,0,2026-05-28T10:09:06
9184,2048,1000676,300274.SZ,20260526,20260527,1,2.8493,0,2026-05-28T10:09:06
9185,2049,1000676,600438.SH,20260526,20260527,1,0.1961,0,2026-05-28T10:09:06
9186,2050,1000676,002129.SZ,20260526,20260527,1,9.9668,1,2026-05-28T10:09:06
9187,2047,1000676,601012.SH,20260526,20260528,2,,,2026-05-28T10:09:06
9188,2048,1000676,300274.SZ,20260526,20260528,2,,,2026-05-28T10:09:06
9189,2049,1000676,600438.SH,20260526,20260528,2,,,2026-05-28T10:09:06
9190,2050,1000676,002129.SZ,20260526,20260528,2,,,2026-05-28T10:09:06
9191,2052,1000677,300223.SZ,20260526,20260527,1,6.9586,1,2026-05-28T10:09:06
9192,2053,1000677,603986.SH,20260526,20260527,1,-2.288,0,2026-05-28T10:09:06
9193,2052,1000677,300223.SZ,20260526,20260528,2,,,2026-05-28T10:09:06
9194,2053,1000677,603986.SH,20260526,20260528,2,,,2026-05-28T10:09:06
9195,2054,1000678,002812.SZ,20260526,20260527,1,2.446,0,2026-05-28T10:09:06
9196,2055,1000678,300769.SZ,20260526,20260527,1,0.5151,0,2026-05-28T10:09:06
9197,2054,1000678,002812.SZ,20260526,20260528,2,,,2026-05-28T10:09:06
9198,2055,1000678,300769.SZ,20260526,20260528,2,,,2026-05-28T10:09:06
9199,2056,1000679,002896.SZ,20260526,20260527,1,-3.9808,0,2026-05-28T10:09:06
9200,2057,1000679,600173.SH,20260526,20260527,1,2.5641,0,2026-05-28T10:09:06
9201,2056,1000679,002896.SZ,20260526,20260528,2,,,2026-05-28T10:09:06
9202,2057,1000679,600173.SH,20260526,20260528,2,,,2026-05-28T10:09:06
9203,2058,1000680,300364.SZ,20260526,20260527,1,3.1238,1,2026-05-28T10:09:06
9204,2059,1000680,300418.SZ,20260526,20260527,1,-1.3994,0,2026-05-28T10:09:06
9205,2058,1000680,300364.SZ,20260526,20260528,2,,,2026-05-28T10:09:06
9206,2059,1000680,300418.SZ,20260526,20260528,2,,,2026-05-28T10:09:06
9207,2060,1000681,688181.SH,20260526,20260527,1,1.9065,0,2026-05-28T10:09:07
9208,2060,1000681,688181.SH,20260526,20260528,2,,,2026-05-28T10:09:07
9209,2061,1000682,600131.SH,20260526,20260527,1,-2.7304,0,2026-05-28T10:09:07
9210,2062,1000682,688248.SH,20260526,20260527,1,-1.5172,0,2026-05-28T10:09:07
9211,2061,1000682,600131.SH,20260526,20260528,2,,,2026-05-28T10:09:07
9212,2062,1000682,688248.SH,20260526,20260528,2,,,2026-05-28T10:09:07
9213,2063,1000683,600173.SH,20260526,20260527,1,2.5641,0,2026-05-28T10:09:07
9214,2064,1000683,600011.SH,20260526,20260527,1,2.6631,0,2026-05-28T10:09:07
9215,2063,1000683,600173.SH,20260526,20260528,2,,,2026-05-28T10:09:07
9216,2064,1000683,600011.SH,20260526,20260528,2,,,2026-05-28T10:09:07
9217,2065,1000687,002185.SZ,20260526,20260527,1,7.9272,1,2026-05-28T10:09:07
9218,2066,1000687,600584.SH,20260526,20260527,1,-2.3018,0,2026-05-28T10:09:07
9219,2067,1000687,603773.SH,20260526,20260527,1,9.2309,1,2026-05-28T10:09:07
9220,2065,1000687,002185.SZ,20260526,20260528,2,,,2026-05-28T10:09:07
9221,2066,1000687,600584.SH,20260526,20260528,2,,,2026-05-28T10:09:07
9222,2067,1000687,603773.SH,20260526,20260528,2,,,2026-05-28T10:09:07
9223,2068,1000688,600172.SH,20260526,20260527,1,-0.2256,0,2026-05-28T10:09:07
9224,2069,1000688,600745.SH,20260526,20260527,1,4.9832,1,2026-05-28T10:09:07
9225,2068,1000688,600172.SH,20260526,20260528,2,,,2026-05-28T10:09:07
9226,2069,1000688,600745.SH,20260526,20260528,2,,,2026-05-28T10:09:07
9227,2070,1000689,002585.SZ,20260526,20260527,1,-1.104,0,2026-05-28T10:09:07
9228,2070,1000689,002585.SZ,20260526,20260528,2,,,2026-05-28T10:09:07
9229,2071,1000690,002896.SZ,20260526,20260527,1,-3.9808,0,2026-05-28T10:09:07
9230,2072,1000690,600580.SH,20260526,20260527,1,0.7942,0,2026-05-28T10:09:07
9231,2073,1000690,002514.SZ,20260526,20260527,1,2.3355,0,2026-05-28T10:09:07
9232,2071,1000690,002896.SZ,20260526,20260528,2,,,2026-05-28T10:09:07
9233,2072,1000690,600580.SH,20260526,20260528,2,,,2026-05-28T10:09:07
9234,2073,1000690,002514.SZ,20260526,20260528,2,,,2026-05-28T10:09:07
9235,2085,1000698,001257.SZ,20260526,20260527,1,9.9884,1,2026-05-28T10:09:08
9236,2086,1000698,000510.SZ,20260526,20260527,1,-0.3874,0,2026-05-28T10:09:08
9237,2087,1000698,601600.SH,20260526,20260527,1,-2.0678,0,2026-05-28T10:09:08
9238,2088,1000698,000807.SZ,20260526,20260527,1,-5.8378,0,2026-05-28T10:09:08
9239,2089,1000698,000933.SZ,20260526,20260527,1,-4.9084,0,2026-05-28T10:09:08
9240,2090,1000698,600547.SH,20260526,20260527,1,-4.9587,0,2026-05-28T10:09:08
9241,2091,1000698,600489.SH,20260526,20260527,1,-4.7851,0,2026-05-28T10:09:08
9242,2092,1000698,600988.SH,20260526,20260527,1,-5.5746,0,2026-05-28T10:09:08
9243,2093,1000698,002667.SZ,20260526,20260527,1,-2.9633,0,2026-05-28T10:09:08
9244,2094,1000698,002460.SZ,20260526,20260527,1,-2.2667,0,2026-05-28T10:09:08
9245,2095,1000698,002466.SZ,20260526,20260527,1,-2.8916,0,2026-05-28T10:09:08
9246,2085,1000698,001257.SZ,20260526,20260528,2,,,2026-05-28T10:09:08
9247,2086,1000698,000510.SZ,20260526,20260528,2,,,2026-05-28T10:09:08
9248,2087,1000698,601600.SH,20260526,20260528,2,,,2026-05-28T10:09:08
9249,2088,1000698,000807.SZ,20260526,20260528,2,,,2026-05-28T10:09:08
9250,2089,1000698,000933.SZ,20260526,20260528,2,,,2026-05-28T10:09:08
9251,2090,1000698,600547.SH,20260526,20260528,2,,,2026-05-28T10:09:08
9252,2091,1000698,600489.SH,20260526,20260528,2,,,2026-05-28T10:09:08
9253,2092,1000698,600988.SH,20260526,20260528,2,,,2026-05-28T10:09:08
9254,2093,1000698,002667.SZ,20260526,20260528,2,,,2026-05-28T10:09:08
9255,2094,1000698,002460.SZ,20260526,20260528,2,,,2026-05-28T10:09:08
9256,2095,1000698,002466.SZ,20260526,20260528,2,,,2026-05-28T10:09:08
9257,2096,1000699,002185.SZ,20260526,20260527,1,7.9272,1,2026-05-28T10:09:08
9258,2097,1000699,600584.SH,20260526,20260527,1,-2.3018,0,2026-05-28T10:09:08
9259,2098,1000699,600520.SH,20260526,20260527,1,-8.2292,0,2026-05-28T10:09:08
9260,2099,1000699,603773.SH,20260526,20260527,1,9.2309,1,2026-05-28T10:09:08
9261,2100,1000699,688082.SH,20260526,20260527,1,-6.2184,0,2026-05-28T10:09:08
9262,2101,1000699,688012.SH,20260526,20260527,1,-1.8252,0,2026-05-28T10:09:08
9263,2102,1000699,688181.SH,20260526,20260527,1,1.9065,0,2026-05-28T10:09:08
9264,2103,1000699,301269.SZ,20260526,20260527,1,-5.6148,0,2026-05-28T10:09:08
9265,2096,1000699,002185.SZ,20260526,20260528,2,,,2026-05-28T10:09:08
9266,2097,1000699,600584.SH,20260526,20260528,2,,,2026-05-28T10:09:08
9267,2098,1000699,600520.SH,20260526,20260528,2,,,2026-05-28T10:09:08
9268,2099,1000699,603773.SH,20260526,20260528,2,,,2026-05-28T10:09:08
9269,2100,1000699,688082.SH,20260526,20260528,2,,,2026-05-28T10:09:08
9270,2101,1000699,688012.SH,20260526,20260528,2,,,2026-05-28T10:09:08
9271,2102,1000699,688181.SH,20260526,20260528,2,,,2026-05-28T10:09:08
9272,2103,1000699,301269.SZ,20260526,20260528,2,,,2026-05-28T10:09:08
9273,2104,1000700,002667.SZ,20260526,20260527,1,-2.9633,0,2026-05-28T10:09:08
9274,2105,1000700,002460.SZ,20260526,20260527,1,-2.2667,0,2026-05-28T10:09:08
9275,2106,1000700,002466.SZ,20260526,20260527,1,-2.8916,0,2026-05-28T10:09:08
9276,2107,1000700,002738.SZ,20260526,20260527,1,-3.8542,0,2026-05-28T10:09:08
9277,2108,1000700,002812.SZ,20260526,20260527,1,2.446,0,2026-05-28T10:09:08
9278,2109,1000700,300769.SZ,20260526,20260527,1,0.5151,0,2026-05-28T10:09:08
9279,2110,1000700,603659.SH,20260526,20260527,1,1.0662,0,2026-05-28T10:09:08
9280,2111,1000700,300750.SZ,20260526,20260527,1,3.0559,1,2026-05-28T10:09:08
9281,2104,1000700,002667.SZ,20260526,20260528,2,,,2026-05-28T10:09:08
9282,2105,1000700,002460.SZ,20260526,20260528,2,,,2026-05-28T10:09:08
9283,2106,1000700,002466.SZ,20260526,20260528,2,,,2026-05-28T10:09:08
9284,2107,1000700,002738.SZ,20260526,20260528,2,,,2026-05-28T10:09:08
9285,2108,1000700,002812.SZ,20260526,20260528,2,,,2026-05-28T10:09:08
9286,2109,1000700,300769.SZ,20260526,20260528,2,,,2026-05-28T10:09:08
9287,2110,1000700,603659.SH,20260526,20260528,2,,,2026-05-28T10:09:08
9288,2111,1000700,300750.SZ,20260526,20260528,2,,,2026-05-28T10:09:08
9289,2113,1000701,600172.SH,20260526,20260527,1,-0.2256,0,2026-05-28T10:09:08
9290,2114,1000701,301071.SZ,20260526,20260527,1,-8.7461,0,2026-05-28T10:09:08
9291,2113,1000701,600172.SH,20260526,20260528,2,,,2026-05-28T10:09:08
9292,2114,1000701,301071.SZ,20260526,20260528,2,,,2026-05-28T10:09:08
9293,2115,1000702,688041.SH,20260526,20260527,1,-7.1433,0,2026-05-28T10:09:08
9294,2115,1000702,688041.SH,20260526,20260528,2,,,2026-05-28T10:09:08
9295,2117,1000703,601012.SH,20260526,20260527,1,-1.6438,0,2026-05-28T10:09:09
9296,2118,1000703,600438.SH,20260526,20260527,1,0.1961,0,2026-05-28T10:09:09
9297,2119,1000703,300274.SZ,20260526,20260527,1,2.8493,0,2026-05-28T10:09:09
9298,2117,1000703,601012.SH,20260526,20260528,2,,,2026-05-28T10:09:09
9299,2118,1000703,600438.SH,20260526,20260528,2,,,2026-05-28T10:09:09
9300,2119,1000703,300274.SZ,20260526,20260528,2,,,2026-05-28T10:09:09
9301,2120,1000704,600173.SH,20260526,20260527,1,2.5641,0,2026-05-28T10:09:09
9302,2121,1000704,601985.SH,20260526,20260527,1,-0.3429,0,2026-05-28T10:09:09
9303,2120,1000704,600173.SH,20260526,20260528,2,,,2026-05-28T10:09:09
9304,2121,1000704,601985.SH,20260526,20260528,2,,,2026-05-28T10:09:09
9305,2122,1000705,002896.SZ,20260526,20260527,1,-3.9808,0,2026-05-28T10:09:09
9306,2123,1000705,002050.SZ,20260526,20260527,1,-6.2821,0,2026-05-28T10:09:09
9307,2122,1000705,002896.SZ,20260526,20260528,2,,,2026-05-28T10:09:09
9308,2123,1000705,002050.SZ,20260526,20260528,2,,,2026-05-28T10:09:09
9309,2124,1000706,688608.SH,20260526,20260527,1,1.6108,0,2026-05-28T10:09:09
9310,2125,1000706,688521.SH,20260526,20260527,1,-5.1475,0,2026-05-28T10:09:09
9311,2126,1000706,603773.SH,20260526,20260527,1,9.2309,1,2026-05-28T10:09:09
9312,2124,1000706,688608.SH,20260526,20260528,2,,,2026-05-28T10:09:09
9313,2125,1000706,688521.SH,20260526,20260528,2,,,2026-05-28T10:09:09
9314,2126,1000706,603773.SH,20260526,20260528,2,,,2026-05-28T10:09:09
9315,2127,1000707,600118.SH,20260526,20260527,1,-3.0045,0,2026-05-28T10:09:09
9316,2128,1000707,688311.SH,20260526,20260527,1,-3.5621,0,2026-05-28T10:09:09
9317,2127,1000707,600118.SH,20260526,20260528,2,,,2026-05-28T10:09:09
9318,2128,1000707,688311.SH,20260526,20260528,2,,,2026-05-28T10:09:09
9319,2129,1000708,300418.SZ,20260526,20260527,1,-1.3994,0,2026-05-28T10:09:09
9320,2130,1000708,300364.SZ,20260526,20260527,1,3.1238,1,2026-05-28T10:09:09
9321,2129,1000708,300418.SZ,20260526,20260528,2,,,2026-05-28T10:09:09
9322,2130,1000708,300364.SZ,20260526,20260528,2,,,2026-05-28T10:09:09
9323,2131,1000709,688027.SH,20260526,20260527,1,-5.287,0,2026-05-28T10:09:09
9324,2131,1000709,688027.SH,20260526,20260528,2,,,2026-05-28T10:09:09
9325,2134,1000710,000099.SZ,20260526,20260527,1,-2.4758,0,2026-05-28T10:09:09
9326,2134,1000710,000099.SZ,20260526,20260528,2,,,2026-05-28T10:09:09
9327,2135,1000711,002173.SZ,20260526,20260527,1,-3.8038,0,2026-05-28T10:09:09
9328,2135,1000711,002173.SZ,20260526,20260528,2,,,2026-05-28T10:09:09
9329,2136,1000715,002185.SZ,20260526,20260527,1,7.9272,1,2026-05-28T10:09:10
9330,2137,1000715,600584.SH,20260526,20260527,1,-2.3018,0,2026-05-28T10:09:10
9331,2138,1000715,603773.SH,20260526,20260527,1,9.2309,1,2026-05-28T10:09:10
9332,2139,1000715,002156.SZ,20260526,20260527,1,-5.1333,0,2026-05-28T10:09:10
9333,2140,1000715,000021.SZ,20260526,20260527,1,2.8772,0,2026-05-28T10:09:10
9334,2141,1000715,688181.SH,20260526,20260527,1,1.9065,0,2026-05-28T10:09:10
9335,2136,1000715,002185.SZ,20260526,20260528,2,,,2026-05-28T10:09:10
9336,2137,1000715,600584.SH,20260526,20260528,2,,,2026-05-28T10:09:10
9337,2138,1000715,603773.SH,20260526,20260528,2,,,2026-05-28T10:09:10
9338,2139,1000715,002156.SZ,20260526,20260528,2,,,2026-05-28T10:09:10
9339,2140,1000715,000021.SZ,20260526,20260528,2,,,2026-05-28T10:09:10
9340,2141,1000715,688181.SH,20260526,20260528,2,,,2026-05-28T10:09:10
9341,2142,1000716,600259.SH,20260526,20260527,1,-3.0792,0,2026-05-28T10:09:10
9342,2143,1000716,000807.SZ,20260526,20260527,1,-5.8378,0,2026-05-28T10:09:10
9343,2144,1000716,000933.SZ,20260526,20260527,1,-4.9084,0,2026-05-28T10:09:10
9344,2142,1000716,600259.SH,20260526,20260528,2,,,2026-05-28T10:09:10
9345,2143,1000716,000807.SZ,20260526,20260528,2,,,2026-05-28T10:09:10
9346,2144,1000716,000933.SZ,20260526,20260528,2,,,2026-05-28T10:09:10
9347,2145,1000717,002896.SZ,20260526,20260527,1,-3.9808,0,2026-05-28T10:09:10
9348,2146,1000717,600580.SH,20260526,20260527,1,0.7942,0,2026-05-28T10:09:10
9349,2147,1000717,300503.SZ,20260526,20260527,1,-5.4621,0,2026-05-28T10:09:10
9350,2145,1000717,002896.SZ,20260526,20260528,2,,,2026-05-28T10:09:10
9351,2146,1000717,600580.SH,20260526,20260528,2,,,2026-05-28T10:09:10
9352,2147,1000717,300503.SZ,20260526,20260528,2,,,2026-05-28T10:09:10
9353,2148,1000718,300795.SZ,20260526,20260527,1,-6.0926,0,2026-05-28T10:09:10
9354,2149,1000718,300781.SZ,20260526,20260527,1,-1.1674,0,2026-05-28T10:09:10
9355,2148,1000718,300795.SZ,20260526,20260528,2,,,2026-05-28T10:09:10
9356,2149,1000718,300781.SZ,20260526,20260528,2,,,2026-05-28T10:09:10
9357,2157,1000732,002185.SZ,20260526,20260527,1,7.9272,1,2026-05-28T10:09:11
9358,2158,1000732,600584.SH,20260526,20260527,1,-2.3018,0,2026-05-28T10:09:11
9359,2159,1000732,600520.SH,20260526,20260527,1,-8.2292,0,2026-05-28T10:09:11
9360,2157,1000732,002185.SZ,20260526,20260528,2,,,2026-05-28T10:09:11
9361,2158,1000732,600584.SH,20260526,20260528,2,,,2026-05-28T10:09:11
9362,2159,1000732,600520.SH,20260526,20260528,2,,,2026-05-28T10:09:11
9363,2160,1000733,603773.SH,20260526,20260527,1,9.2309,1,2026-05-28T10:09:12
9364,2160,1000733,603773.SH,20260526,20260528,2,,,2026-05-28T10:09:12
9365,2161,1000738,002585.SZ,20260526,20260527,1,-1.104,0,2026-05-28T10:09:12
9366,2161,1000738,002585.SZ,20260526,20260528,2,,,2026-05-28T10:09:12
9367,2162,1000739,600172.SH,20260526,20260527,1,-0.2256,0,2026-05-28T10:09:12
9368,2162,1000739,600172.SH,20260526,20260528,2,,,2026-05-28T10:09:12
9369,2193,1000746,002185.SZ,20260526,20260527,1,7.9272,1,2026-05-28T10:09:13
9370,2194,1000746,600584.SH,20260526,20260527,1,-2.3018,0,2026-05-28T10:09:13
9371,2195,1000746,600520.SH,20260526,20260527,1,-8.2292,0,2026-05-28T10:09:13
9372,2196,1000746,688041.SH,20260526,20260527,1,-7.1433,0,2026-05-28T10:09:13
9373,2193,1000746,002185.SZ,20260526,20260528,2,,,2026-05-28T10:09:13
9374,2194,1000746,600584.SH,20260526,20260528,2,,,2026-05-28T10:09:13
9375,2195,1000746,600520.SH,20260526,20260528,2,,,2026-05-28T10:09:13
9376,2196,1000746,688041.SH,20260526,20260528,2,,,2026-05-28T10:09:13
9377,2197,1000747,300795.SZ,20260526,20260527,1,-6.0926,0,2026-05-28T10:09:13
9378,2198,1000747,300418.SZ,20260526,20260527,1,-1.3994,0,2026-05-28T10:09:13
9379,2197,1000747,300795.SZ,20260526,20260528,2,,,2026-05-28T10:09:13
9380,2198,1000747,300418.SZ,20260526,20260528,2,,,2026-05-28T10:09:13
9381,2199,1000748,600118.SH,20260526,20260527,1,-3.0045,0,2026-05-28T10:09:13
9382,2200,1000748,603131.SH,20260526,20260527,1,-2.999,0,2026-05-28T10:09:13
9383,2201,1000748,688311.SH,20260526,20260527,1,-3.5621,0,2026-05-28T10:09:13
9384,2202,1000748,001270.SZ,20260526,20260527,1,7.4503,1,2026-05-28T10:09:13
9385,2199,1000748,600118.SH,20260526,20260528,2,,,2026-05-28T10:09:13
9386,2200,1000748,603131.SH,20260526,20260528,2,,,2026-05-28T10:09:13
9387,2201,1000748,688311.SH,20260526,20260528,2,,,2026-05-28T10:09:13
9388,2202,1000748,001270.SZ,20260526,20260528,2,,,2026-05-28T10:09:13
9389,2203,1000749,002896.SZ,20260526,20260527,1,-3.9808,0,2026-05-28T10:09:13
9390,2204,1000749,600173.SH,20260526,20260527,1,2.5641,0,2026-05-28T10:09:13
9391,2205,1000749,002514.SZ,20260526,20260527,1,2.3355,0,2026-05-28T10:09:13
9392,2203,1000749,002896.SZ,20260526,20260528,2,,,2026-05-28T10:09:13
9393,2204,1000749,600173.SH,20260526,20260528,2,,,2026-05-28T10:09:13
9394,2205,1000749,002514.SZ,20260526,20260528,2,,,2026-05-28T10:09:13
9395,2206,1000750,601012.SH,20260526,20260527,1,-1.6438,0,2026-05-28T10:09:13
9396,2207,1000750,688223.SH,20260526,20260527,1,-2.0833,0,2026-05-28T10:09:13
9397,2208,1000750,002340.SZ,20260526,20260527,1,-1.816,0,2026-05-28T10:09:13
9398,2209,1000750,002009.SZ,20260526,20260527,1,-6.3415,0,2026-05-28T10:09:13
9399,2210,1000750,002812.SZ,20260526,20260527,1,2.446,0,2026-05-28T10:09:13
9400,2211,1000750,300769.SZ,20260526,20260527,1,0.5151,0,2026-05-28T10:09:13
9401,2206,1000750,601012.SH,20260526,20260528,2,,,2026-05-28T10:09:13
9402,2207,1000750,688223.SH,20260526,20260528,2,,,2026-05-28T10:09:13
9403,2208,1000750,002340.SZ,20260526,20260528,2,,,2026-05-28T10:09:13
9404,2209,1000750,002009.SZ,20260526,20260528,2,,,2026-05-28T10:09:13
9405,2210,1000750,002812.SZ,20260526,20260528,2,,,2026-05-28T10:09:13
9406,2211,1000750,300769.SZ,20260526,20260528,2,,,2026-05-28T10:09:13
9407,2213,1000752,300676.SZ,20260526,20260527,1,-2.7535,0,2026-05-28T10:09:14
9408,2214,1000752,688639.SH,20260526,20260527,1,-3.4976,0,2026-05-28T10:09:14
9409,2213,1000752,300676.SZ,20260526,20260528,2,,,2026-05-28T10:09:14
9410,2214,1000752,688639.SH,20260526,20260528,2,,,2026-05-28T10:09:14
9411,2215,1000753,000063.SZ,20260526,20260527,1,-2.0259,0,2026-05-28T10:09:14
9412,2216,1000753,600498.SH,20260526,20260527,1,-3.3654,0,2026-05-28T10:09:14
9413,2215,1000753,000063.SZ,20260526,20260528,2,,,2026-05-28T10:09:14
9414,2216,1000753,600498.SH,20260526,20260528,2,,,2026-05-28T10:09:14
9415,2217,1000754,688180.SH,20260526,20260527,1,-2.4148,0,2026-05-28T10:09:14
9416,2218,1000754,688235.SH,20260526,20260527,1,-1.9256,0,2026-05-28T10:09:14
9417,2219,1000754,688506.SH,20260526,20260527,1,-0.5443,0,2026-05-28T10:09:14
9418,2217,1000754,688180.SH,20260526,20260528,2,,,2026-05-28T10:09:14
9419,2218,1000754,688235.SH,20260526,20260528,2,,,2026-05-28T10:09:14
9420,2219,1000754,688506.SH,20260526,20260528,2,,,2026-05-28T10:09:14
9421,2220,1000755,601600.SH,20260526,20260527,1,-2.0678,0,2026-05-28T10:09:14
9422,2221,1000755,000807.SZ,20260526,20260527,1,-5.8378,0,2026-05-28T10:09:14
9423,2222,1000755,002738.SZ,20260526,20260527,1,-3.8542,0,2026-05-28T10:09:14
9424,2223,1000755,002460.SZ,20260526,20260527,1,-2.2667,0,2026-05-28T10:09:14
9425,2220,1000755,601600.SH,20260526,20260528,2,,,2026-05-28T10:09:14
9426,2221,1000755,000807.SZ,20260526,20260528,2,,,2026-05-28T10:09:14
9427,2222,1000755,002738.SZ,20260526,20260528,2,,,2026-05-28T10:09:14
9428,2223,1000755,002460.SZ,20260526,20260528,2,,,2026-05-28T10:09:14
9429,2150,1000722,002185.SZ,20260526,20260527,1,7.9272,1,2026-05-28T10:09:10
9430,2151,1000722,600584.SH,20260526,20260527,1,-2.3018,0,2026-05-28T10:09:10
9431,2150,1000722,002185.SZ,20260526,20260528,2,,,2026-05-28T10:09:10
9432,2151,1000722,600584.SH,20260526,20260528,2,,,2026-05-28T10:09:10
9433,2152,1000723,600172.SH,20260526,20260527,1,-0.2256,0,2026-05-28T10:09:10
9434,2152,1000723,600172.SH,20260526,20260528,2,,,2026-05-28T10:09:10
9435,2153,1000725,001257.SZ,20260526,20260527,1,9.9884,1,2026-05-28T10:09:11
9436,2153,1000725,001257.SZ,20260526,20260528,2,,,2026-05-28T10:09:11
9437,2154,1000726,688313.SH,20260526,20260527,1,-9.3991,0,2026-05-28T10:09:11
9438,2154,1000726,688313.SH,20260526,20260528,2,,,2026-05-28T10:09:11
9439,2155,1000730,600183.SH,20260526,20260527,1,2.801,0,2026-05-28T10:09:11
9440,2155,1000730,600183.SH,20260526,20260528,2,,,2026-05-28T10:09:11
9441,2156,1000731,603986.SH,20260526,20260527,1,-2.288,0,2026-05-28T10:09:11
9442,2156,1000731,603986.SH,20260526,20260528,2,,,2026-05-28T10:09:11
9443,2163,1000740,600584.SH,20260526,20260527,1,-2.3018,0,2026-05-28T10:09:12
9444,2164,1000740,002185.SZ,20260526,20260527,1,7.9272,1,2026-05-28T10:09:12
9445,2165,1000740,002156.SZ,20260526,20260527,1,-5.1333,0,2026-05-28T10:09:12
9446,2166,1000740,603773.SH,20260526,20260527,1,9.2309,1,2026-05-28T10:09:12
9447,2167,1000740,000021.SZ,20260526,20260527,1,2.8772,0,2026-05-28T10:09:12
9448,2163,1000740,600584.SH,20260526,20260528,2,,,2026-05-28T10:09:12
9449,2164,1000740,002185.SZ,20260526,20260528,2,,,2026-05-28T10:09:12
9450,2165,1000740,002156.SZ,20260526,20260528,2,,,2026-05-28T10:09:12
9451,2166,1000740,603773.SH,20260526,20260528,2,,,2026-05-28T10:09:12
9452,2167,1000740,000021.SZ,20260526,20260528,2,,,2026-05-28T10:09:12
9453,2168,1000741,688041.SH,20260526,20260527,1,-7.1433,0,2026-05-28T10:09:12
9454,2169,1000741,688256.SH,20260526,20260527,1,-5.0292,0,2026-05-28T10:09:12
9455,2170,1000741,002484.SZ,20260526,20260527,1,10.0081,1,2026-05-28T10:09:12
9456,2171,1000741,300870.SZ,20260526,20260527,1,-1.8685,0,2026-05-28T10:09:12
9457,2172,1000741,002990.SZ,20260526,20260527,1,-8.8676,0,2026-05-28T10:09:12
9458,2168,1000741,688041.SH,20260526,20260528,2,,,2026-05-28T10:09:12
9459,2169,1000741,688256.SH,20260526,20260528,2,,,2026-05-28T10:09:12
9460,2170,1000741,002484.SZ,20260526,20260528,2,,,2026-05-28T10:09:12
9461,2171,1000741,300870.SZ,20260526,20260528,2,,,2026-05-28T10:09:12
9462,2172,1000741,002990.SZ,20260526,20260528,2,,,2026-05-28T10:09:12
9463,2173,1000742,601012.SH,20260526,20260527,1,-1.6438,0,2026-05-28T10:09:13
9464,2174,1000742,002459.SZ,20260526,20260527,1,-1.1616,0,2026-05-28T10:09:13
9465,2175,1000742,688599.SH,20260526,20260527,1,-1.872,0,2026-05-28T10:09:13
9466,2176,1000742,601865.SH,20260526,20260527,1,-1.2356,0,2026-05-28T10:09:13
9467,2177,1000742,300274.SZ,20260526,20260527,1,2.8493,0,2026-05-28T10:09:13
9468,2173,1000742,601012.SH,20260526,20260528,2,,,2026-05-28T10:09:13
9469,2174,1000742,002459.SZ,20260526,20260528,2,,,2026-05-28T10:09:13
9470,2175,1000742,688599.SH,20260526,20260528,2,,,2026-05-28T10:09:13
9471,2176,1000742,601865.SH,20260526,20260528,2,,,2026-05-28T10:09:13
9472,2177,1000742,300274.SZ,20260526,20260528,2,,,2026-05-28T10:09:13
9473,2178,1000743,688235.SH,20260526,20260527,1,-1.9256,0,2026-05-28T10:09:13
9474,2179,1000743,688180.SH,20260526,20260527,1,-2.4148,0,2026-05-28T10:09:13
9475,2180,1000743,688192.SH,20260526,20260527,1,0.5172,0,2026-05-28T10:09:13
9476,2181,1000743,000661.SZ,20260526,20260527,1,-2.5077,0,2026-05-28T10:09:13
9477,2182,1000743,688506.SH,20260526,20260527,1,-0.5443,0,2026-05-28T10:09:13
9478,2178,1000743,688235.SH,20260526,20260528,2,,,2026-05-28T10:09:13
9479,2179,1000743,688180.SH,20260526,20260528,2,,,2026-05-28T10:09:13
9480,2180,1000743,688192.SH,20260526,20260528,2,,,2026-05-28T10:09:13
9481,2181,1000743,000661.SZ,20260526,20260528,2,,,2026-05-28T10:09:13
9482,2182,1000743,688506.SH,20260526,20260528,2,,,2026-05-28T10:09:13
9483,2183,1000744,601600.SH,20260526,20260527,1,-2.0678,0,2026-05-28T10:09:13
9484,2184,1000744,601899.SH,20260526,20260527,1,-3.8906,0,2026-05-28T10:09:13
9485,2185,1000744,600362.SH,20260526,20260527,1,-5.1998,0,2026-05-28T10:09:13
9486,2186,1000744,002738.SZ,20260526,20260527,1,-3.8542,0,2026-05-28T10:09:13
9487,2187,1000744,603375.SH,20260526,20260527,1,-4.9637,0,2026-05-28T10:09:13
9488,2183,1000744,601600.SH,20260526,20260528,2,,,2026-05-28T10:09:13
9489,2184,1000744,601899.SH,20260526,20260528,2,,,2026-05-28T10:09:13
9490,2185,1000744,600362.SH,20260526,20260528,2,,,2026-05-28T10:09:13
9491,2186,1000744,002738.SZ,20260526,20260528,2,,,2026-05-28T10:09:13
9492,2187,1000744,603375.SH,20260526,20260528,2,,,2026-05-28T10:09:13
9493,2188,1000745,600406.SH,20260526,20260527,1,0.3532,0,2026-05-28T10:09:13
9494,2189,1000745,000400.SZ,20260526,20260527,1,1.2668,0,2026-05-28T10:09:13
9495,2190,1000745,300750.SZ,20260526,20260527,1,3.0559,1,2026-05-28T10:09:13
9496,2191,1000745,300207.SZ,20260526,20260527,1,1.3036,0,2026-05-28T10:09:13
9497,2192,1000745,600580.SH,20260526,20260527,1,0.7942,0,2026-05-28T10:09:13
9498,2188,1000745,600406.SH,20260526,20260528,2,,,2026-05-28T10:09:13
9499,2189,1000745,000400.SZ,20260526,20260528,2,,,2026-05-28T10:09:13
9500,2190,1000745,300750.SZ,20260526,20260528,2,,,2026-05-28T10:09:13
9501,2191,1000745,300207.SZ,20260526,20260528,2,,,2026-05-28T10:09:13
9502,2192,1000745,600580.SH,20260526,20260528,2,,,2026-05-28T10:09:13
9614,2074,1000691,600259.SH,20260526,20260527,1,-3.0792,0,2026-05-28T10:09:07
9615,2075,1000691,000510.SZ,20260526,20260527,1,-0.3874,0,2026-05-28T10:09:07
9616,2074,1000691,600259.SH,20260526,20260528,2,,,2026-05-28T10:09:07
9617,2075,1000691,000510.SZ,20260526,20260528,2,,,2026-05-28T10:09:07
9618,2076,1000692,300750.SZ,20260526,20260527,1,3.0559,1,2026-05-28T10:09:08
9619,2077,1000692,300207.SZ,20260526,20260527,1,1.3036,0,2026-05-28T10:09:08
9620,2076,1000692,300750.SZ,20260526,20260528,2,,,2026-05-28T10:09:08
9621,2077,1000692,300207.SZ,20260526,20260528,2,,,2026-05-28T10:09:08
9622,2078,1000693,688041.SH,20260526,20260527,1,-7.1433,0,2026-05-28T10:09:08
9623,2079,1000693,688256.SH,20260526,20260527,1,-5.0292,0,2026-05-28T10:09:08
9624,2080,1000693,688981.SH,20260526,20260527,1,-1.9842,0,2026-05-28T10:09:08
9625,2078,1000693,688041.SH,20260526,20260528,2,,,2026-05-28T10:09:08
9626,2079,1000693,688256.SH,20260526,20260528,2,,,2026-05-28T10:09:08
9627,2080,1000693,688981.SH,20260526,20260528,2,,,2026-05-28T10:09:08
9628,2081,1000696,300676.SZ,20260526,20260527,1,-2.7535,0,2026-05-28T10:09:08
9629,2082,1000696,301301.SZ,20260526,20260527,1,-2.072,0,2026-05-28T10:09:08
9630,2081,1000696,300676.SZ,20260526,20260528,2,,,2026-05-28T10:09:08
9631,2082,1000696,301301.SZ,20260526,20260528,2,,,2026-05-28T10:09:08
9632,2083,1000697,002173.SZ,20260526,20260527,1,-3.8038,0,2026-05-28T10:09:08
9633,2084,1000697,301293.SZ,20260526,20260527,1,-2.0003,0,2026-05-28T10:09:08
9634,2083,1000697,002173.SZ,20260526,20260528,2,,,2026-05-28T10:09:08
9635,2084,1000697,301293.SZ,20260526,20260528,2,,,2026-05-28T10:09:08
