id,theme_id,prompt_id,prompt_version,report_date,score_date,days_offset,sector_pct,stock_avg_pct,stock_weighted_pct,hit_count,total_count,hit_rate,benchmark_pct,alpha,direction_correct,ai_review_label,ai_review_comment,created_at
942,1000283,custom_1770292858,1.0,20260522,20260525,1,,6.814666666666667,6.814666666666667,8,9,0.8888888888888888,0.9645,5.8501666666666665,,,,2026-05-28T10:08:18
943,1000283,custom_1770292858,1.0,20260522,20260526,2,,2.3581111111111115,2.3581111111111115,3,9,0.3333333333333333,-0.1733,2.5314111111111117,,,,2026-05-28T10:08:18
944,1000283,custom_1770292858,1.0,20260522,20260527,3,,-1.0226333333333333,-1.0226333333333333,3,9,0.3333333333333333,-1.2459,0.22326666666666672,,,,2026-05-28T10:08:18
945,1000284,custom_1770292858,1.0,20260522,20260525,1,,5.451933333333334,5.451933333333334,6,6,1.0,0.9645,4.487433333333334,,,,2026-05-28T10:08:18
946,1000284,custom_1770292858,1.0,20260522,20260526,2,,-0.06548333333333338,-0.06548333333333338,1,6,0.16666666666666666,-0.1733,0.10781666666666663,,,,2026-05-28T10:08:18
947,1000284,custom_1770292858,1.0,20260522,20260527,3,,-0.58115,-0.58115,1,6,0.16666666666666666,-1.2459,0.66475,,,,2026-05-28T10:08:18
948,1000285,custom_1770292858,1.0,20260522,20260525,1,4.97,4.602533333333334,4.602533333333334,2,3,0.6666666666666666,0.9645,3.6380333333333335,1,,,2026-05-28T10:08:18
949,1000285,custom_1770292858,1.0,20260522,20260526,2,1.16,1.5508666666666666,1.5508666666666666,1,3,0.3333333333333333,-0.1733,1.7241666666666666,1,,,2026-05-28T10:08:18
950,1000285,custom_1770292858,1.0,20260522,20260527,3,-1.07,-2.7176666666666667,-2.7176666666666667,0,3,0.0,-1.2459,-1.4717666666666667,0,,,2026-05-28T10:08:18
951,1000286,custom_1770292858,1.0,20260522,20260525,1,4.69,10.0091,10.0091,1,1,1.0,0.9645,9.0446,1,,,2026-05-28T10:08:18
952,1000286,custom_1770292858,1.0,20260522,20260526,2,1.17,10.0083,10.0083,1,1,1.0,-0.1733,10.1816,1,,,2026-05-28T10:08:18
953,1000286,custom_1770292858,1.0,20260522,20260527,3,-3.03,-0.2256,-0.2256,0,1,0.0,-1.2459,1.0203,0,,,2026-05-28T10:08:18
954,1000287,custom_1770292858,1.0,20260522,20260525,1,,-1.9859,-1.9859,0,2,0.0,0.9645,-2.9504,,,,2026-05-28T10:08:18
955,1000287,custom_1770292858,1.0,20260522,20260526,2,,6.0452,6.0452,1,2,0.5,-0.1733,6.218500000000001,,,,2026-05-28T10:08:18
956,1000287,custom_1770292858,1.0,20260522,20260527,3,,-10.0,-10.0,0,2,0.0,-1.2459,-8.7541,,,,2026-05-28T10:08:18
957,1000288,custom_1770292858,1.0,20260522,20260525,1,2.08,7.68875,7.68875,2,2,1.0,0.9645,6.72425,1,,,2026-05-28T10:08:18
958,1000288,custom_1770292858,1.0,20260522,20260526,2,-0.98,2.8635500000000005,2.8635500000000005,1,2,0.5,-0.1733,3.0368500000000003,0,,,2026-05-28T10:08:18
959,1000288,custom_1770292858,1.0,20260522,20260527,3,-2.03,-4.53525,-4.53525,0,2,0.0,-1.2459,-3.2893499999999998,0,,,2026-05-28T10:08:18
960,1000289,custom_1770292858,1.0,20260522,20260525,1,0.46,2.0631,2.0631,0,2,0.0,0.9645,1.0985999999999998,1,,,2026-05-28T10:08:19
961,1000289,custom_1770292858,1.0,20260522,20260526,2,-2.6,-2.89655,-2.89655,0,2,0.0,-0.1733,-2.72325,0,,,2026-05-28T10:08:19
962,1000289,custom_1770292858,1.0,20260522,20260527,3,-0.79,1.4127,1.4127,0,2,0.0,-1.2459,2.6586,0,,,2026-05-28T10:08:19
963,1000290,custom_1770292858,1.0,20260522,20260525,1,0.29,0.7343500000000001,0.7343500000000001,1,2,0.5,0.9645,-0.23014999999999997,1,,,2026-05-28T10:08:19
964,1000290,custom_1770292858,1.0,20260522,20260526,2,-1.7,-1.1602,-1.1602,0,2,0.0,-0.1733,-0.9868999999999999,0,,,2026-05-28T10:08:19
965,1000290,custom_1770292858,1.0,20260522,20260527,3,-2.98,-1.7209500000000002,-1.7209500000000002,0,2,0.0,-1.2459,-0.4750500000000002,0,,,2026-05-28T10:08:19
966,1000291,custom_1770292858,1.0,20260522,20260525,1,,,,0,0,0.0,0.9645,,,,,2026-05-28T10:08:19
967,1000291,custom_1770292858,1.0,20260522,20260526,2,,,,0,0,0.0,-0.1733,,,,,2026-05-28T10:08:19
968,1000291,custom_1770292858,1.0,20260522,20260527,3,,,,0,0,0.0,-1.2459,,,,,2026-05-28T10:08:19
969,1000292,custom_1770292858,1.0,20260522,20260525,1,,,,0,0,0.0,0.9645,,,,,2026-05-28T10:08:19
970,1000292,custom_1770292858,1.0,20260522,20260526,2,,,,0,0,0.0,-0.1733,,,,,2026-05-28T10:08:19
971,1000292,custom_1770292858,1.0,20260522,20260527,3,,,,0,0,0.0,-1.2459,,,,,2026-05-28T10:08:19
972,1000293,custom_1770292858,1.0,20260522,20260525,1,,,,0,0,0.0,0.9645,,,,,2026-05-28T10:08:19
973,1000293,custom_1770292858,1.0,20260522,20260526,2,,,,0,0,0.0,-0.1733,,,,,2026-05-28T10:08:19
974,1000293,custom_1770292858,1.0,20260522,20260527,3,,,,0,0,0.0,-1.2459,,,,,2026-05-28T10:08:19
1029,1000333,custom_6,1.0,20260522,20260525,1,,3.1083,3.1083,1,6,0.16666666666666666,0.9645,2.1437999999999997,,,,2026-05-28T10:08:19
1030,1000333,custom_6,1.0,20260522,20260526,2,,-0.2247666666666666,-0.2247666666666666,0,6,0.0,-0.1733,-0.05146666666666658,,,,2026-05-28T10:08:19
1031,1000333,custom_6,1.0,20260522,20260527,3,,-3.2924666666666664,-3.2924666666666664,0,6,0.0,-1.2459,-2.046566666666666,,,,2026-05-28T10:08:20
1032,1000334,custom_6,1.0,20260522,20260525,1,,5.7604,5.7604,3,4,0.75,0.9645,4.7959,,,,2026-05-28T10:08:20
1033,1000334,custom_6,1.0,20260522,20260526,2,,-0.632925,-0.632925,0,4,0.0,-0.1733,-0.45962499999999995,,,,2026-05-28T10:08:20
1034,1000334,custom_6,1.0,20260522,20260527,3,,2.610125,2.610125,2,4,0.5,-1.2459,3.856025,,,,2026-05-28T10:08:20
1035,1000335,custom_6,1.0,20260522,20260525,1,0.36,1.7505333333333333,1.7505333333333333,0,3,0.0,0.9645,0.7860333333333333,1,,,2026-05-28T10:08:20
1036,1000335,custom_6,1.0,20260522,20260526,2,-1.8,-0.46553333333333335,-0.46553333333333335,0,3,0.0,-0.1733,-0.29223333333333334,0,,,2026-05-28T10:08:20
1037,1000335,custom_6,1.0,20260522,20260527,3,-2.11,-3.626,-3.626,0,3,0.0,-1.2459,-2.3800999999999997,0,,,2026-05-28T10:08:20
1038,1000336,custom_6,1.0,20260522,20260525,1,,1.7628428571428572,1.7628428571428572,2,7,0.2857142857142857,0.9645,0.7983428571428571,,,,2026-05-28T10:08:20
1039,1000336,custom_6,1.0,20260522,20260526,2,,-2.999428571428571,-2.999428571428571,0,7,0.0,-0.1733,-2.826128571428571,,,,2026-05-28T10:08:20
1040,1000336,custom_6,1.0,20260522,20260527,3,,-1.2002714285714284,-1.2002714285714284,0,7,0.0,-1.2459,0.045628571428571574,,,,2026-05-28T10:08:20
1041,1000337,custom_6,1.0,20260522,20260525,1,0.96,4.7208000000000006,4.7208000000000006,3,5,0.6,0.9645,3.7563000000000004,1,,,2026-05-28T10:08:20
1042,1000337,custom_6,1.0,20260522,20260526,2,-2.65,-3.09926,-3.09926,0,5,0.0,-0.1733,-2.92596,0,,,2026-05-28T10:08:20
1043,1000337,custom_6,1.0,20260522,20260527,3,-1.14,0.73722,0.73722,2,5,0.4,-1.2459,1.98312,0,,,2026-05-28T10:08:20
1044,1000338,custom_6,1.0,20260522,20260525,1,,-1.0403,-1.0403,0,3,0.0,0.9645,-2.0048,,,,2026-05-28T10:08:20
1045,1000338,custom_6,1.0,20260522,20260526,2,,-1.5651,-1.5651,0,3,0.0,-0.1733,-1.3918,,,,2026-05-28T10:08:20
1046,1000338,custom_6,1.0,20260522,20260527,3,,-3.0604999999999998,-3.0604999999999998,0,3,0.0,-1.2459,-1.8145999999999998,,,,2026-05-28T10:08:20
1047,1000339,custom_6,1.0,20260522,20260525,1,-2.29,-3.6397999999999997,-3.6397999999999997,0,3,0.0,0.9645,-4.604299999999999,0,,,2026-05-28T10:08:20
1048,1000339,custom_6,1.0,20260522,20260526,2,-0.64,-1.5625333333333333,-1.5625333333333333,0,3,0.0,-0.1733,-1.3892333333333333,0,,,2026-05-28T10:08:21
1049,1000339,custom_6,1.0,20260522,20260527,3,-1.51,0.4817666666666666,0.4817666666666666,1,3,0.3333333333333333,-1.2459,1.7276666666666667,0,,,2026-05-28T10:08:21
1050,1000340,custom_6,1.0,20260522,20260525,1,,7.847933333333334,7.847933333333334,2,3,0.6666666666666666,0.9645,6.8834333333333335,,,,2026-05-28T10:08:21
1051,1000340,custom_6,1.0,20260522,20260526,2,,-0.5379,-0.5379,1,3,0.3333333333333333,-0.1733,-0.36460000000000004,,,,2026-05-28T10:08:21
1052,1000340,custom_6,1.0,20260522,20260527,3,,-5.645833333333333,-5.645833333333333,0,3,0.0,-1.2459,-4.399933333333333,,,,2026-05-28T10:08:21
1053,1000341,custom_6,1.0,20260522,20260525,1,0.38,-1.7682,-1.7682,0,1,0.0,0.9645,-2.7327,1,,,2026-05-28T10:08:21
1054,1000341,custom_6,1.0,20260522,20260526,2,-1.58,-0.2222,-0.2222,0,1,0.0,-0.1733,-0.0489,0,,,2026-05-28T10:08:21
1055,1000341,custom_6,1.0,20260522,20260527,3,-2.17,-1.7595,-1.7595,0,1,0.0,-1.2459,-0.5136000000000001,0,,,2026-05-28T10:08:21
1056,1000342,custom_6,1.0,20260522,20260525,1,-1.02,,,0,0,0.0,0.9645,,0,,,2026-05-28T10:08:21
1057,1000342,custom_6,1.0,20260522,20260526,2,-1.08,,,0,0,0.0,-0.1733,,0,,,2026-05-28T10:08:21
1058,1000342,custom_6,1.0,20260522,20260527,3,-0.86,,,0,0,0.0,-1.2459,,0,,,2026-05-28T10:08:21
1059,1000343,custom_6,1.0,20260522,20260525,1,,,,0,0,0.0,0.9645,,,,,2026-05-28T10:08:21
1060,1000343,custom_6,1.0,20260522,20260526,2,,,,0,0,0.0,-0.1733,,,,,2026-05-28T10:08:21
1061,1000343,custom_6,1.0,20260522,20260527,3,,,,0,0,0.0,-1.2459,,,,,2026-05-28T10:08:21
1062,1000344,custom_6,1.0,20260522,20260525,1,,,,0,0,0.0,0.9645,,,,,2026-05-28T10:08:21
1063,1000344,custom_6,1.0,20260522,20260526,2,,,,0,0,0.0,-0.1733,,,,,2026-05-28T10:08:21
1064,1000344,custom_6,1.0,20260522,20260527,3,,,,0,0,0.0,-1.2459,,,,,2026-05-28T10:08:21
1065,1000345,custom_6,1.0,20260522,20260525,1,,,,0,0,0.0,0.9645,,,,,2026-05-28T10:08:22
1066,1000345,custom_6,1.0,20260522,20260526,2,,,,0,0,0.0,-0.1733,,,,,2026-05-28T10:08:22
1067,1000345,custom_6,1.0,20260522,20260527,3,,,,0,0,0.0,-1.2459,,,,,2026-05-28T10:08:22
1068,1000346,custom_6,1.0,20260522,20260525,1,0.29,3.079425,3.079425,1,4,0.25,0.9645,2.114925,1,,,2026-05-28T10:08:22
1069,1000346,custom_6,1.0,20260522,20260526,2,-1.7,-3.5858,-3.5858,0,4,0.0,-0.1733,-3.4124999999999996,0,,,2026-05-28T10:08:22
1070,1000346,custom_6,1.0,20260522,20260527,3,-2.98,-0.9893749999999997,-0.9893749999999997,1,4,0.25,-1.2459,0.25652500000000034,0,,,2026-05-28T10:08:22
1071,1000347,custom_6,1.0,20260522,20260525,1,,0.0377,0.0377,0,2,0.0,0.9645,-0.9268000000000001,,,,2026-05-28T10:08:22
1072,1000347,custom_6,1.0,20260522,20260526,2,,-0.5536000000000001,-0.5536000000000001,0,2,0.0,-0.1733,-0.3803000000000001,,,,2026-05-28T10:08:22
1073,1000347,custom_6,1.0,20260522,20260527,3,,-1.0808,-1.0808,0,2,0.0,-1.2459,0.16510000000000002,,,,2026-05-28T10:08:22
1074,1000348,custom_6,1.0,20260522,20260525,1,,0.3675799999999999,0.3675799999999999,1,5,0.2,0.9645,-0.5969200000000001,,,,2026-05-28T10:08:22
1075,1000348,custom_6,1.0,20260522,20260526,2,,-0.9206799999999999,-0.9206799999999999,0,5,0.0,-0.1733,-0.7473799999999999,,,,2026-05-28T10:08:22
1076,1000348,custom_6,1.0,20260522,20260527,3,,-1.00136,-1.00136,0,5,0.0,-1.2459,0.24453999999999998,,,,2026-05-28T10:08:22
1077,1000349,custom_6,1.0,20260522,20260525,1,,9.301166666666667,9.301166666666667,3,3,1.0,0.9645,8.336666666666668,,,,2026-05-28T10:08:22
1078,1000349,custom_6,1.0,20260522,20260526,2,,0.48083333333333317,0.48083333333333317,1,3,0.3333333333333333,-0.1733,0.6541333333333332,,,,2026-05-28T10:08:22
1079,1000349,custom_6,1.0,20260522,20260527,3,,-5.438199999999999,-5.438199999999999,0,3,0.0,-1.2459,-4.1922999999999995,,,,2026-05-28T10:08:22
1080,1000350,custom_6,1.0,20260522,20260525,1,,-0.61,-0.61,0,3,0.0,0.9645,-1.5745,,,,2026-05-28T10:08:22
1081,1000350,custom_6,1.0,20260522,20260526,2,,-0.6025999999999999,-0.6025999999999999,0,3,0.0,-0.1733,-0.4292999999999999,,,,2026-05-28T10:08:22
1082,1000350,custom_6,1.0,20260522,20260527,3,,-4.4329,-4.4329,0,3,0.0,-1.2459,-3.1870000000000003,,,,2026-05-28T10:08:22
1083,1000351,custom_6,1.0,20260522,20260525,1,,5.0385,5.0385,2,4,0.5,0.9645,4.074,,,,2026-05-28T10:08:23
1084,1000351,custom_6,1.0,20260522,20260526,2,,-2.99165,-2.99165,0,4,0.0,-0.1733,-2.8183499999999997,,,,2026-05-28T10:08:23
1085,1000351,custom_6,1.0,20260522,20260527,3,,1.571275,1.571275,2,4,0.5,-1.2459,2.8171749999999998,,,,2026-05-28T10:08:23
1086,1000352,custom_6,1.0,20260522,20260525,1,,,,0,0,0.0,0.9645,,,,,2026-05-28T10:08:23
1087,1000352,custom_6,1.0,20260522,20260526,2,,,,0,0,0.0,-0.1733,,,,,2026-05-28T10:08:23
1088,1000352,custom_6,1.0,20260522,20260527,3,,,,0,0,0.0,-1.2459,,,,,2026-05-28T10:08:23
1089,1000353,custom_6,1.0,20260522,20260525,1,,0.5995000000000001,0.5995000000000001,1,2,0.5,0.9645,-0.3649999999999999,,,,2026-05-28T10:08:23
1090,1000353,custom_6,1.0,20260522,20260526,2,,-2.6367000000000003,-2.6367000000000003,0,2,0.0,-0.1733,-2.4634,,,,2026-05-28T10:08:23
1091,1000353,custom_6,1.0,20260522,20260527,3,,1.20395,1.20395,1,2,0.5,-1.2459,2.44985,,,,2026-05-28T10:08:23
1092,1000354,custom_6,1.0,20260522,20260525,1,0.38,,,0,0,0.0,0.9645,,1,,,2026-05-28T10:08:23
1093,1000354,custom_6,1.0,20260522,20260526,2,-1.58,,,0,0,0.0,-0.1733,,0,,,2026-05-28T10:08:23
1094,1000354,custom_6,1.0,20260522,20260527,3,-2.17,,,0,0,0.0,-1.2459,,0,,,2026-05-28T10:08:23
1095,1000355,custom_6,1.0,20260522,20260525,1,,,,0,0,0.0,0.9645,,,,,2026-05-28T10:08:23
1096,1000355,custom_6,1.0,20260522,20260526,2,,,,0,0,0.0,-0.1733,,,,,2026-05-28T10:08:23
1097,1000355,custom_6,1.0,20260522,20260527,3,,,,0,0,0.0,-1.2459,,,,,2026-05-28T10:08:23
1098,1000356,custom_6,1.0,20260522,20260525,1,0.36,,,0,0,0.0,0.9645,,1,,,2026-05-28T10:08:23
1099,1000356,custom_6,1.0,20260522,20260526,2,-1.8,,,0,0,0.0,-0.1733,,0,,,2026-05-28T10:08:23
1100,1000356,custom_6,1.0,20260522,20260527,3,-2.11,,,0,0,0.0,-1.2459,,0,,,2026-05-28T10:08:23
1101,1000357,custom_1770292858,1.0,20260522,20260525,1,,6.3787,6.3787,4,5,0.8,0.9645,5.4142,,,,2026-05-28T10:08:24
1102,1000357,custom_1770292858,1.0,20260522,20260526,2,,-1.38966,-1.38966,0,5,0.0,-0.1733,-1.2163599999999999,,,,2026-05-28T10:08:24
1103,1000357,custom_1770292858,1.0,20260522,20260527,3,,2.8855999999999997,2.8855999999999997,3,5,0.6,-1.2459,4.1315,,,,2026-05-28T10:08:24
1104,1000358,custom_1770292858,1.0,20260522,20260525,1,,6.122957142857143,6.122957142857143,6,7,0.8571428571428571,0.9645,5.158457142857143,,,,2026-05-28T10:08:24
1105,1000358,custom_1770292858,1.0,20260522,20260526,2,,3.216757142857143,3.216757142857143,3,7,0.42857142857142855,-0.1733,3.3900571428571427,,,,2026-05-28T10:08:24
1106,1000358,custom_1770292858,1.0,20260522,20260527,3,,-3.9196714285714287,-3.9196714285714287,1,7,0.14285714285714285,-1.2459,-2.6737714285714285,,,,2026-05-28T10:08:24
1107,1000359,custom_1770292858,1.0,20260522,20260525,1,4.97,4.602533333333334,4.602533333333334,2,3,0.6666666666666666,0.9645,3.6380333333333335,1,,,2026-05-28T10:08:24
1108,1000359,custom_1770292858,1.0,20260522,20260526,2,1.16,1.5508666666666666,1.5508666666666666,1,3,0.3333333333333333,-0.1733,1.7241666666666666,1,,,2026-05-28T10:08:24
1109,1000359,custom_1770292858,1.0,20260522,20260527,3,-1.07,-2.7176666666666667,-2.7176666666666667,0,3,0.0,-1.2459,-1.4717666666666667,0,,,2026-05-28T10:08:24
1110,1000360,custom_1770292858,1.0,20260522,20260525,1,,5.16852,5.16852,4,5,0.8,0.9645,4.20402,,,,2026-05-28T10:08:24
1111,1000360,custom_1770292858,1.0,20260522,20260526,2,,-0.40397999999999995,-0.40397999999999995,1,5,0.2,-0.1733,-0.23067999999999994,,,,2026-05-28T10:08:24
1112,1000360,custom_1770292858,1.0,20260522,20260527,3,,2.2868399999999998,2.2868399999999998,2,5,0.4,-1.2459,3.5327399999999995,,,,2026-05-28T10:08:24
1113,1000361,custom_1770292858,1.0,20260522,20260525,1,4.69,10.00455,10.00455,2,2,1.0,0.9645,9.04005,1,,,2026-05-28T10:08:24
1114,1000361,custom_1770292858,1.0,20260522,20260526,2,1.17,8.2744,8.2744,2,2,1.0,-0.1733,8.4477,1,,,2026-05-28T10:08:24
1115,1000361,custom_1770292858,1.0,20260522,20260527,3,-3.03,-0.65335,-0.65335,0,2,0.0,-1.2459,0.59255,0,,,2026-05-28T10:08:24
1116,1000362,custom_1770292858,1.0,20260522,20260525,1,-0.08,2.18152,2.18152,1,5,0.2,0.9645,1.2170199999999998,0,,,2026-05-28T10:08:24
1117,1000362,custom_1770292858,1.0,20260522,20260526,2,-0.82,1.42114,1.42114,1,5,0.2,-0.1733,1.59444,0,,,2026-05-28T10:08:24
1118,1000362,custom_1770292858,1.0,20260522,20260527,3,-3.03,-7.27604,-7.27604,0,5,0.0,-1.2459,-6.03014,0,,,2026-05-28T10:08:24
1119,1000363,custom_1770292858,1.0,20260522,20260525,1,1.75,2.2704500000000003,2.2704500000000003,1,2,0.5,0.9645,1.3059500000000002,1,,,2026-05-28T10:08:25
1120,1000363,custom_1770292858,1.0,20260522,20260526,2,-1.51,-0.76355,-0.76355,0,2,0.0,-0.1733,-0.5902499999999999,0,,,2026-05-28T10:08:25
1121,1000363,custom_1770292858,1.0,20260522,20260527,3,-2.37,-1.8966500000000002,-1.8966500000000002,0,2,0.0,-1.2459,-0.6507500000000002,0,,,2026-05-28T10:08:25
1122,1000364,custom_1770292858,1.0,20260522,20260525,1,0.29,0.0787500000000001,0.0787500000000001,0,2,0.0,0.9645,-0.8857499999999999,1,,,2026-05-28T10:08:25
1123,1000364,custom_1770292858,1.0,20260522,20260526,2,-1.7,-0.79265,-0.79265,0,2,0.0,-0.1733,-0.61935,0,,,2026-05-28T10:08:25
1124,1000364,custom_1770292858,1.0,20260522,20260527,3,-2.98,-3.0237499999999997,-3.0237499999999997,0,2,0.0,-1.2459,-1.7778499999999997,0,,,2026-05-28T10:08:25
1125,1000365,custom_1770292858,1.0,20260522,20260525,1,,6.7955000000000005,6.7955000000000005,2,3,0.6666666666666666,0.9645,5.831,,,,2026-05-28T10:08:25
1126,1000365,custom_1770292858,1.0,20260522,20260526,2,,-3.3391333333333333,-3.3391333333333333,0,3,0.0,-0.1733,-3.1658333333333335,,,,2026-05-28T10:08:25
1127,1000365,custom_1770292858,1.0,20260522,20260527,3,,0.4960666666666668,0.4960666666666668,1,3,0.3333333333333333,-1.2459,1.7419666666666669,,,,2026-05-28T10:08:25
1128,1000366,custom_1770292858,1.0,20260522,20260525,1,0.36,1.3306,1.3306,0,1,0.0,0.9645,0.3661,1,,,2026-05-28T10:08:25
1129,1000366,custom_1770292858,1.0,20260522,20260526,2,-1.8,1.3805,1.3805,0,1,0.0,-0.1733,1.5538,0,,,2026-05-28T10:08:25
1130,1000366,custom_1770292858,1.0,20260522,20260527,3,-2.11,-3.2547,-3.2547,0,1,0.0,-1.2459,-2.0088,0,,,2026-05-28T10:08:25
1131,1000367,custom_1770292858,1.0,20260522,20260525,1,,8.4843,8.4843,3,3,1.0,0.9645,7.519799999999999,,,,2026-05-28T10:08:25
1132,1000367,custom_1770292858,1.0,20260522,20260526,2,,-2.0364333333333335,-2.0364333333333335,0,3,0.0,-0.1733,-1.8631333333333335,,,,2026-05-28T10:08:25
1133,1000367,custom_1770292858,1.0,20260522,20260527,3,,-3.4510666666666663,-3.4510666666666663,0,3,0.0,-1.2459,-2.205166666666666,,,,2026-05-28T10:08:25
1134,1000368,custom_1770292858,1.0,20260522,20260525,1,0.02,-2.374,-2.374,0,3,0.0,0.9645,-3.3385000000000002,1,,,2026-05-28T10:08:25
1135,1000368,custom_1770292858,1.0,20260522,20260526,2,-2.02,-2.3237666666666668,-2.3237666666666668,0,3,0.0,-0.1733,-2.1504666666666665,0,,,2026-05-28T10:08:25
1136,1000368,custom_1770292858,1.0,20260522,20260527,3,-2.96,-0.8925333333333333,-0.8925333333333333,0,3,0.0,-1.2459,0.3533666666666667,0,,,2026-05-28T10:08:25
1137,1000369,custom_1770292858,1.0,20260522,20260525,1,1.28,,,0,0,0.0,0.9645,,0,,,2026-05-28T10:08:26
1138,1000369,custom_1770292858,1.0,20260522,20260526,2,-1.21,,,0,0,0.0,-0.1733,,1,,,2026-05-28T10:08:26
1139,1000369,custom_1770292858,1.0,20260522,20260527,3,1.44,,,0,0,0.0,-1.2459,,0,,,2026-05-28T10:08:26
1140,1000370,custom_1770292858,1.0,20260522,20260525,1,0.86,,,0,0,0.0,0.9645,,0,,,2026-05-28T10:08:26
1141,1000370,custom_1770292858,1.0,20260522,20260526,2,0.88,,,0,0,0.0,-0.1733,,0,,,2026-05-28T10:08:26
1142,1000370,custom_1770292858,1.0,20260522,20260527,3,-1.05,,,0,0,0.0,-1.2459,,1,,,2026-05-28T10:08:26
1143,1000371,custom_1770292858,1.0,20260522,20260525,1,,,,0,0,0.0,0.9645,,,,,2026-05-28T10:08:26
1144,1000371,custom_1770292858,1.0,20260522,20260526,2,,,,0,0,0.0,-0.1733,,,,,2026-05-28T10:08:26
1145,1000371,custom_1770292858,1.0,20260522,20260527,3,,,,0,0,0.0,-1.2459,,,,,2026-05-28T10:08:26
1296,1000400,aggressive,1.0,20260522,20260525,1,,6.3787,6.3787,4,5,0.8,0.9645,5.4142,,,,2026-05-28T10:08:26
1297,1000400,aggressive,1.0,20260522,20260526,2,,-1.38966,-1.38966,0,5,0.0,-0.1733,-1.2163599999999999,,,,2026-05-28T10:08:26
1298,1000400,aggressive,1.0,20260522,20260527,3,,2.8855999999999997,2.8855999999999997,3,5,0.6,-1.2459,4.1315,,,,2026-05-28T10:08:26
1299,1000401,aggressive,1.0,20260522,20260525,1,,5.41336,5.41336,4,5,0.8,0.9645,4.44886,,,,2026-05-28T10:08:26
1300,1000401,aggressive,1.0,20260522,20260526,2,,3.22004,3.22004,2,5,0.4,-0.1733,3.3933400000000002,,,,2026-05-28T10:08:26
1301,1000401,aggressive,1.0,20260522,20260527,3,,-3.35674,-3.35674,1,5,0.2,-1.2459,-2.1108399999999996,,,,2026-05-28T10:08:26
1302,1000402,aggressive,1.0,20260522,20260525,1,,6.99688,6.99688,4,5,0.8,0.9645,6.03238,,,,2026-05-28T10:08:26
1303,1000402,aggressive,1.0,20260522,20260526,2,,4.6586799999999995,4.6586799999999995,3,5,0.6,-0.1733,4.83198,,,,2026-05-28T10:08:27
1304,1000402,aggressive,1.0,20260522,20260527,3,,0.42623999999999995,0.42623999999999995,1,5,0.2,-1.2459,1.67214,,,,2026-05-28T10:08:27
1305,1000403,aggressive,1.0,20260522,20260525,1,4.69,9.11648,9.11648,5,5,1.0,0.9645,8.15198,1,,,2026-05-28T10:08:27
1306,1000403,aggressive,1.0,20260522,20260526,2,1.17,2.95496,2.95496,2,5,0.4,-0.1733,3.12826,1,,,2026-05-28T10:08:27
1307,1000403,aggressive,1.0,20260522,20260527,3,-3.03,-2.82824,-2.82824,0,5,0.0,-1.2459,-1.58234,0,,,2026-05-28T10:08:27
1308,1000404,aggressive,1.0,20260522,20260525,1,0.36,1.6211600000000002,1.6211600000000002,2,5,0.4,0.9645,0.6566600000000001,1,,,2026-05-28T10:08:27
1309,1000404,aggressive,1.0,20260522,20260526,2,-1.8,-1.70416,-1.70416,1,5,0.2,-0.1733,-1.5308599999999999,0,,,2026-05-28T10:08:27
1310,1000404,aggressive,1.0,20260522,20260527,3,-2.11,-2.061,-2.061,0,5,0.0,-1.2459,-0.8150999999999999,0,,,2026-05-28T10:08:27
1311,1000405,aggressive,1.0,20260522,20260525,1,0.89,-1.35594,-1.35594,0,5,0.0,0.9645,-2.32044,1,,,2026-05-28T10:08:27
1312,1000405,aggressive,1.0,20260522,20260526,2,-2.48,-2.11612,-2.11612,0,5,0.0,-0.1733,-1.94282,0,,,2026-05-28T10:08:27
1313,1000405,aggressive,1.0,20260522,20260527,3,-2.02,-3.16584,-3.16584,0,5,0.0,-1.2459,-1.9199400000000002,0,,,2026-05-28T10:08:27
1314,1000406,aggressive,1.0,20260522,20260525,1,,,,0,0,0.0,0.9645,,,,,2026-05-28T10:08:27
1315,1000406,aggressive,1.0,20260522,20260526,2,,,,0,0,0.0,-0.1733,,,,,2026-05-28T10:08:27
1316,1000406,aggressive,1.0,20260522,20260527,3,,,,0,0,0.0,-1.2459,,,,,2026-05-28T10:08:27
1317,1000407,aggressive,1.0,20260522,20260525,1,,,,0,0,0.0,0.9645,,,,,2026-05-28T10:08:27
1318,1000407,aggressive,1.0,20260522,20260526,2,,,,0,0,0.0,-0.1733,,,,,2026-05-28T10:08:27
1319,1000407,aggressive,1.0,20260522,20260527,3,,,,0,0,0.0,-1.2459,,,,,2026-05-28T10:08:27
1320,1000408,comprehensive,1.0,20260522,20260525,1,,5.7866,5.7866,2,3,0.6666666666666666,0.9645,4.8221,,,,2026-05-28T10:08:28
1321,1000408,comprehensive,1.0,20260522,20260526,2,,0.1336333333333333,0.1336333333333333,0,3,0.0,-0.1733,0.3069333333333333,,,,2026-05-28T10:08:28
1322,1000408,comprehensive,1.0,20260522,20260527,3,,3.9635666666666665,3.9635666666666665,2,3,0.6666666666666666,-1.2459,5.209466666666667,,,,2026-05-28T10:08:28
1323,1000409,comprehensive,1.0,20260522,20260525,1,,6.79046,6.79046,5,5,1.0,0.9645,5.82596,,,,2026-05-28T10:08:28
1324,1000409,comprehensive,1.0,20260522,20260526,2,,3.15246,3.15246,2,5,0.4,-0.1733,3.32576,,,,2026-05-28T10:08:28
1325,1000409,comprehensive,1.0,20260522,20260527,3,,-3.55906,-3.55906,1,5,0.2,-1.2459,-2.31316,,,,2026-05-28T10:08:28
1326,1000410,comprehensive,1.0,20260522,20260525,1,4.97,4.7907,4.7907,3,4,0.75,0.9645,3.8262,1,,,2026-05-28T10:08:28
1327,1000410,comprehensive,1.0,20260522,20260526,2,1.16,0.08987500000000004,0.08987500000000004,1,4,0.25,-0.1733,0.26317500000000005,1,,,2026-05-28T10:08:28
1328,1000410,comprehensive,1.0,20260522,20260527,3,-1.07,-4.029875,-4.029875,0,4,0.0,-1.2459,-2.783975,0,,,2026-05-28T10:08:28
1329,1000411,comprehensive,1.0,20260522,20260525,1,4.69,10.00455,10.00455,2,2,1.0,0.9645,9.04005,1,,,2026-05-28T10:08:28
1330,1000411,comprehensive,1.0,20260522,20260526,2,1.17,8.2744,8.2744,2,2,1.0,-0.1733,8.4477,1,,,2026-05-28T10:08:28
1331,1000411,comprehensive,1.0,20260522,20260527,3,-3.03,-0.65335,-0.65335,0,2,0.0,-1.2459,0.59255,0,,,2026-05-28T10:08:28
1332,1000412,comprehensive,1.0,20260522,20260525,1,,-2.0138,-2.0138,0,1,0.0,0.9645,-2.9783,,,,2026-05-28T10:08:28
1333,1000412,comprehensive,1.0,20260522,20260526,2,,-0.0943,-0.0943,0,1,0.0,-0.1733,0.07900000000000001,,,,2026-05-28T10:08:28
1334,1000412,comprehensive,1.0,20260522,20260527,3,,3.0559,3.0559,1,1,1.0,-1.2459,4.3018,,,,2026-05-28T10:08:28
1335,1000413,comprehensive,1.0,20260522,20260525,1,,-2.5968666666666667,-2.5968666666666667,0,3,0.0,0.9645,-3.561366666666667,,,,2026-05-28T10:08:28
1336,1000413,comprehensive,1.0,20260522,20260526,2,,4.030133333333334,4.030133333333334,1,3,0.3333333333333333,-0.1733,4.203433333333334,,,,2026-05-28T10:08:28
1337,1000413,comprehensive,1.0,20260522,20260527,3,,-7.3745666666666665,-7.3745666666666665,0,3,0.0,-1.2459,-6.128666666666667,,,,2026-05-28T10:08:28
1338,1000414,comprehensive,1.0,20260522,20260525,1,1.82,4.6407,4.6407,1,1,1.0,0.9645,3.6761999999999997,1,,,2026-05-28T10:08:29
1339,1000414,comprehensive,1.0,20260522,20260526,2,-2.36,3.0043,3.0043,1,1,1.0,-0.1733,3.1776,0,,,2026-05-28T10:08:29
1340,1000414,comprehensive,1.0,20260522,20260527,3,-2.85,-4.213,-4.213,0,1,0.0,-1.2459,-2.9671000000000003,0,,,2026-05-28T10:08:29
1341,1000415,comprehensive,1.0,20260522,20260525,1,,,,0,0,0.0,0.9645,,,,,2026-05-28T10:08:29
1342,1000415,comprehensive,1.0,20260522,20260526,2,,,,0,0,0.0,-0.1733,,,,,2026-05-28T10:08:29
1343,1000415,comprehensive,1.0,20260522,20260527,3,,,,0,0,0.0,-1.2459,,,,,2026-05-28T10:08:29
1344,1000416,comprehensive,1.0,20260522,20260525,1,1.28,,,0,0,0.0,0.9645,,0,,,2026-05-28T10:08:29
1345,1000416,comprehensive,1.0,20260522,20260526,2,-1.21,,,0,0,0.0,-0.1733,,1,,,2026-05-28T10:08:29
1346,1000416,comprehensive,1.0,20260522,20260527,3,1.44,,,0,0,0.0,-1.2459,,0,,,2026-05-28T10:08:29
1347,1000417,comprehensive,1.0,20260522,20260525,1,0.86,,,0,0,0.0,0.9645,,0,,,2026-05-28T10:08:29
1348,1000417,comprehensive,1.0,20260522,20260526,2,0.88,,,0,0,0.0,-0.1733,,0,,,2026-05-28T10:08:29
1349,1000417,comprehensive,1.0,20260522,20260527,3,-1.05,,,0,0,0.0,-1.2459,,1,,,2026-05-28T10:08:29
1350,1000418,custom_1770292858,1.0,20260522,20260525,1,,5.3979,5.3979,5,6,0.8333333333333334,0.9645,4.4334,,,,2026-05-28T10:08:29
1351,1000418,custom_1770292858,1.0,20260522,20260526,2,,3.3819500000000002,3.3819500000000002,3,6,0.5,-0.1733,3.55525,,,,2026-05-28T10:08:29
1352,1000418,custom_1770292858,1.0,20260522,20260527,3,,-2.33465,-2.33465,0,6,0.0,-1.2459,-1.0887499999999999,,,,2026-05-28T10:08:29
1353,1000419,custom_1770292858,1.0,20260522,20260525,1,,5.7604,5.7604,3,4,0.75,0.9645,4.7959,,,,2026-05-28T10:08:29
1354,1000419,custom_1770292858,1.0,20260522,20260526,2,,-0.632925,-0.632925,0,4,0.0,-0.1733,-0.45962499999999995,,,,2026-05-28T10:08:29
1355,1000419,custom_1770292858,1.0,20260522,20260527,3,,2.610125,2.610125,2,4,0.5,-1.2459,3.856025,,,,2026-05-28T10:08:29
1356,1000420,custom_1770292858,1.0,20260522,20260525,1,4.97,4.602533333333334,4.602533333333334,2,3,0.6666666666666666,0.9645,3.6380333333333335,1,,,2026-05-28T10:08:30
1357,1000420,custom_1770292858,1.0,20260522,20260526,2,1.16,1.5508666666666666,1.5508666666666666,1,3,0.3333333333333333,-0.1733,1.7241666666666666,1,,,2026-05-28T10:08:30
1358,1000420,custom_1770292858,1.0,20260522,20260527,3,-1.07,-2.7176666666666667,-2.7176666666666667,0,3,0.0,-1.2459,-1.4717666666666667,0,,,2026-05-28T10:08:30
1359,1000421,custom_1770292858,1.0,20260522,20260525,1,,-1.7735666666666667,-1.7735666666666667,0,3,0.0,0.9645,-2.7380666666666666,,,,2026-05-28T10:08:30
1360,1000421,custom_1770292858,1.0,20260522,20260526,2,,3.4707666666666666,3.4707666666666666,1,3,0.3333333333333333,-0.1733,3.6440666666666663,,,,2026-05-28T10:08:30
1361,1000421,custom_1770292858,1.0,20260522,20260527,3,,-7.298766666666666,-7.298766666666666,0,3,0.0,-1.2459,-6.052866666666667,,,,2026-05-28T10:08:30
1362,1000422,custom_1770292858,1.0,20260522,20260525,1,4.69,10.0091,10.0091,1,1,1.0,0.9645,9.0446,1,,,2026-05-28T10:08:30
1363,1000422,custom_1770292858,1.0,20260522,20260526,2,1.17,10.0083,10.0083,1,1,1.0,-0.1733,10.1816,1,,,2026-05-28T10:08:30
1364,1000422,custom_1770292858,1.0,20260522,20260527,3,-3.03,-0.2256,-0.2256,0,1,0.0,-1.2459,1.0203,0,,,2026-05-28T10:08:30
1365,1000423,custom_1770292858,1.0,20260522,20260525,1,2.08,-2.2462,-2.2462,0,1,0.0,0.9645,-3.2107,1,,,2026-05-28T10:08:30
1366,1000423,custom_1770292858,1.0,20260522,20260526,2,-0.98,-3.5335,-3.5335,0,1,0.0,-0.1733,-3.3602,0,,,2026-05-28T10:08:30
1367,1000423,custom_1770292858,1.0,20260522,20260527,3,-2.03,1.7528,1.7528,0,1,0.0,-1.2459,2.9987,0,,,2026-05-28T10:08:30
1368,1000424,custom_1770292858,1.0,20260522,20260525,1,,-1.98265,-1.98265,0,2,0.0,0.9645,-2.94715,,,,2026-05-28T10:08:30
1369,1000424,custom_1770292858,1.0,20260522,20260526,2,,0.5636,0.5636,0,2,0.0,-0.1733,0.7369,,,,2026-05-28T10:08:30
1370,1000424,custom_1770292858,1.0,20260522,20260527,3,,-1.14065,-1.14065,0,2,0.0,-1.2459,0.10525000000000007,,,,2026-05-28T10:08:30
1371,1000425,custom_1770292858,1.0,20260522,20260525,1,0.38,,,0,0,0.0,0.9645,,0,,,2026-05-28T10:08:30
1372,1000425,custom_1770292858,1.0,20260522,20260526,2,-1.58,,,0,0,0.0,-0.1733,,1,,,2026-05-28T10:08:30
1373,1000425,custom_1770292858,1.0,20260522,20260527,3,-2.17,,,0,0,0.0,-1.2459,,1,,,2026-05-28T10:08:31
1374,1000426,conservative,1.0,20260522,20260525,1,,5.07444,5.07444,3,5,0.6,0.9645,4.10994,,,,2026-05-28T10:08:31
1375,1000426,conservative,1.0,20260522,20260526,2,,-0.6549400000000001,-0.6549400000000001,0,5,0.0,-0.1733,-0.48164000000000007,,,,2026-05-28T10:08:31
1376,1000426,conservative,1.0,20260522,20260527,3,,4.08972,4.08972,3,5,0.6,-1.2459,5.33562,,,,2026-05-28T10:08:31
1377,1000427,conservative,1.0,20260522,20260525,1,,6.13102,6.13102,4,5,0.8,0.9645,5.16652,,,,2026-05-28T10:08:31
1378,1000427,conservative,1.0,20260522,20260526,2,,3.66116,3.66116,2,5,0.4,-0.1733,3.83446,,,,2026-05-28T10:08:31
1379,1000427,conservative,1.0,20260522,20260527,3,,-5.46702,-5.46702,0,5,0.0,-1.2459,-4.22112,,,,2026-05-28T10:08:31
1380,1000428,conservative,1.0,20260522,20260525,1,,7.141120000000001,7.141120000000001,5,5,1.0,0.9645,6.176620000000001,,,,2026-05-28T10:08:31
1381,1000428,conservative,1.0,20260522,20260526,2,,-2.0897,-2.0897,1,5,0.2,-0.1733,-1.9164,,,,2026-05-28T10:08:31
1382,1000428,conservative,1.0,20260522,20260527,3,,-2.75808,-2.75808,1,5,0.2,-1.2459,-1.51218,,,,2026-05-28T10:08:31
1383,1000429,conservative,1.0,20260522,20260525,1,0.46,2.5665199999999997,2.5665199999999997,2,5,0.4,0.9645,1.6020199999999996,1,,,2026-05-28T10:08:31
1384,1000429,conservative,1.0,20260522,20260526,2,-2.6,-2.9797000000000002,-2.9797000000000002,0,5,0.0,-0.1733,-2.8064,0,,,2026-05-28T10:08:31
1385,1000429,conservative,1.0,20260522,20260527,3,-0.79,0.9938800000000001,0.9938800000000001,0,5,0.0,-1.2459,2.23978,0,,,2026-05-28T10:08:31
1386,1000430,conservative,1.0,20260522,20260525,1,,-0.3389,-0.3389,0,5,0.0,0.9645,-1.3034,,,,2026-05-28T10:08:31
1387,1000430,conservative,1.0,20260522,20260526,2,,1.18642,1.18642,1,5,0.2,-0.1733,1.35972,,,,2026-05-28T10:08:31
1388,1000430,conservative,1.0,20260522,20260527,3,,-4.80224,-4.80224,0,5,0.0,-1.2459,-3.5563400000000005,,,,2026-05-28T10:08:31
1389,1000431,conservative,1.0,20260522,20260525,1,-1.02,-0.68872,-0.68872,0,5,0.0,0.9645,-1.6532200000000001,0,,,2026-05-28T10:08:31
1390,1000431,conservative,1.0,20260522,20260526,2,-1.08,0.5022200000000001,0.5022200000000001,0,5,0.0,-0.1733,0.6755200000000001,0,,,2026-05-28T10:08:32
1391,1000431,conservative,1.0,20260522,20260527,3,-0.86,0.69854,0.69854,1,5,0.2,-1.2459,1.9444400000000002,0,,,2026-05-28T10:08:32
1392,1000432,conservative,1.0,20260522,20260525,1,,,,0,0,0.0,0.9645,,,,,2026-05-28T10:08:32
1393,1000432,conservative,1.0,20260522,20260526,2,,,,0,0,0.0,-0.1733,,,,,2026-05-28T10:08:32
1394,1000432,conservative,1.0,20260522,20260527,3,,,,0,0,0.0,-1.2459,,,,,2026-05-28T10:08:32
1395,1000433,conservative,1.0,20260522,20260525,1,-0.19,,,0,0,0.0,0.9645,,0,,,2026-05-28T10:08:32
1396,1000433,conservative,1.0,20260522,20260526,2,-2.14,,,0,0,0.0,-0.1733,,0,,,2026-05-28T10:08:32
1397,1000433,conservative,1.0,20260522,20260527,3,-2.87,,,0,0,0.0,-1.2459,,0,,,2026-05-28T10:08:32
1398,1000434,conservative,1.0,20260522,20260525,1,-2.29,,,0,0,0.0,0.9645,,0,,,2026-05-28T10:08:32
1399,1000434,conservative,1.0,20260522,20260526,2,-0.64,,,0,0,0.0,-0.1733,,0,,,2026-05-28T10:08:32
1400,1000434,conservative,1.0,20260522,20260527,3,-1.51,,,0,0,0.0,-1.2459,,0,,,2026-05-28T10:08:32
1401,1000435,conservative,1.0,20260522,20260525,1,,,,0,0,0.0,0.9645,,,,,2026-05-28T10:08:32
1402,1000435,conservative,1.0,20260522,20260526,2,,,,0,0,0.0,-0.1733,,,,,2026-05-28T10:08:32
1403,1000435,conservative,1.0,20260522,20260527,3,,,,0,0,0.0,-1.2459,,,,,2026-05-28T10:08:32
1404,1000436,conservative,1.0,20260522,20260525,1,4.97,,,0,0,0.0,0.9645,,1,,,2026-05-28T10:08:32
1405,1000436,conservative,1.0,20260522,20260526,2,1.16,,,0,0,0.0,-0.1733,,1,,,2026-05-28T10:08:32
1406,1000436,conservative,1.0,20260522,20260527,3,-1.07,,,0,0,0.0,-1.2459,,0,,,2026-05-28T10:08:32
1407,1000437,short_term,1.0,20260522,20260525,1,,9.9947,9.9947,1,1,1.0,0.9645,9.0302,,,,2026-05-28T10:08:33
1408,1000437,short_term,1.0,20260522,20260526,2,,0.7733,0.7733,0,1,0.0,-0.1733,0.9466,,,,2026-05-28T10:08:33
1409,1000437,short_term,1.0,20260522,20260527,3,,6.0432,6.0432,1,1,1.0,-1.2459,7.2890999999999995,,,,2026-05-28T10:08:33
1410,1000438,short_term,1.0,20260522,20260525,1,2.52,9.9971,9.9971,1,1,1.0,0.9645,9.0326,1,,,2026-05-28T10:08:33
1411,1000438,short_term,1.0,20260522,20260526,2,0.03,1.4696,1.4696,0,1,0.0,-0.1733,1.6429,1,,,2026-05-28T10:08:33
1412,1000438,short_term,1.0,20260522,20260527,3,-2.06,-8.6983,-8.6983,0,1,0.0,-1.2459,-7.4524,0,,,2026-05-28T10:08:33
1413,1000439,short_term,1.0,20260522,20260525,1,4.97,3.7429,3.7429,2,3,0.6666666666666666,0.9645,2.7784,1,,,2026-05-28T10:08:33
1414,1000439,short_term,1.0,20260522,20260526,2,1.16,1.7497,1.7497,1,3,0.3333333333333333,-0.1733,1.923,1,,,2026-05-28T10:08:33
1415,1000439,short_term,1.0,20260522,20260527,3,-1.07,-1.2180333333333333,-1.2180333333333333,0,3,0.0,-1.2459,0.027866666666666706,0,,,2026-05-28T10:08:33
1416,1000440,short_term,1.0,20260522,20260525,1,4.69,10.0091,10.0091,1,1,1.0,0.9645,9.0446,1,,,2026-05-28T10:08:33
1417,1000440,short_term,1.0,20260522,20260526,2,1.17,10.0083,10.0083,1,1,1.0,-0.1733,10.1816,1,,,2026-05-28T10:08:33
1418,1000440,short_term,1.0,20260522,20260527,3,-3.03,-0.2256,-0.2256,0,1,0.0,-1.2459,1.0203,0,,,2026-05-28T10:08:33
1419,1000441,short_term,1.0,20260522,20260525,1,,,,0,0,0.0,0.9645,,,,,2026-05-28T10:08:33
1420,1000441,short_term,1.0,20260522,20260526,2,,,,0,0,0.0,-0.1733,,,,,2026-05-28T10:08:33
1421,1000441,short_term,1.0,20260522,20260527,3,,,,0,0,0.0,-1.2459,,,,,2026-05-28T10:08:33
1422,1000442,short_term,1.0,20260522,20260525,1,,,,0,0,0.0,0.9645,,,,,2026-05-28T10:08:33
1423,1000442,short_term,1.0,20260522,20260526,2,,,,0,0,0.0,-0.1733,,,,,2026-05-28T10:08:33
1424,1000442,short_term,1.0,20260522,20260527,3,,,,0,0,0.0,-1.2459,,,,,2026-05-28T10:08:33
1425,1000443,custom_7,1.0,20260522,20260525,1,,6.609139999999999,6.609139999999999,4,5,0.8,0.9645,5.644639999999999,,,,2026-05-28T10:08:34
1426,1000443,custom_7,1.0,20260522,20260526,2,,-1.51748,-1.51748,0,5,0.0,-0.1733,-1.34418,,,,2026-05-28T10:08:34
1427,1000443,custom_7,1.0,20260522,20260527,3,,1.3193,1.3193,2,5,0.4,-1.2459,2.5652,,,,2026-05-28T10:08:34
1428,1000444,custom_7,1.0,20260522,20260525,1,,6.1627375,6.1627375,7,8,0.875,0.9645,5.1982375,,,,2026-05-28T10:08:34
1429,1000444,custom_7,1.0,20260522,20260526,2,,1.89335,1.89335,3,8,0.375,-0.1733,2.06665,,,,2026-05-28T10:08:34
1430,1000444,custom_7,1.0,20260522,20260527,3,,-3.66525,-3.66525,1,8,0.125,-1.2459,-2.4193499999999997,,,,2026-05-28T10:08:34
1431,1000445,custom_7,1.0,20260522,20260525,1,4.97,7.1303,7.1303,1,1,1.0,0.9645,6.1658,1,,,2026-05-28T10:08:34
1432,1000445,custom_7,1.0,20260522,20260526,2,1.16,-2.6612,-2.6612,0,1,0.0,-0.1733,-2.4879,1,,,2026-05-28T10:08:34
1433,1000445,custom_7,1.0,20260522,20260527,3,-1.07,-6.1753,-6.1753,0,1,0.0,-1.2459,-4.9294,0,,,2026-05-28T10:08:34
1434,1000446,custom_7,1.0,20260522,20260525,1,2.08,7.68875,7.68875,2,2,1.0,0.9645,6.72425,1,,,2026-05-28T10:08:34
1435,1000446,custom_7,1.0,20260522,20260526,2,-0.98,2.8635500000000005,2.8635500000000005,1,2,0.5,-0.1733,3.0368500000000003,0,,,2026-05-28T10:08:34
1436,1000446,custom_7,1.0,20260522,20260527,3,-2.03,-4.53525,-4.53525,0,2,0.0,-1.2459,-3.2893499999999998,0,,,2026-05-28T10:08:34
1437,1000447,custom_7,1.0,20260522,20260525,1,4.69,10.00455,10.00455,2,2,1.0,0.9645,9.04005,1,,,2026-05-28T10:08:34
1438,1000447,custom_7,1.0,20260522,20260526,2,1.17,8.2744,8.2744,2,2,1.0,-0.1733,8.4477,1,,,2026-05-28T10:08:34
1439,1000447,custom_7,1.0,20260522,20260527,3,-3.03,-0.65335,-0.65335,0,2,0.0,-1.2459,0.59255,0,,,2026-05-28T10:08:34
1440,1000448,custom_7,1.0,20260522,20260525,1,,-1.7735666666666667,-1.7735666666666667,0,3,0.0,0.9645,-2.7380666666666666,,,,2026-05-28T10:08:34
1441,1000448,custom_7,1.0,20260522,20260526,2,,3.4707666666666666,3.4707666666666666,1,3,0.3333333333333333,-0.1733,3.6440666666666663,,,,2026-05-28T10:08:34
1442,1000448,custom_7,1.0,20260522,20260527,3,,-7.298766666666666,-7.298766666666666,0,3,0.0,-1.2459,-6.052866666666667,,,,2026-05-28T10:08:34
1443,1000449,custom_7,1.0,20260522,20260525,1,1.75,6.15835,6.15835,2,2,1.0,0.9645,5.19385,1,,,2026-05-28T10:08:35
1444,1000449,custom_7,1.0,20260522,20260526,2,-1.51,-3.80265,-3.80265,0,2,0.0,-0.1733,-3.6293499999999996,0,,,2026-05-28T10:08:35
1445,1000449,custom_7,1.0,20260522,20260527,3,-2.37,-1.38685,-1.38685,0,2,0.0,-1.2459,-0.1409499999999999,0,,,2026-05-28T10:08:35
1446,1000450,custom_7,1.0,20260522,20260525,1,1.82,6.4281500000000005,6.4281500000000005,2,2,1.0,0.9645,5.46365,1,,,2026-05-28T10:08:35
1447,1000450,custom_7,1.0,20260522,20260526,2,-2.36,-0.3626499999999999,-0.3626499999999999,1,2,0.5,-0.1733,-0.1893499999999999,0,,,2026-05-28T10:08:35
1448,1000450,custom_7,1.0,20260522,20260527,3,-2.85,-4.75,-4.75,0,2,0.0,-1.2459,-3.5041,0,,,2026-05-28T10:08:35
1449,1000451,custom_7,1.0,20260522,20260525,1,,2.0863,2.0863,1,2,0.5,0.9645,1.1218,,,,2026-05-28T10:08:35
1450,1000451,custom_7,1.0,20260522,20260526,2,,-2.8895,-2.8895,0,2,0.0,-0.1733,-2.7161999999999997,,,,2026-05-28T10:08:35
1451,1000451,custom_7,1.0,20260522,20260527,3,,-5.9773,-5.9773,0,2,0.0,-1.2459,-4.7314,,,,2026-05-28T10:08:35
1452,1000452,custom_7,1.0,20260522,20260525,1,0.46,3.6178666666666666,3.6178666666666666,3,6,0.5,0.9645,2.6533666666666664,1,,,2026-05-28T10:08:35
1453,1000452,custom_7,1.0,20260522,20260526,2,-2.6,-3.1955333333333336,-3.1955333333333336,0,6,0.0,-0.1733,-3.0222333333333333,0,,,2026-05-28T10:08:35
1454,1000452,custom_7,1.0,20260522,20260527,3,-0.79,1.34655,1.34655,2,6,0.3333333333333333,-1.2459,2.59245,0,,,2026-05-28T10:08:35
1455,1000453,custom_7,1.0,20260522,20260525,1,,1.3641333333333332,1.3641333333333332,1,3,0.3333333333333333,0.9645,0.3996333333333332,,,,2026-05-28T10:08:35
1456,1000453,custom_7,1.0,20260522,20260526,2,,1.1592,1.1592,0,3,0.0,-0.1733,1.3325,,,,2026-05-28T10:08:35
1457,1000453,custom_7,1.0,20260522,20260527,3,,-2.930033333333333,-2.930033333333333,0,3,0.0,-1.2459,-1.6841333333333328,,,,2026-05-28T10:08:35
1458,1000454,custom_7,1.0,20260522,20260525,1,-2.29,-1.8867999999999998,-1.8867999999999998,1,3,0.3333333333333333,0.9645,-2.8512999999999997,0,,,2026-05-28T10:08:35
1459,1000454,custom_7,1.0,20260522,20260526,2,-0.64,0.5521,0.5521,1,3,0.3333333333333333,-0.1733,0.7254,0,,,2026-05-28T10:08:35
1460,1000454,custom_7,1.0,20260522,20260527,3,-1.51,-2.6533333333333333,-2.6533333333333333,0,3,0.0,-1.2459,-1.4074333333333333,0,,,2026-05-28T10:08:35
1461,1000455,custom_7,1.0,20260522,20260525,1,-0.19,-0.11043333333333331,-0.11043333333333331,1,3,0.3333333333333333,0.9645,-1.0749333333333333,0,,,2026-05-28T10:08:36
1462,1000455,custom_7,1.0,20260522,20260526,2,-2.14,-7.753299999999999,-7.753299999999999,0,3,0.0,-0.1733,-7.579999999999999,0,,,2026-05-28T10:08:36
1463,1000455,custom_7,1.0,20260522,20260527,3,-2.87,-4.804233333333333,-4.804233333333333,0,3,0.0,-1.2459,-3.5583333333333336,0,,,2026-05-28T10:08:36
1464,1000456,custom_7,1.0,20260522,20260525,1,,,,0,0,0.0,0.9645,,,,,2026-05-28T10:08:36
1465,1000456,custom_7,1.0,20260522,20260526,2,,,,0,0,0.0,-0.1733,,,,,2026-05-28T10:08:36
1466,1000456,custom_7,1.0,20260522,20260527,3,,,,0,0,0.0,-1.2459,,,,,2026-05-28T10:08:36
1467,1000457,custom_7,1.0,20260522,20260525,1,0.86,,,0,0,0.0,0.9645,,0,,,2026-05-28T10:08:36
1468,1000457,custom_7,1.0,20260522,20260526,2,0.88,,,0,0,0.0,-0.1733,,0,,,2026-05-28T10:08:36
1469,1000457,custom_7,1.0,20260522,20260527,3,-1.05,,,0,0,0.0,-1.2459,,1,,,2026-05-28T10:08:36
1470,1000458,custom_7,1.0,20260522,20260525,1,1.33,,,0,0,0.0,0.9645,,0,,,2026-05-28T10:08:36
1471,1000458,custom_7,1.0,20260522,20260526,2,-0.84,,,0,0,0.0,-0.1733,,1,,,2026-05-28T10:08:36
1472,1000458,custom_7,1.0,20260522,20260527,3,0.74,,,0,0,0.0,-1.2459,,0,,,2026-05-28T10:08:36
1473,1000459,custom_1769178949,1.0,20260522,20260525,1,,6.4140125,6.4140125,7,8,0.875,0.9645,5.4495125,,,,2026-05-28T10:08:36
1474,1000459,custom_1769178949,1.0,20260522,20260526,2,,2.0204,2.0204,2,8,0.25,-0.1733,2.1936999999999998,,,,2026-05-28T10:08:36
1475,1000459,custom_1769178949,1.0,20260522,20260527,3,,-0.738075,-0.738075,3,8,0.375,-1.2459,0.507825,,,,2026-05-28T10:08:36
1476,1000460,custom_1769178949,1.0,20260522,20260525,1,4.97,5.83702,5.83702,4,5,0.8,0.9645,4.87252,1,,,2026-05-28T10:08:36
1477,1000460,custom_1769178949,1.0,20260522,20260526,2,1.16,2.07594,2.07594,2,5,0.4,-0.1733,2.2492400000000004,1,,,2026-05-28T10:08:36
1478,1000460,custom_1769178949,1.0,20260522,20260527,3,-1.07,-3.4447,-3.4447,0,5,0.0,-1.2459,-2.1988000000000003,0,,,2026-05-28T10:08:37
1479,1000461,custom_1769178949,1.0,20260522,20260525,1,,3.8008875,3.8008875,6,8,0.75,0.9645,2.8363875,,,,2026-05-28T10:08:37
1480,1000461,custom_1769178949,1.0,20260522,20260526,2,,-0.3838750000000001,-0.3838750000000001,1,8,0.125,-0.1733,-0.21057500000000007,,,,2026-05-28T10:08:37
1481,1000461,custom_1769178949,1.0,20260522,20260527,3,,-0.783575,-0.783575,1,8,0.125,-1.2459,0.462325,,,,2026-05-28T10:08:37
1482,1000462,custom_1769178949,1.0,20260522,20260525,1,0.29,0.5500142857142857,0.5500142857142857,1,7,0.14285714285714285,0.9645,-0.41448571428571435,1,,,2026-05-28T10:08:37
1483,1000462,custom_1769178949,1.0,20260522,20260526,2,-1.7,0.15144285714285718,0.15144285714285718,1,7,0.14285714285714285,-0.1733,0.3247428571428572,0,,,2026-05-28T10:08:37
1484,1000462,custom_1769178949,1.0,20260522,20260527,3,-2.98,-1.4040714285714286,-1.4040714285714286,1,7,0.14285714285714285,-1.2459,-0.15817142857142863,0,,,2026-05-28T10:08:37
1485,1000463,custom_1769178949,1.0,20260522,20260525,1,2.08,5.073799999999999,5.073799999999999,5,6,0.8333333333333334,0.9645,4.109299999999999,1,,,2026-05-28T10:08:37
1486,1000463,custom_1769178949,1.0,20260522,20260526,2,-0.98,1.3351333333333335,1.3351333333333335,2,6,0.3333333333333333,-0.1733,1.5084333333333335,0,,,2026-05-28T10:08:37
1487,1000463,custom_1769178949,1.0,20260522,20260527,3,-2.03,-1.2481833333333332,-1.2481833333333332,2,6,0.3333333333333333,-1.2459,-0.002283333333333193,0,,,2026-05-28T10:08:37
1488,1000464,custom_1769178949,1.0,20260522,20260525,1,4.69,10.4152,10.4152,4,5,0.8,0.9645,9.450700000000001,1,,,2026-05-28T10:08:37
1489,1000464,custom_1769178949,1.0,20260522,20260526,2,1.17,4.71788,4.71788,3,5,0.6,-0.1733,4.89118,1,,,2026-05-28T10:08:37
1490,1000464,custom_1769178949,1.0,20260522,20260527,3,-3.03,-4.295,-4.295,0,5,0.0,-1.2459,-3.0491,0,,,2026-05-28T10:08:37
1491,1000465,custom_1769178949,1.0,20260522,20260525,1,-0.08,-0.6730333333333333,-0.6730333333333333,0,6,0.0,0.9645,-1.6375333333333333,0,,,2026-05-28T10:08:37
1492,1000465,custom_1769178949,1.0,20260522,20260526,2,-0.82,1.0749166666666667,1.0749166666666667,0,6,0.0,-0.1733,1.2482166666666668,0,,,2026-05-28T10:08:37
1493,1000465,custom_1769178949,1.0,20260522,20260527,3,-3.03,-4.999483333333333,-4.999483333333333,0,6,0.0,-1.2459,-3.7535833333333333,0,,,2026-05-28T10:08:37
1494,1000466,custom_1769178949,1.0,20260522,20260525,1,0.21,1.0061499999999999,1.0061499999999999,1,2,0.5,0.9645,0.041649999999999854,0,,,2026-05-28T10:08:37
1495,1000466,custom_1769178949,1.0,20260522,20260526,2,-2.24,-2.15675,-2.15675,0,2,0.0,-0.1733,-1.9834500000000002,1,,,2026-05-28T10:08:38
1496,1000466,custom_1769178949,1.0,20260522,20260527,3,-2.36,-2.21905,-2.21905,0,2,0.0,-1.2459,-0.9731500000000002,1,,,2026-05-28T10:08:38
1497,1000467,custom_1769178949,1.0,20260522,20260525,1,,,,0,0,0.0,0.9645,,,,,2026-05-28T10:08:38
1498,1000467,custom_1769178949,1.0,20260522,20260526,2,,,,0,0,0.0,-0.1733,,,,,2026-05-28T10:08:38
1499,1000467,custom_1769178949,1.0,20260522,20260527,3,,,,0,0,0.0,-1.2459,,,,,2026-05-28T10:08:38
1500,1000468,custom_1769178949,1.0,20260522,20260525,1,,1.8702666666666667,1.8702666666666667,1,3,0.3333333333333333,0.9645,0.9057666666666667,,,,2026-05-28T10:08:38
1501,1000468,custom_1769178949,1.0,20260522,20260526,2,,-2.5555333333333334,-2.5555333333333334,0,3,0.0,-0.1733,-2.3822333333333336,,,,2026-05-28T10:08:38
1502,1000468,custom_1769178949,1.0,20260522,20260527,3,,-5.293633333333333,-5.293633333333333,0,3,0.0,-1.2459,-4.047733333333333,,,,2026-05-28T10:08:38
1503,1000469,custom_1769178949,1.0,20260522,20260525,1,-0.17,0.7854666666666668,0.7854666666666668,0,3,0.0,0.9645,-0.17903333333333327,0,,,2026-05-28T10:08:38
1504,1000469,custom_1769178949,1.0,20260522,20260526,2,-1.82,-1.7903666666666667,-1.7903666666666667,0,3,0.0,-0.1733,-1.6170666666666667,0,,,2026-05-28T10:08:38
1505,1000469,custom_1769178949,1.0,20260522,20260527,3,-2.87,-0.7503333333333332,-0.7503333333333332,1,3,0.3333333333333333,-1.2459,0.4955666666666668,0,,,2026-05-28T10:08:38
1506,1000470,custom_1769178949,1.0,20260522,20260525,1,,,,0,0,0.0,0.9645,,,,,2026-05-28T10:08:38
1507,1000470,custom_1769178949,1.0,20260522,20260526,2,,,,0,0,0.0,-0.1733,,,,,2026-05-28T10:08:38
1508,1000470,custom_1769178949,1.0,20260522,20260527,3,,,,0,0,0.0,-1.2459,,,,,2026-05-28T10:08:38
1509,1000471,custom_1769178949,1.0,20260522,20260525,1,,,,0,0,0.0,0.9645,,,,,2026-05-28T10:08:38
1510,1000471,custom_1769178949,1.0,20260522,20260526,2,,,,0,0,0.0,-0.1733,,,,,2026-05-28T10:08:38
1511,1000471,custom_1769178949,1.0,20260522,20260527,3,,,,0,0,0.0,-1.2459,,,,,2026-05-28T10:08:38
1512,1000472,speculator_data_driven,1.0,20260522,20260525,1,,8.527750000000001,8.527750000000001,2,2,1.0,0.9645,7.563250000000001,,,,2026-05-28T10:08:39
1513,1000472,speculator_data_driven,1.0,20260522,20260526,2,,-0.4844,-0.4844,0,2,0.0,-0.1733,-0.3111,,,,2026-05-28T10:08:39
1514,1000472,speculator_data_driven,1.0,20260522,20260527,3,,3.35405,3.35405,1,2,0.5,-1.2459,4.59995,,,,2026-05-28T10:08:39
1515,1000473,speculator_data_driven,1.0,20260522,20260525,1,2.52,5.5012,5.5012,4,5,0.8,0.9645,4.5367,1,,,2026-05-28T10:08:39
1516,1000473,speculator_data_driven,1.0,20260522,20260526,2,0.03,4.07608,4.07608,3,5,0.6,-0.1733,4.24938,1,,,2026-05-28T10:08:39
1517,1000473,speculator_data_driven,1.0,20260522,20260527,3,-2.06,-2.5936,-2.5936,1,5,0.2,-1.2459,-1.3477,0,,,2026-05-28T10:08:39
1518,1000474,speculator_data_driven,1.0,20260522,20260525,1,1.28,,,0,0,0.0,0.9645,,0,,,2026-05-28T10:08:39
1519,1000474,speculator_data_driven,1.0,20260522,20260526,2,-1.21,,,0,0,0.0,-0.1733,,1,,,2026-05-28T10:08:39
1520,1000474,speculator_data_driven,1.0,20260522,20260527,3,1.44,,,0,0,0.0,-1.2459,,0,,,2026-05-28T10:08:39
1521,1000475,speculator_data_driven,1.0,20260522,20260525,1,0.86,,,0,0,0.0,0.9645,,0,,,2026-05-28T10:08:39
1522,1000475,speculator_data_driven,1.0,20260522,20260526,2,0.88,,,0,0,0.0,-0.1733,,0,,,2026-05-28T10:08:39
1523,1000475,speculator_data_driven,1.0,20260522,20260527,3,-1.05,,,0,0,0.0,-1.2459,,1,,,2026-05-28T10:08:39
1524,1000476,speculator_data_driven,1.0,20260522,20260525,1,4.97,2.1318,2.1318,0,1,0.0,0.9645,1.1673,1,,,2026-05-28T10:08:39
1525,1000476,speculator_data_driven,1.0,20260522,20260526,2,1.16,9.4877,9.4877,1,1,1.0,-0.1733,9.661,1,,,2026-05-28T10:08:39
1526,1000476,speculator_data_driven,1.0,20260522,20260527,3,-1.07,-0.8666,-0.8666,0,1,0.0,-1.2459,0.37929999999999997,0,,,2026-05-28T10:08:39
1527,1000477,speculator_data_driven,1.0,20260522,20260525,1,,,,0,0,0.0,0.9645,,,,,2026-05-28T10:08:39
1528,1000477,speculator_data_driven,1.0,20260522,20260526,2,,,,0,0,0.0,-0.1733,,,,,2026-05-28T10:08:39
1529,1000477,speculator_data_driven,1.0,20260522,20260527,3,,,,0,0,0.0,-1.2459,,,,,2026-05-28T10:08:39
1530,1000478,speculator_data_driven,1.0,20260522,20260525,1,1.82,,,0,0,0.0,0.9645,,1,,,2026-05-28T10:08:40
1531,1000478,speculator_data_driven,1.0,20260522,20260526,2,-2.36,,,0,0,0.0,-0.1733,,0,,,2026-05-28T10:08:40
1532,1000478,speculator_data_driven,1.0,20260522,20260527,3,-2.85,,,0,0,0.0,-1.2459,,0,,,2026-05-28T10:08:40
1533,1000372,custom_1770292858,1.0,20260525,20260526,1,,4.536488888888889,4.536488888888889,6,9,0.6666666666666666,-0.1733,4.709788888888889,,,,2026-05-28T10:08:43
1534,1000372,custom_1770292858,1.0,20260525,20260527,2,,-2.5003888888888888,-2.5003888888888888,2,9,0.2222222222222222,-1.2459,-1.2544888888888888,,,,2026-05-28T10:08:43
1535,1000373,custom_1770292858,1.0,20260525,20260526,1,-2.2,-6.8848,-6.8848,0,1,0.0,-0.1733,-6.7115,0,,,2026-05-28T10:08:43
1536,1000373,custom_1770292858,1.0,20260525,20260527,2,-1.88,-4.5961,-4.5961,0,1,0.0,-1.2459,-3.3502,0,,,2026-05-28T10:08:43
1537,1000374,custom_1770292858,1.0,20260525,20260526,1,,1.7968499999999996,1.7968499999999996,1,2,0.5,-0.1733,1.9701499999999996,,,,2026-05-28T10:08:43
1538,1000374,custom_1770292858,1.0,20260525,20260527,2,,-3.7995,-3.7995,0,2,0.0,-1.2459,-2.5536000000000003,,,,2026-05-28T10:08:43
1539,1000375,custom_1770292858,1.0,20260525,20260526,1,,3.560575,3.560575,2,4,0.5,-0.1733,3.7338750000000003,,,,2026-05-28T10:08:43
1540,1000375,custom_1770292858,1.0,20260525,20260527,2,,-2.2779,-2.2779,1,4,0.25,-1.2459,-1.0319999999999998,,,,2026-05-28T10:08:43
1541,1000376,custom_1770292858,1.0,20260525,20260526,1,,,,0,0,0.0,-0.1733,,,,,2026-05-28T10:08:43
1542,1000376,custom_1770292858,1.0,20260525,20260527,2,,,,0,0,0.0,-1.2459,,,,,2026-05-28T10:08:43
1543,1000377,custom_1770292858,1.0,20260525,20260526,1,,0.3265,0.3265,1,2,0.5,-0.1733,0.4998,,,,2026-05-28T10:08:43
1544,1000377,custom_1770292858,1.0,20260525,20260527,2,,0.6369500000000001,0.6369500000000001,1,2,0.5,-1.2459,1.8828500000000001,,,,2026-05-28T10:08:43
1545,1000378,custom_1770292858,1.0,20260525,20260526,1,0.03,1.4128666666666667,1.4128666666666667,1,3,0.3333333333333333,-0.1733,1.5861666666666667,1,,,2026-05-28T10:08:43
1546,1000378,custom_1770292858,1.0,20260525,20260527,2,-2.06,-2.269933333333333,-2.269933333333333,1,3,0.3333333333333333,-1.2459,-1.024033333333333,0,,,2026-05-28T10:08:43
1547,1000379,custom_1770292858,1.0,20260525,20260526,1,,0.7733,0.7733,0,1,0.0,-0.1733,0.9466,,,,2026-05-28T10:08:44
1548,1000379,custom_1770292858,1.0,20260525,20260527,2,,6.0432,6.0432,1,1,1.0,-1.2459,7.2890999999999995,,,,2026-05-28T10:08:44
1549,1000380,custom_1770292858,1.0,20260525,20260526,1,1.17,4.7233,4.7233,1,1,1.0,-0.1733,4.8966,1,,,2026-05-28T10:08:44
1550,1000380,custom_1770292858,1.0,20260525,20260527,2,-3.03,-10.008,-10.008,0,1,0.0,-1.2459,-8.762099999999998,0,,,2026-05-28T10:08:44
1551,1000381,custom_1770292858,1.0,20260525,20260526,1,,8.736233333333333,8.736233333333333,3,3,1.0,-0.1733,8.909533333333332,,,,2026-05-28T10:08:44
1552,1000381,custom_1770292858,1.0,20260525,20260527,2,,-4.6305000000000005,-4.6305000000000005,0,3,0.0,-1.2459,-3.3846000000000007,,,,2026-05-28T10:08:44
1553,1000382,custom_1770292858,1.0,20260525,20260526,1,-1.35,-1.59975,-1.59975,0,2,0.0,-0.1733,-1.42645,0,,,2026-05-28T10:08:44
1554,1000382,custom_1770292858,1.0,20260525,20260527,2,-2.77,-0.9406,-0.9406,0,2,0.0,-1.2459,0.3053,0,,,2026-05-28T10:08:44
1555,1000383,custom_1770292858,1.0,20260525,20260526,1,-1.39,,,0,0,0.0,-0.1733,,1,,,2026-05-28T10:08:44
1556,1000383,custom_1770292858,1.0,20260525,20260527,2,-2.69,,,0,0,0.0,-1.2459,,1,,,2026-05-28T10:08:44
1557,1000384,custom_1770292858,1.0,20260525,20260526,1,-0.64,,,0,0,0.0,-0.1733,,1,,,2026-05-28T10:08:44
1558,1000384,custom_1770292858,1.0,20260525,20260527,2,-1.51,,,0,0,0.0,-1.2459,,1,,,2026-05-28T10:08:44
1559,1000385,custom_1770292858,1.0,20260525,20260526,1,,4.7233,4.7233,1,1,1.0,-0.1733,4.8966,,,,2026-05-28T10:08:44
1560,1000385,custom_1770292858,1.0,20260525,20260527,2,,-10.008,-10.008,0,1,0.0,-1.2459,-8.762099999999998,,,,2026-05-28T10:08:44
1561,1000386,custom_1770292858,1.0,20260526,20260527,1,-2.2,-1.3380833333333333,-1.3380833333333333,1,6,0.16666666666666666,-1.2459,-0.09218333333333328,0,,,2026-05-28T10:09:01
1562,1000387,custom_1770292858,1.0,20260526,20260527,1,,-2.7604571428571427,-2.7604571428571427,1,7,0.14285714285714285,-1.2459,-1.5145571428571427,,,,2026-05-28T10:09:01
1563,1000388,custom_1770292858,1.0,20260526,20260527,1,,-0.8722999999999999,-0.8722999999999999,1,4,0.25,-1.2459,0.37360000000000015,,,,2026-05-28T10:09:01
1564,1000389,custom_1770292858,1.0,20260526,20260527,1,-3.03,-4.691,-4.691,0,3,0.0,-1.2459,-3.4451,0,,,2026-05-28T10:09:01
1565,1000390,custom_1770292858,1.0,20260526,20260527,1,-1.07,8.57905,8.57905,2,2,1.0,-1.2459,9.824950000000001,0,,,2026-05-28T10:09:01
1566,1000391,custom_1770292858,1.0,20260526,20260527,1,,-0.59548,-0.59548,0,5,0.0,-1.2459,0.65042,,,,2026-05-28T10:09:01
1567,1000392,custom_1770292858,1.0,20260526,20260527,1,,-1.7683499999999999,-1.7683499999999999,0,2,0.0,-1.2459,-0.5224499999999999,,,,2026-05-28T10:09:01
1568,1000393,custom_1770292858,1.0,20260526,20260527,1,-1.18,-2.0138333333333334,-2.0138333333333334,0,3,0.0,-1.2459,-0.7679333333333334,0,,,2026-05-28T10:09:01
1569,1000394,custom_1770292858,1.0,20260526,20260527,1,,-1.4026999999999998,-1.4026999999999998,0,2,0.0,-1.2459,-0.15679999999999983,,,,2026-05-28T10:09:01
1570,1000395,custom_1770292858,1.0,20260526,20260527,1,-0.08,7.42235,7.42235,2,2,1.0,-1.2459,8.66825,0,,,2026-05-28T10:09:01
1571,1000396,custom_1770292858,1.0,20260526,20260527,1,-3.03,-4.57115,-4.57115,0,2,0.0,-1.2459,-3.3252500000000005,0,,,2026-05-28T10:09:02
1572,1000397,custom_1770292858,1.0,20260526,20260527,1,,,,0,0,0.0,-1.2459,,,,,2026-05-28T10:09:02
1573,1000398,custom_1770292858,1.0,20260526,20260527,1,-1.78,,,0,0,0.0,-1.2459,,1,,,2026-05-28T10:09:02
1574,1000399,custom_1770292858,1.0,20260526,20260527,1,,-2.9633,-2.9633,0,1,0.0,-1.2459,-1.7173999999999998,,,,2026-05-28T10:09:02
1575,1000479,speculator_scalper,1.0,20260522,20260525,1,,7.08278,7.08278,4,5,0.8,0.9645,6.1182799999999995,,,,2026-05-28T10:08:40
1576,1000479,speculator_scalper,1.0,20260522,20260526,2,,1.16822,1.16822,1,5,0.2,-0.1733,1.34152,,,,2026-05-28T10:08:40
1577,1000479,speculator_scalper,1.0,20260522,20260527,3,,-0.029840000000000134,-0.029840000000000134,2,5,0.4,-1.2459,1.21606,,,,2026-05-28T10:08:40
1578,1000480,speculator_scalper,1.0,20260522,20260525,1,4.97,4.63105,4.63105,1,2,0.5,0.9645,3.66655,1,,,2026-05-28T10:08:40
1579,1000480,speculator_scalper,1.0,20260522,20260526,2,1.16,3.41325,3.41325,1,2,0.5,-0.1733,3.58655,1,,,2026-05-28T10:08:40
1580,1000480,speculator_scalper,1.0,20260522,20260527,3,-1.07,-3.52095,-3.52095,0,2,0.0,-1.2459,-2.2750500000000002,0,,,2026-05-28T10:08:40
1581,1000481,speculator_scalper,1.0,20260522,20260525,1,4.99,8.527750000000001,8.527750000000001,2,2,1.0,0.9645,7.563250000000001,1,,,2026-05-28T10:08:40
1582,1000481,speculator_scalper,1.0,20260522,20260526,2,-0.59,-0.4844,-0.4844,0,2,0.0,-0.1733,-0.3111,0,,,2026-05-28T10:08:40
1583,1000481,speculator_scalper,1.0,20260522,20260527,3,0.51,3.35405,3.35405,1,2,0.5,-1.2459,4.59995,1,,,2026-05-28T10:08:40
1584,1000482,speculator_scalper,1.0,20260522,20260525,1,1.82,4.6407,4.6407,1,1,1.0,0.9645,3.6761999999999997,1,,,2026-05-28T10:08:40
1585,1000482,speculator_scalper,1.0,20260522,20260526,2,-2.36,3.0043,3.0043,1,1,1.0,-0.1733,3.1776,0,,,2026-05-28T10:08:40
1586,1000482,speculator_scalper,1.0,20260522,20260527,3,-2.85,-4.213,-4.213,0,1,0.0,-1.2459,-2.9671000000000003,0,,,2026-05-28T10:08:40
1587,1000483,speculator_scalper,1.0,20260522,20260525,1,4.69,10.0091,10.0091,1,1,1.0,0.9645,9.0446,1,,,2026-05-28T10:08:40
1588,1000483,speculator_scalper,1.0,20260522,20260526,2,1.17,10.0083,10.0083,1,1,1.0,-0.1733,10.1816,1,,,2026-05-28T10:08:40
1589,1000483,speculator_scalper,1.0,20260522,20260527,3,-3.03,-0.2256,-0.2256,0,1,0.0,-1.2459,1.0203,0,,,2026-05-28T10:08:40
1590,1000484,speculator_scalper,1.0,20260522,20260525,1,1.28,,,0,0,0.0,0.9645,,0,,,2026-05-28T10:08:41
1591,1000484,speculator_scalper,1.0,20260522,20260526,2,-1.21,,,0,0,0.0,-0.1733,,1,,,2026-05-28T10:08:41
1592,1000484,speculator_scalper,1.0,20260522,20260527,3,1.44,,,0,0,0.0,-1.2459,,0,,,2026-05-28T10:08:41
1593,1000485,speculator_scalper,1.0,20260522,20260525,1,0.86,,,0,0,0.0,0.9645,,0,,,2026-05-28T10:08:41
1594,1000485,speculator_scalper,1.0,20260522,20260526,2,0.88,,,0,0,0.0,-0.1733,,0,,,2026-05-28T10:08:41
1595,1000485,speculator_scalper,1.0,20260522,20260527,3,-1.05,,,0,0,0.0,-1.2459,,1,,,2026-05-28T10:08:41
1624,1000486,standard,1.0,20260522,20260525,1,,7.53364,7.53364,5,5,1.0,0.9645,6.56914,,,,2026-05-28T10:08:41
1625,1000486,standard,1.0,20260522,20260526,2,,2.3595,2.3595,2,5,0.4,-0.1733,2.5328,,,,2026-05-28T10:08:41
1626,1000486,standard,1.0,20260522,20260527,3,,-2.9081,-2.9081,1,5,0.2,-1.2459,-1.6622000000000001,,,,2026-05-28T10:08:41
1627,1000487,standard,1.0,20260522,20260525,1,-0.08,0.17392000000000002,0.17392000000000002,1,5,0.2,0.9645,-0.7905800000000001,0,,,2026-05-28T10:08:41
1628,1000487,standard,1.0,20260522,20260526,2,-0.82,4.08412,4.08412,2,5,0.4,-0.1733,4.257420000000001,0,,,2026-05-28T10:08:41
1629,1000487,standard,1.0,20260522,20260527,3,-3.03,-4.84912,-4.84912,0,5,0.0,-1.2459,-3.6032200000000003,0,,,2026-05-28T10:08:41
1630,1000488,standard,1.0,20260522,20260525,1,,-0.8472749999999999,-0.8472749999999999,1,4,0.25,0.9645,-1.811775,,,,2026-05-28T10:08:41
1631,1000488,standard,1.0,20260522,20260526,2,,-1.232975,-1.232975,0,4,0.0,-0.1733,-1.059675,,,,2026-05-28T10:08:41
1632,1000488,standard,1.0,20260522,20260527,3,,-0.8617,-0.8617,1,4,0.25,-1.2459,0.3842,,,,2026-05-28T10:08:41
1633,1000489,standard,1.0,20260522,20260525,1,1.33,0.97766,0.97766,0,5,0.0,0.9645,0.01315999999999995,1,,,2026-05-28T10:08:41
1634,1000489,standard,1.0,20260522,20260526,2,-1.0,-2.26848,-2.26848,0,5,0.0,-0.1733,-2.09518,0,,,2026-05-28T10:08:41
1635,1000489,standard,1.0,20260522,20260527,3,-0.23,-0.66016,-0.66016,0,5,0.0,-1.2459,0.58574,0,,,2026-05-28T10:08:41
1636,1000490,standard,1.0,20260522,20260525,1,-1.02,1.25466,1.25466,1,5,0.2,0.9645,0.2901600000000001,0,,,2026-05-28T10:08:42
1637,1000490,standard,1.0,20260522,20260526,2,-1.08,-1.89102,-1.89102,0,5,0.0,-0.1733,-1.71772,0,,,2026-05-28T10:08:42
1638,1000490,standard,1.0,20260522,20260527,3,-0.86,-0.5727,-0.5727,0,5,0.0,-1.2459,0.6732,0,,,2026-05-28T10:08:42
1639,1000491,standard,1.0,20260522,20260525,1,,-1.34986,-1.34986,1,5,0.2,0.9645,-2.31436,,,,2026-05-28T10:08:42
1640,1000491,standard,1.0,20260522,20260526,2,,-1.61574,-1.61574,0,5,0.0,-0.1733,-1.44244,,,,2026-05-28T10:08:42
1641,1000491,standard,1.0,20260522,20260527,3,,-0.97126,-0.97126,1,5,0.2,-1.2459,0.27464,,,,2026-05-28T10:08:42
1642,1000492,standard,1.0,20260522,20260525,1,0.89,-0.41950000000000004,-0.41950000000000004,0,5,0.0,0.9645,-1.3840000000000001,1,,,2026-05-28T10:08:42
1643,1000492,standard,1.0,20260522,20260526,2,-2.48,-2.6963800000000004,-2.6963800000000004,0,5,0.0,-0.1733,-2.52308,0,,,2026-05-28T10:08:42
1644,1000492,standard,1.0,20260522,20260527,3,-2.02,-1.4832,-1.4832,1,5,0.2,-1.2459,-0.23730000000000007,0,,,2026-05-28T10:08:42
1645,1000493,standard,1.0,20260522,20260525,1,-0.19,2.0676,2.0676,1,4,0.25,0.9645,1.1031,0,,,2026-05-28T10:08:42
1646,1000493,standard,1.0,20260522,20260526,2,-2.14,-4.198125,-4.198125,0,4,0.0,-0.1733,-4.024825,0,,,2026-05-28T10:08:42
1647,1000493,standard,1.0,20260522,20260527,3,-2.87,-3.32575,-3.32575,0,4,0.0,-1.2459,-2.0798500000000004,0,,,2026-05-28T10:08:42
1648,1000494,standard,1.0,20260522,20260525,1,0.29,0.34933333333333333,0.34933333333333333,0,3,0.0,0.9645,-0.6151666666666666,1,,,2026-05-28T10:08:42
1649,1000494,standard,1.0,20260522,20260526,2,-1.7,-0.6166999999999999,-0.6166999999999999,0,3,0.0,-0.1733,-0.4433999999999999,0,,,2026-05-28T10:08:42
1650,1000494,standard,1.0,20260522,20260527,3,-2.98,-3.1072666666666664,-3.1072666666666664,0,3,0.0,-1.2459,-1.8613666666666664,0,,,2026-05-28T10:08:42
1651,1000495,standard,1.0,20260522,20260525,1,,4.8729000000000005,4.8729000000000005,2,4,0.5,0.9645,3.9084000000000003,,,,2026-05-28T10:08:42
1652,1000495,standard,1.0,20260522,20260526,2,,2.47215,2.47215,1,4,0.25,-0.1733,2.6454500000000003,,,,2026-05-28T10:08:42
1653,1000495,standard,1.0,20260522,20260527,3,,2.7560249999999997,2.7560249999999997,2,4,0.5,-1.2459,4.001925,,,,2026-05-28T10:08:43
1657,1000283,custom_1770292858,1.0,20260522,20260528,4,,,,0,9,0.0,,,,,,2026-05-28T10:08:18
1661,1000284,custom_1770292858,1.0,20260522,20260528,4,,,,0,6,0.0,,,,,,2026-05-28T10:08:18
1665,1000285,custom_1770292858,1.0,20260522,20260528,4,,,,0,3,0.0,,,,,,2026-05-28T10:08:18
1669,1000286,custom_1770292858,1.0,20260522,20260528,4,,,,0,1,0.0,,,,,,2026-05-28T10:08:18
1673,1000287,custom_1770292858,1.0,20260522,20260528,4,,,,0,2,0.0,,,,,,2026-05-28T10:08:18
1677,1000288,custom_1770292858,1.0,20260522,20260528,4,,,,0,2,0.0,,,,,,2026-05-28T10:08:19
1681,1000289,custom_1770292858,1.0,20260522,20260528,4,,,,0,2,0.0,,,,,,2026-05-28T10:08:19
1685,1000290,custom_1770292858,1.0,20260522,20260528,4,,,,0,2,0.0,,,,,,2026-05-28T10:08:19
1689,1000291,custom_1770292858,1.0,20260522,20260528,4,,,,0,0,0.0,,,,,,2026-05-28T10:08:19
1693,1000292,custom_1770292858,1.0,20260522,20260528,4,,,,0,0,0.0,,,,,,2026-05-28T10:08:19
1697,1000293,custom_1770292858,1.0,20260522,20260528,4,,,,0,0,0.0,,,,,,2026-05-28T10:08:19
1701,1000333,custom_6,1.0,20260522,20260528,4,,,,0,6,0.0,,,,,,2026-05-28T10:08:20
1705,1000334,custom_6,1.0,20260522,20260528,4,,,,0,4,0.0,,,,,,2026-05-28T10:08:20
1709,1000335,custom_6,1.0,20260522,20260528,4,,,,0,3,0.0,,,,,,2026-05-28T10:08:20
1713,1000336,custom_6,1.0,20260522,20260528,4,,,,0,7,0.0,,,,,,2026-05-28T10:08:20
1717,1000337,custom_6,1.0,20260522,20260528,4,,,,0,5,0.0,,,,,,2026-05-28T10:08:20
1721,1000338,custom_6,1.0,20260522,20260528,4,,,,0,3,0.0,,,,,,2026-05-28T10:08:20
1725,1000339,custom_6,1.0,20260522,20260528,4,,,,0,3,0.0,,,,,,2026-05-28T10:08:21
1729,1000340,custom_6,1.0,20260522,20260528,4,,,,0,3,0.0,,,,,,2026-05-28T10:08:21
1733,1000341,custom_6,1.0,20260522,20260528,4,,,,0,1,0.0,,,,,,2026-05-28T10:08:21
1737,1000342,custom_6,1.0,20260522,20260528,4,,,,0,0,0.0,,,,,,2026-05-28T10:08:21
1741,1000343,custom_6,1.0,20260522,20260528,4,,,,0,0,0.0,,,,,,2026-05-28T10:08:21
1745,1000344,custom_6,1.0,20260522,20260528,4,,,,0,0,0.0,,,,,,2026-05-28T10:08:21
1749,1000345,custom_6,1.0,20260522,20260528,4,,,,0,0,0.0,,,,,,2026-05-28T10:08:22
1753,1000346,custom_6,1.0,20260522,20260528,4,,,,0,4,0.0,,,,,,2026-05-28T10:08:22
1757,1000347,custom_6,1.0,20260522,20260528,4,,,,0,2,0.0,,,,,,2026-05-28T10:08:22
1761,1000348,custom_6,1.0,20260522,20260528,4,,,,0,5,0.0,,,,,,2026-05-28T10:08:22
1765,1000349,custom_6,1.0,20260522,20260528,4,,,,0,3,0.0,,,,,,2026-05-28T10:08:22
1769,1000350,custom_6,1.0,20260522,20260528,4,,,,0,3,0.0,,,,,,2026-05-28T10:08:22
1773,1000351,custom_6,1.0,20260522,20260528,4,,,,0,4,0.0,,,,,,2026-05-28T10:08:23
1777,1000352,custom_6,1.0,20260522,20260528,4,,,,0,0,0.0,,,,,,2026-05-28T10:08:23
1781,1000353,custom_6,1.0,20260522,20260528,4,,,,0,2,0.0,,,,,,2026-05-28T10:08:23
1785,1000354,custom_6,1.0,20260522,20260528,4,,,,0,0,0.0,,,,,,2026-05-28T10:08:23
1789,1000355,custom_6,1.0,20260522,20260528,4,,,,0,0,0.0,,,,,,2026-05-28T10:08:23
1793,1000356,custom_6,1.0,20260522,20260528,4,,,,0,0,0.0,,,,,,2026-05-28T10:08:23
1797,1000357,custom_1770292858,1.0,20260522,20260528,4,,,,0,5,0.0,,,,,,2026-05-28T10:08:24
1801,1000358,custom_1770292858,1.0,20260522,20260528,4,,,,0,7,0.0,,,,,,2026-05-28T10:08:24
1805,1000359,custom_1770292858,1.0,20260522,20260528,4,,,,0,3,0.0,,,,,,2026-05-28T10:08:24
1809,1000360,custom_1770292858,1.0,20260522,20260528,4,,,,0,5,0.0,,,,,,2026-05-28T10:08:24
1813,1000361,custom_1770292858,1.0,20260522,20260528,4,,,,0,2,0.0,,,,,,2026-05-28T10:08:24
1817,1000362,custom_1770292858,1.0,20260522,20260528,4,,,,0,5,0.0,,,,,,2026-05-28T10:08:24
1821,1000363,custom_1770292858,1.0,20260522,20260528,4,,,,0,2,0.0,,,,,,2026-05-28T10:08:25
1825,1000364,custom_1770292858,1.0,20260522,20260528,4,,,,0,2,0.0,,,,,,2026-05-28T10:08:25
1829,1000365,custom_1770292858,1.0,20260522,20260528,4,,,,0,3,0.0,,,,,,2026-05-28T10:08:25
1833,1000366,custom_1770292858,1.0,20260522,20260528,4,,,,0,1,0.0,,,,,,2026-05-28T10:08:25
1837,1000367,custom_1770292858,1.0,20260522,20260528,4,,,,0,3,0.0,,,,,,2026-05-28T10:08:25
1841,1000368,custom_1770292858,1.0,20260522,20260528,4,,,,0,3,0.0,,,,,,2026-05-28T10:08:26
1845,1000369,custom_1770292858,1.0,20260522,20260528,4,,,,0,0,0.0,,,,,,2026-05-28T10:08:26
1849,1000370,custom_1770292858,1.0,20260522,20260528,4,,,,0,0,0.0,,,,,,2026-05-28T10:08:26
1853,1000371,custom_1770292858,1.0,20260522,20260528,4,,,,0,0,0.0,,,,,,2026-05-28T10:08:26
1857,1000400,aggressive,1.0,20260522,20260528,4,,,,0,5,0.0,,,,,,2026-05-28T10:08:26
1861,1000401,aggressive,1.0,20260522,20260528,4,,,,0,5,0.0,,,,,,2026-05-28T10:08:26
1865,1000402,aggressive,1.0,20260522,20260528,4,,,,0,5,0.0,,,,,,2026-05-28T10:08:27
1869,1000403,aggressive,1.0,20260522,20260528,4,,,,0,5,0.0,,,,,,2026-05-28T10:08:27
1873,1000404,aggressive,1.0,20260522,20260528,4,,,,0,5,0.0,,,,,,2026-05-28T10:08:27
1877,1000405,aggressive,1.0,20260522,20260528,4,,,,0,5,0.0,,,,,,2026-05-28T10:08:27
1881,1000406,aggressive,1.0,20260522,20260528,4,,,,0,0,0.0,,,,,,2026-05-28T10:08:27
1885,1000407,aggressive,1.0,20260522,20260528,4,,,,0,0,0.0,,,,,,2026-05-28T10:08:27
1889,1000408,comprehensive,1.0,20260522,20260528,4,,,,0,3,0.0,,,,,,2026-05-28T10:08:28
1893,1000409,comprehensive,1.0,20260522,20260528,4,,,,0,5,0.0,,,,,,2026-05-28T10:08:28
1897,1000410,comprehensive,1.0,20260522,20260528,4,,,,0,4,0.0,,,,,,2026-05-28T10:08:28
1901,1000411,comprehensive,1.0,20260522,20260528,4,,,,0,2,0.0,,,,,,2026-05-28T10:08:28
1905,1000412,comprehensive,1.0,20260522,20260528,4,,,,0,1,0.0,,,,,,2026-05-28T10:08:28
1909,1000413,comprehensive,1.0,20260522,20260528,4,,,,0,3,0.0,,,,,,2026-05-28T10:08:28
1913,1000414,comprehensive,1.0,20260522,20260528,4,,,,0,1,0.0,,,,,,2026-05-28T10:08:29
1917,1000415,comprehensive,1.0,20260522,20260528,4,,,,0,0,0.0,,,,,,2026-05-28T10:08:29
1921,1000416,comprehensive,1.0,20260522,20260528,4,,,,0,0,0.0,,,,,,2026-05-28T10:08:29
1925,1000417,comprehensive,1.0,20260522,20260528,4,,,,0,0,0.0,,,,,,2026-05-28T10:08:29
1929,1000418,custom_1770292858,1.0,20260522,20260528,4,,,,0,6,0.0,,,,,,2026-05-28T10:08:29
1933,1000419,custom_1770292858,1.0,20260522,20260528,4,,,,0,4,0.0,,,,,,2026-05-28T10:08:30
1937,1000420,custom_1770292858,1.0,20260522,20260528,4,,,,0,3,0.0,,,,,,2026-05-28T10:08:30
1941,1000421,custom_1770292858,1.0,20260522,20260528,4,,,,0,3,0.0,,,,,,2026-05-28T10:08:30
1945,1000422,custom_1770292858,1.0,20260522,20260528,4,,,,0,1,0.0,,,,,,2026-05-28T10:08:30
1949,1000423,custom_1770292858,1.0,20260522,20260528,4,,,,0,1,0.0,,,,,,2026-05-28T10:08:30
1953,1000424,custom_1770292858,1.0,20260522,20260528,4,,,,0,2,0.0,,,,,,2026-05-28T10:08:30
1957,1000425,custom_1770292858,1.0,20260522,20260528,4,,,,0,0,0.0,,,,,,2026-05-28T10:08:31
1961,1000426,conservative,1.0,20260522,20260528,4,,,,0,5,0.0,,,,,,2026-05-28T10:08:31
1965,1000427,conservative,1.0,20260522,20260528,4,,,,0,5,0.0,,,,,,2026-05-28T10:08:31
1969,1000428,conservative,1.0,20260522,20260528,4,,,,0,5,0.0,,,,,,2026-05-28T10:08:31
1973,1000429,conservative,1.0,20260522,20260528,4,,,,0,5,0.0,,,,,,2026-05-28T10:08:31
1977,1000430,conservative,1.0,20260522,20260528,4,,,,0,5,0.0,,,,,,2026-05-28T10:08:31
1981,1000431,conservative,1.0,20260522,20260528,4,,,,0,5,0.0,,,,,,2026-05-28T10:08:32
1985,1000432,conservative,1.0,20260522,20260528,4,,,,0,0,0.0,,,,,,2026-05-28T10:08:32
1989,1000433,conservative,1.0,20260522,20260528,4,,,,0,0,0.0,,,,,,2026-05-28T10:08:32
1993,1000434,conservative,1.0,20260522,20260528,4,,,,0,0,0.0,,,,,,2026-05-28T10:08:32
1997,1000435,conservative,1.0,20260522,20260528,4,,,,0,0,0.0,,,,,,2026-05-28T10:08:32
2001,1000436,conservative,1.0,20260522,20260528,4,,,,0,0,0.0,,,,,,2026-05-28T10:08:32
2005,1000437,short_term,1.0,20260522,20260528,4,,,,0,1,0.0,,,,,,2026-05-28T10:08:33
2009,1000438,short_term,1.0,20260522,20260528,4,,,,0,1,0.0,,,,,,2026-05-28T10:08:33
2013,1000439,short_term,1.0,20260522,20260528,4,,,,0,3,0.0,,,,,,2026-05-28T10:08:33
2017,1000440,short_term,1.0,20260522,20260528,4,,,,0,1,0.0,,,,,,2026-05-28T10:08:33
2021,1000441,short_term,1.0,20260522,20260528,4,,,,0,0,0.0,,,,,,2026-05-28T10:08:33
2025,1000442,short_term,1.0,20260522,20260528,4,,,,0,0,0.0,,,,,,2026-05-28T10:08:33
2029,1000443,custom_7,1.0,20260522,20260528,4,,,,0,5,0.0,,,,,,2026-05-28T10:08:34
2033,1000444,custom_7,1.0,20260522,20260528,4,,,,0,8,0.0,,,,,,2026-05-28T10:08:34
2037,1000445,custom_7,1.0,20260522,20260528,4,,,,0,1,0.0,,,,,,2026-05-28T10:08:34
2041,1000446,custom_7,1.0,20260522,20260528,4,,,,0,2,0.0,,,,,,2026-05-28T10:08:34
2045,1000447,custom_7,1.0,20260522,20260528,4,,,,0,2,0.0,,,,,,2026-05-28T10:08:34
2049,1000448,custom_7,1.0,20260522,20260528,4,,,,0,3,0.0,,,,,,2026-05-28T10:08:34
2053,1000449,custom_7,1.0,20260522,20260528,4,,,,0,2,0.0,,,,,,2026-05-28T10:08:35
2057,1000450,custom_7,1.0,20260522,20260528,4,,,,0,2,0.0,,,,,,2026-05-28T10:08:35
2061,1000451,custom_7,1.0,20260522,20260528,4,,,,0,2,0.0,,,,,,2026-05-28T10:08:35
2065,1000452,custom_7,1.0,20260522,20260528,4,,,,0,6,0.0,,,,,,2026-05-28T10:08:35
2069,1000453,custom_7,1.0,20260522,20260528,4,,,,0,3,0.0,,,,,,2026-05-28T10:08:35
2073,1000454,custom_7,1.0,20260522,20260528,4,,,,0,3,0.0,,,,,,2026-05-28T10:08:36
2077,1000455,custom_7,1.0,20260522,20260528,4,,,,0,3,0.0,,,,,,2026-05-28T10:08:36
2081,1000456,custom_7,1.0,20260522,20260528,4,,,,0,0,0.0,,,,,,2026-05-28T10:08:36
2085,1000457,custom_7,1.0,20260522,20260528,4,,,,0,0,0.0,,,,,,2026-05-28T10:08:36
2089,1000458,custom_7,1.0,20260522,20260528,4,,,,0,0,0.0,,,,,,2026-05-28T10:08:36
2093,1000459,custom_1769178949,1.0,20260522,20260528,4,,,,0,8,0.0,,,,,,2026-05-28T10:08:36
2097,1000460,custom_1769178949,1.0,20260522,20260528,4,,,,0,5,0.0,,,,,,2026-05-28T10:08:37
2101,1000461,custom_1769178949,1.0,20260522,20260528,4,,,,0,8,0.0,,,,,,2026-05-28T10:08:37
2105,1000462,custom_1769178949,1.0,20260522,20260528,4,,,,0,7,0.0,,,,,,2026-05-28T10:08:37
2109,1000463,custom_1769178949,1.0,20260522,20260528,4,,,,0,6,0.0,,,,,,2026-05-28T10:08:37
2113,1000464,custom_1769178949,1.0,20260522,20260528,4,,,,0,5,0.0,,,,,,2026-05-28T10:08:37
2117,1000465,custom_1769178949,1.0,20260522,20260528,4,,,,0,6,0.0,,,,,,2026-05-28T10:08:37
2121,1000466,custom_1769178949,1.0,20260522,20260528,4,,,,0,2,0.0,,,,,,2026-05-28T10:08:38
2125,1000467,custom_1769178949,1.0,20260522,20260528,4,,,,0,0,0.0,,,,,,2026-05-28T10:08:38
2129,1000468,custom_1769178949,1.0,20260522,20260528,4,,,,0,3,0.0,,,,,,2026-05-28T10:08:38
2133,1000469,custom_1769178949,1.0,20260522,20260528,4,,,,0,3,0.0,,,,,,2026-05-28T10:08:38
2137,1000470,custom_1769178949,1.0,20260522,20260528,4,,,,0,0,0.0,,,,,,2026-05-28T10:08:38
2141,1000471,custom_1769178949,1.0,20260522,20260528,4,,,,0,0,0.0,,,,,,2026-05-28T10:08:38
2145,1000472,speculator_data_driven,1.0,20260522,20260528,4,,,,0,2,0.0,,,,,,2026-05-28T10:08:39
2149,1000473,speculator_data_driven,1.0,20260522,20260528,4,,,,0,5,0.0,,,,,,2026-05-28T10:08:39
2153,1000474,speculator_data_driven,1.0,20260522,20260528,4,,,,0,0,0.0,,,,,,2026-05-28T10:08:39
2157,1000475,speculator_data_driven,1.0,20260522,20260528,4,,,,0,0,0.0,,,,,,2026-05-28T10:08:39
2161,1000476,speculator_data_driven,1.0,20260522,20260528,4,,,,0,1,0.0,,,,,,2026-05-28T10:08:39
2165,1000477,speculator_data_driven,1.0,20260522,20260528,4,,,,0,0,0.0,,,,,,2026-05-28T10:08:39
2169,1000478,speculator_data_driven,1.0,20260522,20260528,4,,,,0,0,0.0,,,,,,2026-05-28T10:08:40
2173,1000479,speculator_scalper,1.0,20260522,20260528,4,,,,0,5,0.0,,,,,,2026-05-28T10:08:40
2177,1000480,speculator_scalper,1.0,20260522,20260528,4,,,,0,2,0.0,,,,,,2026-05-28T10:08:40
2181,1000481,speculator_scalper,1.0,20260522,20260528,4,,,,0,2,0.0,,,,,,2026-05-28T10:08:40
2185,1000482,speculator_scalper,1.0,20260522,20260528,4,,,,0,1,0.0,,,,,,2026-05-28T10:08:40
2189,1000483,speculator_scalper,1.0,20260522,20260528,4,,,,0,1,0.0,,,,,,2026-05-28T10:08:41
2193,1000484,speculator_scalper,1.0,20260522,20260528,4,,,,0,0,0.0,,,,,,2026-05-28T10:08:41
2197,1000485,speculator_scalper,1.0,20260522,20260528,4,,,,0,0,0.0,,,,,,2026-05-28T10:08:41
2201,1000486,standard,1.0,20260522,20260528,4,,,,0,5,0.0,,,,,,2026-05-28T10:08:41
2205,1000487,standard,1.0,20260522,20260528,4,,,,0,5,0.0,,,,,,2026-05-28T10:08:41
2209,1000488,standard,1.0,20260522,20260528,4,,,,0,4,0.0,,,,,,2026-05-28T10:08:41
2213,1000489,standard,1.0,20260522,20260528,4,,,,0,5,0.0,,,,,,2026-05-28T10:08:42
2217,1000490,standard,1.0,20260522,20260528,4,,,,0,5,0.0,,,,,,2026-05-28T10:08:42
2221,1000491,standard,1.0,20260522,20260528,4,,,,0,5,0.0,,,,,,2026-05-28T10:08:42
2225,1000492,standard,1.0,20260522,20260528,4,,,,0,5,0.0,,,,,,2026-05-28T10:08:42
2229,1000493,standard,1.0,20260522,20260528,4,,,,0,4,0.0,,,,,,2026-05-28T10:08:42
2233,1000494,standard,1.0,20260522,20260528,4,,,,0,3,0.0,,,,,,2026-05-28T10:08:42
2237,1000495,standard,1.0,20260522,20260528,4,,,,0,4,0.0,,,,,,2026-05-28T10:08:43
2240,1000372,custom_1770292858,1.0,20260525,20260528,3,,,,0,9,0.0,,,,,,2026-05-28T10:08:43
2243,1000373,custom_1770292858,1.0,20260525,20260528,3,,,,0,1,0.0,,,,,,2026-05-28T10:08:43
2246,1000374,custom_1770292858,1.0,20260525,20260528,3,,,,0,2,0.0,,,,,,2026-05-28T10:08:43
2249,1000375,custom_1770292858,1.0,20260525,20260528,3,,,,0,4,0.0,,,,,,2026-05-28T10:08:43
2252,1000376,custom_1770292858,1.0,20260525,20260528,3,,,,0,0,0.0,,,,,,2026-05-28T10:08:43
2255,1000377,custom_1770292858,1.0,20260525,20260528,3,,,,0,2,0.0,,,,,,2026-05-28T10:08:43
2258,1000378,custom_1770292858,1.0,20260525,20260528,3,,,,0,3,0.0,,,,,,2026-05-28T10:08:43
2261,1000379,custom_1770292858,1.0,20260525,20260528,3,,,,0,1,0.0,,,,,,2026-05-28T10:08:44
2264,1000380,custom_1770292858,1.0,20260525,20260528,3,,,,0,1,0.0,,,,,,2026-05-28T10:08:44
2267,1000381,custom_1770292858,1.0,20260525,20260528,3,,,,0,3,0.0,,,,,,2026-05-28T10:08:44
2270,1000382,custom_1770292858,1.0,20260525,20260528,3,,,,0,2,0.0,,,,,,2026-05-28T10:08:44
2273,1000383,custom_1770292858,1.0,20260525,20260528,3,,,,0,0,0.0,,,,,,2026-05-28T10:08:44
2276,1000384,custom_1770292858,1.0,20260525,20260528,3,,,,0,0,0.0,,,,,,2026-05-28T10:08:44
2279,1000385,custom_1770292858,1.0,20260525,20260528,3,,,,0,1,0.0,,,,,,2026-05-28T10:08:44
2280,1000496,aggressive,1.0,20260525,20260526,1,,3.44266,3.44266,3,5,0.6,-0.1733,3.6159600000000003,,,,2026-05-28T10:08:45
2281,1000496,aggressive,1.0,20260525,20260527,2,,-4.105980000000001,-4.105980000000001,1,5,0.2,-1.2459,-2.860080000000001,,,,2026-05-28T10:08:45
2282,1000496,aggressive,1.0,20260525,20260528,3,,,,0,5,0.0,,,,,,2026-05-28T10:08:45
2283,1000497,aggressive,1.0,20260525,20260526,1,,1.5245799999999998,1.5245799999999998,2,5,0.4,-0.1733,1.6978799999999998,,,,2026-05-28T10:08:45
2284,1000497,aggressive,1.0,20260525,20260527,2,,-1.1393799999999998,-1.1393799999999998,0,5,0.0,-1.2459,0.10652000000000017,,,,2026-05-28T10:08:45
2285,1000497,aggressive,1.0,20260525,20260528,3,,,,0,5,0.0,,,,,,2026-05-28T10:08:45
2286,1000498,aggressive,1.0,20260525,20260526,1,,-3.79108,-3.79108,0,5,0.0,-0.1733,-3.6177799999999998,,,,2026-05-28T10:08:45
2287,1000498,aggressive,1.0,20260525,20260527,2,,-2.69048,-2.69048,0,5,0.0,-1.2459,-1.44458,,,,2026-05-28T10:08:45
2288,1000498,aggressive,1.0,20260525,20260528,3,,,,0,5,0.0,,,,,,2026-05-28T10:08:45
2289,1000499,aggressive,1.0,20260525,20260526,1,,1.01264,1.01264,2,5,0.4,-0.1733,1.18594,,,,2026-05-28T10:08:45
2290,1000499,aggressive,1.0,20260525,20260527,2,,-4.08682,-4.08682,0,5,0.0,-1.2459,-2.8409200000000006,,,,2026-05-28T10:08:45
2291,1000499,aggressive,1.0,20260525,20260528,3,,,,0,5,0.0,,,,,,2026-05-28T10:08:45
2292,1000500,aggressive,1.0,20260525,20260526,1,,-1.9956399999999999,-1.9956399999999999,0,5,0.0,-0.1733,-1.8223399999999998,,,,2026-05-28T10:08:45
2293,1000500,aggressive,1.0,20260525,20260527,2,,-3.8868,-3.8868,0,5,0.0,-1.2459,-2.6409000000000002,,,,2026-05-28T10:08:45
2294,1000500,aggressive,1.0,20260525,20260528,3,,,,0,5,0.0,,,,,,2026-05-28T10:08:45
2295,1000501,aggressive,1.0,20260525,20260526,1,-2.48,-3.638925,-3.638925,0,5,0.0,-0.1733,-3.465625,0,,,2026-05-28T10:08:45
2296,1000501,aggressive,1.0,20260525,20260527,2,-2.02,-2.857325,-2.857325,0,5,0.0,-1.2459,-1.6114249999999999,0,,,2026-05-28T10:08:45
2297,1000501,aggressive,1.0,20260525,20260528,3,,,,0,5,0.0,,,,,,2026-05-28T10:08:45
2298,1000502,short_term,1.0,20260525,20260526,1,2.36,5.85656,5.85656,4,5,0.8,-0.1733,6.02986,1,,,2026-05-28T10:08:45
2299,1000502,short_term,1.0,20260525,20260527,2,-0.83,-1.9142800000000002,-1.9142800000000002,1,5,0.2,-1.2459,-0.6683800000000002,0,,,2026-05-28T10:08:45
2300,1000502,short_term,1.0,20260525,20260528,3,,,,0,5,0.0,,,,,,2026-05-28T10:08:45
2301,1000503,short_term,1.0,20260525,20260526,1,,-0.64655,-0.64655,0,4,0.0,-0.1733,-0.47324999999999995,,,,2026-05-28T10:08:45
2302,1000503,short_term,1.0,20260525,20260527,2,,-3.748525,-3.748525,0,4,0.0,-1.2459,-2.502625,,,,2026-05-28T10:08:46
2303,1000503,short_term,1.0,20260525,20260528,3,,,,0,4,0.0,,,,,,2026-05-28T10:08:46
2304,1000504,short_term,1.0,20260525,20260526,1,0.03,1.4696,1.4696,0,1,0.0,-0.1733,1.6429,1,,,2026-05-28T10:08:46
2305,1000504,short_term,1.0,20260525,20260527,2,-2.06,-8.6983,-8.6983,0,1,0.0,-1.2459,-7.4524,0,,,2026-05-28T10:08:46
2306,1000504,short_term,1.0,20260525,20260528,3,,,,0,1,0.0,,,,,,2026-05-28T10:08:46
2307,1000505,short_term,1.0,20260525,20260526,1,-1.58,,,0,0,0.0,-0.1733,,0,,,2026-05-28T10:08:46
2308,1000505,short_term,1.0,20260525,20260527,2,-2.17,,,0,0,0.0,-1.2459,,0,,,2026-05-28T10:08:46
2309,1000505,short_term,1.0,20260525,20260528,3,,,,0,0,0.0,,,,,,2026-05-28T10:08:46
2310,1000506,short_term,1.0,20260525,20260526,1,-1.61,,,0,0,0.0,-0.1733,,0,,,2026-05-28T10:08:46
2311,1000506,short_term,1.0,20260525,20260527,2,-0.86,,,0,0,0.0,-1.2459,,0,,,2026-05-28T10:08:46
2312,1000506,short_term,1.0,20260525,20260528,3,,,,0,0,0.0,,,,,,2026-05-28T10:08:46
2313,1000507,short_term,1.0,20260525,20260526,1,-1.39,,,0,0,0.0,-0.1733,,1,,,2026-05-28T10:08:46
2314,1000507,short_term,1.0,20260525,20260527,2,-2.69,,,0,0,0.0,-1.2459,,1,,,2026-05-28T10:08:46
2315,1000507,short_term,1.0,20260525,20260528,3,,,,0,0,0.0,,,,,,2026-05-28T10:08:46
2316,1000508,short_term,1.0,20260525,20260526,1,,,,0,0,0.0,-0.1733,,,,,2026-05-28T10:08:46
2317,1000508,short_term,1.0,20260525,20260527,2,,,,0,0,0.0,-1.2459,,,,,2026-05-28T10:08:46
2318,1000508,short_term,1.0,20260525,20260528,3,,,,0,0,0.0,,,,,,2026-05-28T10:08:46
2319,1000509,conservative,1.0,20260525,20260526,1,2.36,4.989739999999999,4.989739999999999,4,5,0.8,-0.1733,5.16304,1,,,2026-05-28T10:08:46
2320,1000509,conservative,1.0,20260525,20260527,2,-0.83,-4.55302,-4.55302,0,5,0.0,-1.2459,-3.3071200000000003,0,,,2026-05-28T10:08:46
2321,1000509,conservative,1.0,20260525,20260528,3,,,,0,5,0.0,,,,,,2026-05-28T10:08:46
2322,1000510,conservative,1.0,20260525,20260526,1,-1.61,1.11502,1.11502,1,5,0.2,-0.1733,1.28832,0,,,2026-05-28T10:08:46
2323,1000510,conservative,1.0,20260525,20260527,2,-0.86,0.49964,0.49964,0,5,0.0,-1.2459,1.74554,0,,,2026-05-28T10:08:46
2324,1000510,conservative,1.0,20260525,20260528,3,,,,0,5,0.0,,,,,,2026-05-28T10:08:46
2325,1000511,conservative,1.0,20260525,20260526,1,,3.08216,3.08216,2,5,0.4,-0.1733,3.2554600000000002,,,,2026-05-28T10:08:47
2326,1000511,conservative,1.0,20260525,20260527,2,,-4.11654,-4.11654,0,5,0.0,-1.2459,-2.87064,,,,2026-05-28T10:08:47
2327,1000511,conservative,1.0,20260525,20260528,3,,,,0,5,0.0,,,,,,2026-05-28T10:08:47
2328,1000512,conservative,1.0,20260525,20260526,1,,-0.08564999999999996,-0.08564999999999996,1,4,0.25,-0.1733,0.08765000000000005,,,,2026-05-28T10:08:47
2329,1000512,conservative,1.0,20260525,20260527,2,,-0.020525000000000015,-0.020525000000000015,0,4,0.0,-1.2459,1.225375,,,,2026-05-28T10:08:47
2330,1000512,conservative,1.0,20260525,20260528,3,,,,0,4,0.0,,,,,,2026-05-28T10:08:47
2331,1000513,conservative,1.0,20260525,20260526,1,-2.44,0.29996,0.29996,1,5,0.2,-0.1733,0.47326,0,,,2026-05-28T10:08:47
2332,1000513,conservative,1.0,20260525,20260527,2,-2.14,-1.2247,-1.2247,0,5,0.0,-1.2459,0.021200000000000108,0,,,2026-05-28T10:08:47
2333,1000513,conservative,1.0,20260525,20260528,3,,,,0,5,0.0,,,,,,2026-05-28T10:08:47
2334,1000514,conservative,1.0,20260525,20260526,1,,2.56968,2.56968,2,5,0.4,-0.1733,2.74298,,,,2026-05-28T10:08:47
2335,1000514,conservative,1.0,20260525,20260527,2,,-0.9061600000000001,-0.9061600000000001,0,5,0.0,-1.2459,0.33973999999999993,,,,2026-05-28T10:08:47
2336,1000514,conservative,1.0,20260525,20260528,3,,,,0,5,0.0,,,,,,2026-05-28T10:08:47
2337,1000515,custom_1770292858,1.0,20260525,20260526,1,2.36,4.8749,4.8749,6,8,0.75,-0.1733,5.0482000000000005,1,,,2026-05-28T10:08:47
2338,1000515,custom_1770292858,1.0,20260525,20260527,2,-0.83,-4.3234375,-4.3234375,1,8,0.125,-1.2459,-3.0775375,0,,,2026-05-28T10:08:47
2339,1000515,custom_1770292858,1.0,20260525,20260528,3,,,,0,8,0.0,,,,,,2026-05-28T10:08:47
2340,1000516,custom_1770292858,1.0,20260525,20260526,1,-2.2,4.191525,4.191525,3,4,0.75,-0.1733,4.364825000000001,0,,,2026-05-28T10:08:47
2341,1000516,custom_1770292858,1.0,20260525,20260527,2,-1.88,-2.4703749999999998,-2.4703749999999998,1,4,0.25,-1.2459,-1.2244749999999998,0,,,2026-05-28T10:08:47
2342,1000516,custom_1770292858,1.0,20260525,20260528,3,,,,0,4,0.0,,,,,,2026-05-28T10:08:47
2343,1000517,custom_1770292858,1.0,20260525,20260526,1,,-2.7666714285714282,-2.7666714285714282,0,7,0.0,-0.1733,-2.5933714285714284,,,,2026-05-28T10:08:47
2344,1000517,custom_1770292858,1.0,20260525,20260527,2,,1.6480714285714286,1.6480714285714286,1,7,0.14285714285714285,-1.2459,2.8939714285714286,,,,2026-05-28T10:08:47
2345,1000517,custom_1770292858,1.0,20260525,20260528,3,,,,0,7,0.0,,,,,,2026-05-28T10:08:47
2346,1000518,custom_1770292858,1.0,20260525,20260526,1,,6.5087,6.5087,3,4,0.75,-0.1733,6.682,,,,2026-05-28T10:08:48
2347,1000518,custom_1770292858,1.0,20260525,20260527,2,,-3.3564,-3.3564,0,4,0.0,-1.2459,-2.1105,,,,2026-05-28T10:08:48
2348,1000518,custom_1770292858,1.0,20260525,20260528,3,,,,0,4,0.0,,,,,,2026-05-28T10:08:48
2349,1000519,custom_1770292858,1.0,20260525,20260526,1,,1.5038,1.5038,0,3,0.0,-0.1733,1.6771,,,,2026-05-28T10:08:48
2350,1000519,custom_1770292858,1.0,20260525,20260527,2,,-1.1616666666666666,-1.1616666666666666,0,3,0.0,-1.2459,0.08423333333333338,,,,2026-05-28T10:08:48
2351,1000519,custom_1770292858,1.0,20260525,20260528,3,,,,0,3,0.0,,,,,,2026-05-28T10:08:48
2352,1000520,custom_1770292858,1.0,20260525,20260526,1,0.03,3.7080600000000006,3.7080600000000006,3,5,0.6,-0.1733,3.881360000000001,1,,,2026-05-28T10:08:48
2353,1000520,custom_1770292858,1.0,20260525,20260527,2,-2.06,-5.03766,-5.03766,0,5,0.0,-1.2459,-3.79176,0,,,2026-05-28T10:08:48
2354,1000520,custom_1770292858,1.0,20260525,20260528,3,,,,0,5,0.0,,,,,,2026-05-28T10:08:48
2355,1000521,custom_1770292858,1.0,20260525,20260526,1,,3.5674,3.5674,1,2,0.5,-0.1733,3.7407000000000004,,,,2026-05-28T10:08:48
2356,1000521,custom_1770292858,1.0,20260525,20260527,2,,0.022249999999999992,0.022249999999999992,0,2,0.0,-1.2459,1.2681499999999999,,,,2026-05-28T10:08:48
2357,1000521,custom_1770292858,1.0,20260525,20260528,3,,,,0,2,0.0,,,,,,2026-05-28T10:08:48
2358,1000522,custom_1770292858,1.0,20260525,20260526,1,,-1.0073,-1.0073,0,2,0.0,-0.1733,-0.8340000000000001,,,,2026-05-28T10:08:48
2359,1000522,custom_1770292858,1.0,20260525,20260527,2,,-2.6115500000000003,-2.6115500000000003,0,2,0.0,-1.2459,-1.3656500000000003,,,,2026-05-28T10:08:48
2360,1000522,custom_1770292858,1.0,20260525,20260528,3,,,,0,2,0.0,,,,,,2026-05-28T10:08:48
2361,1000523,custom_1770292858,1.0,20260525,20260526,1,,-1.1016,-1.1016,0,1,0.0,-0.1733,-0.9282999999999999,,,,2026-05-28T10:08:48
2362,1000523,custom_1770292858,1.0,20260525,20260527,2,,0.6188,0.6188,0,1,0.0,-1.2459,1.8647,,,,2026-05-28T10:08:48
2363,1000523,custom_1770292858,1.0,20260525,20260528,3,,,,0,1,0.0,,,,,,2026-05-28T10:08:48
2364,1000524,custom_1770292858,1.0,20260525,20260526,1,,-0.3407,-0.3407,0,1,0.0,-0.1733,-0.1674,,,,2026-05-28T10:08:48
2365,1000524,custom_1770292858,1.0,20260525,20260527,2,,-3.0769,-3.0769,0,1,0.0,-1.2459,-1.8310000000000002,,,,2026-05-28T10:08:48
2366,1000524,custom_1770292858,1.0,20260525,20260528,3,,,,0,1,0.0,,,,,,2026-05-28T10:08:48
2367,1000525,custom_1770292858,1.0,20260525,20260526,1,,-1.7055,-1.7055,0,2,0.0,-0.1733,-1.5322,,,,2026-05-28T10:08:48
2368,1000525,custom_1770292858,1.0,20260525,20260527,2,,-0.23360000000000003,-0.23360000000000003,0,2,0.0,-1.2459,1.0123,,,,2026-05-28T10:08:48
2369,1000525,custom_1770292858,1.0,20260525,20260528,3,,,,0,2,0.0,,,,,,2026-05-28T10:08:48
2370,1000526,custom_1770292858,1.0,20260525,20260526,1,-1.39,,,0,0,0.0,-0.1733,,1,,,2026-05-28T10:08:49
2371,1000526,custom_1770292858,1.0,20260525,20260527,2,-2.69,,,0,0,0.0,-1.2459,,1,,,2026-05-28T10:08:49
2372,1000526,custom_1770292858,1.0,20260525,20260528,3,,,,0,0,0.0,,,,,,2026-05-28T10:08:49
2373,1000527,custom_1770292858,1.0,20260525,20260526,1,-0.64,,,0,0,0.0,-0.1733,,1,,,2026-05-28T10:08:49
2374,1000527,custom_1770292858,1.0,20260525,20260527,2,-1.51,,,0,0,0.0,-1.2459,,1,,,2026-05-28T10:08:49
2375,1000527,custom_1770292858,1.0,20260525,20260528,3,,,,0,0,0.0,,,,,,2026-05-28T10:08:49
2376,1000528,comprehensive,1.0,20260525,20260526,1,2.36,3.753585714285714,3.753585714285714,5,7,0.7142857142857143,-0.1733,3.9268857142857136,1,,,2026-05-28T10:08:49
2377,1000528,comprehensive,1.0,20260525,20260527,2,-0.83,-1.510857142857143,-1.510857142857143,2,7,0.2857142857142857,-1.2459,-0.2649571428571429,0,,,2026-05-28T10:08:49
2378,1000528,comprehensive,1.0,20260525,20260528,3,,,,0,7,0.0,,,,,,2026-05-28T10:08:49
2379,1000529,comprehensive,1.0,20260525,20260526,1,,1.19225,1.19225,0,2,0.0,-0.1733,1.36555,,,,2026-05-28T10:08:49
2380,1000529,comprehensive,1.0,20260525,20260527,2,,-3.96975,-3.96975,0,2,0.0,-1.2459,-2.7238499999999997,,,,2026-05-28T10:08:49
2381,1000529,comprehensive,1.0,20260525,20260528,3,,,,0,2,0.0,,,,,,2026-05-28T10:08:49
2382,1000530,comprehensive,1.0,20260525,20260526,1,,3.514366666666667,3.514366666666667,2,3,0.6666666666666666,-0.1733,3.687666666666667,,,,2026-05-28T10:08:49
2383,1000530,comprehensive,1.0,20260525,20260527,2,,-2.9650999999999996,-2.9650999999999996,1,3,0.3333333333333333,-1.2459,-1.7191999999999996,,,,2026-05-28T10:08:49
2384,1000530,comprehensive,1.0,20260525,20260528,3,,,,0,3,0.0,,,,,,2026-05-28T10:08:49
2385,1000531,comprehensive,1.0,20260525,20260526,1,,2.9919,2.9919,1,2,0.5,-0.1733,3.1651999999999996,,,,2026-05-28T10:08:49
2386,1000531,comprehensive,1.0,20260525,20260527,2,,-2.39505,-2.39505,0,2,0.0,-1.2459,-1.14915,,,,2026-05-28T10:08:49
2387,1000531,comprehensive,1.0,20260525,20260528,3,,,,0,2,0.0,,,,,,2026-05-28T10:08:49
2388,1000532,comprehensive,1.0,20260525,20260526,1,-1.99,4.2536,4.2536,1,1,1.0,-0.1733,4.4269,0,,,2026-05-28T10:08:49
2389,1000532,comprehensive,1.0,20260525,20260527,2,-0.91,-1.5436,-1.5436,0,1,0.0,-1.2459,-0.2977000000000001,0,,,2026-05-28T10:08:49
2390,1000532,comprehensive,1.0,20260525,20260528,3,,,,0,1,0.0,,,,,,2026-05-28T10:08:49
2391,1000533,comprehensive,1.0,20260525,20260526,1,-1.58,,,0,0,0.0,-0.1733,,0,,,2026-05-28T10:08:50
2392,1000533,comprehensive,1.0,20260525,20260527,2,-2.17,,,0,0,0.0,-1.2459,,0,,,2026-05-28T10:08:50
2393,1000533,comprehensive,1.0,20260525,20260528,3,,,,0,0,0.0,,,,,,2026-05-28T10:08:50
2394,1000534,comprehensive,1.0,20260525,20260526,1,,0.211,0.211,1,4,0.25,-0.1733,0.3843,,,,2026-05-28T10:08:50
2395,1000534,comprehensive,1.0,20260525,20260527,2,,-0.990075,-0.990075,0,4,0.0,-1.2459,0.25582499999999997,,,,2026-05-28T10:08:50
2396,1000534,comprehensive,1.0,20260525,20260528,3,,,,0,4,0.0,,,,,,2026-05-28T10:08:50
2397,1000535,comprehensive,1.0,20260525,20260526,1,,,,0,0,0.0,-0.1733,,,,,2026-05-28T10:08:50
2398,1000535,comprehensive,1.0,20260525,20260527,2,,,,0,0,0.0,-1.2459,,,,,2026-05-28T10:08:50
2399,1000535,comprehensive,1.0,20260525,20260528,3,,,,0,0,0.0,,,,,,2026-05-28T10:08:50
2400,1000536,comprehensive,1.0,20260525,20260526,1,,0.4847,0.4847,0,1,0.0,-0.1733,0.658,,,,2026-05-28T10:08:50
2401,1000536,comprehensive,1.0,20260525,20260527,2,,0.3215,0.3215,0,1,0.0,-1.2459,1.5674000000000001,,,,2026-05-28T10:08:50
2402,1000536,comprehensive,1.0,20260525,20260528,3,,,,0,1,0.0,,,,,,2026-05-28T10:08:50
2403,1000537,comprehensive,1.0,20260525,20260526,1,,2.6107,2.6107,0,1,0.0,-0.1733,2.784,,,,2026-05-28T10:08:50
2404,1000537,comprehensive,1.0,20260525,20260527,2,,0.885,0.885,0,1,0.0,-1.2459,2.1309,,,,2026-05-28T10:08:50
2405,1000537,comprehensive,1.0,20260525,20260528,3,,,,0,1,0.0,,,,,,2026-05-28T10:08:50
2406,1000538,comprehensive,1.0,20260525,20260526,1,,,,0,0,0.0,-0.1733,,,,,2026-05-28T10:08:50
2407,1000538,comprehensive,1.0,20260525,20260527,2,,,,0,0,0.0,-1.2459,,,,,2026-05-28T10:08:50
2408,1000538,comprehensive,1.0,20260525,20260528,3,,,,0,0,0.0,,,,,,2026-05-28T10:08:50
2409,1000539,comprehensive,1.0,20260525,20260526,1,,,,0,0,0.0,-0.1733,,,,,2026-05-28T10:08:50
2410,1000539,comprehensive,1.0,20260525,20260527,2,,,,0,0,0.0,-1.2459,,,,,2026-05-28T10:08:50
2411,1000539,comprehensive,1.0,20260525,20260528,3,,,,0,0,0.0,,,,,,2026-05-28T10:08:50
2412,1000540,custom_1769178949,1.0,20260525,20260526,1,,4.252842857142857,4.252842857142857,5,7,0.7142857142857143,-0.1733,4.426142857142858,,,,2026-05-28T10:08:50
2413,1000540,custom_1769178949,1.0,20260525,20260527,2,,-1.0478,-1.0478,2,7,0.2857142857142857,-1.2459,0.19809999999999994,,,,2026-05-28T10:08:50
2414,1000540,custom_1769178949,1.0,20260525,20260528,3,,,,0,7,0.0,,,,,,2026-05-28T10:08:51
2415,1000541,custom_1769178949,1.0,20260525,20260526,1,,0.7599999999999998,0.7599999999999998,3,7,0.42857142857142855,-0.1733,0.9332999999999998,,,,2026-05-28T10:08:51
2416,1000541,custom_1769178949,1.0,20260525,20260527,2,,-5.3065,-5.3065,0,7,0.0,-1.2459,-4.0606,,,,2026-05-28T10:08:51
2417,1000541,custom_1769178949,1.0,20260525,20260528,3,,,,0,7,0.0,,,,,,2026-05-28T10:08:51
2418,1000542,custom_1769178949,1.0,20260525,20260526,1,,0.8553,0.8553,0,2,0.0,-0.1733,1.0286,,,,2026-05-28T10:08:51
2419,1000542,custom_1769178949,1.0,20260525,20260527,2,,-3.1264499999999997,-3.1264499999999997,0,2,0.0,-1.2459,-1.8805499999999997,,,,2026-05-28T10:08:51
2420,1000542,custom_1769178949,1.0,20260525,20260528,3,,,,0,2,0.0,,,,,,2026-05-28T10:08:51
2421,1000543,custom_1769178949,1.0,20260525,20260526,1,,2.351833333333333,2.351833333333333,2,3,0.6666666666666666,-0.1733,2.525133333333333,,,,2026-05-28T10:08:51
2422,1000543,custom_1769178949,1.0,20260525,20260527,2,,-0.5693666666666667,-0.5693666666666667,0,3,0.0,-1.2459,0.6765333333333333,,,,2026-05-28T10:08:51
2423,1000543,custom_1769178949,1.0,20260525,20260528,3,,,,0,3,0.0,,,,,,2026-05-28T10:08:51
2424,1000544,custom_1769178949,1.0,20260525,20260526,1,,1.0164,1.0164,0,3,0.0,-0.1733,1.1897,,,,2026-05-28T10:08:51
2425,1000544,custom_1769178949,1.0,20260525,20260527,2,,-1.3811,-1.3811,0,3,0.0,-1.2459,-0.1352,,,,2026-05-28T10:08:51
2426,1000544,custom_1769178949,1.0,20260525,20260528,3,,,,0,3,0.0,,,,,,2026-05-28T10:08:51
2427,1000545,custom_1769178949,1.0,20260525,20260526,1,0.03,3.5316,3.5316,1,2,0.5,-0.1733,3.7049000000000003,1,,,2026-05-28T10:08:51
2428,1000545,custom_1769178949,1.0,20260525,20260527,2,-2.06,-8.3888,-8.3888,0,2,0.0,-1.2459,-7.1429,0,,,2026-05-28T10:08:51
2429,1000545,custom_1769178949,1.0,20260525,20260528,3,,,,0,2,0.0,,,,,,2026-05-28T10:08:51
2430,1000546,custom_1769178949,1.0,20260525,20260526,1,-2.6,-2.7024,-2.7024,0,2,0.0,-0.1733,-2.5290999999999997,0,,,2026-05-28T10:08:51
2431,1000546,custom_1769178949,1.0,20260525,20260527,2,-0.79,0.8099999999999999,0.8099999999999999,0,2,0.0,-1.2459,2.0559,0,,,2026-05-28T10:08:51
2432,1000546,custom_1769178949,1.0,20260525,20260528,3,,,,0,2,0.0,,,,,,2026-05-28T10:08:51
2433,1000547,custom_1769178949,1.0,20260525,20260526,1,-1.58,-1.0073,-1.0073,0,2,0.0,-0.1733,-0.8340000000000001,0,,,2026-05-28T10:08:51
2434,1000547,custom_1769178949,1.0,20260525,20260527,2,-2.17,-2.6115500000000003,-2.6115500000000003,0,2,0.0,-1.2459,-1.3656500000000003,0,,,2026-05-28T10:08:51
2435,1000547,custom_1769178949,1.0,20260525,20260528,3,,,,0,2,0.0,,,,,,2026-05-28T10:08:51
2436,1000548,custom_1769178949,1.0,20260525,20260526,1,,-3.96975,-3.96975,0,2,0.0,-0.1733,-3.79645,,,,2026-05-28T10:08:51
2437,1000548,custom_1769178949,1.0,20260525,20260527,2,,-2.218,-2.218,0,2,0.0,-1.2459,-0.9721,,,,2026-05-28T10:08:52
2438,1000548,custom_1769178949,1.0,20260525,20260528,3,,,,0,2,0.0,,,,,,2026-05-28T10:08:52
2439,1000549,custom_1769178949,1.0,20260525,20260526,1,,0.6189,0.6189,0,2,0.0,-0.1733,0.7922,,,,2026-05-28T10:08:52
2440,1000549,custom_1769178949,1.0,20260525,20260527,2,,-1.95875,-1.95875,0,2,0.0,-1.2459,-0.71285,,,,2026-05-28T10:08:52
2441,1000549,custom_1769178949,1.0,20260525,20260528,3,,,,0,2,0.0,,,,,,2026-05-28T10:08:52
2442,1000550,custom_1769178949,1.0,20260525,20260526,1,,8.6982,8.6982,2,2,1.0,-0.1733,8.8715,,,,2026-05-28T10:08:52
2443,1000550,custom_1769178949,1.0,20260525,20260527,2,,-3.9528,-3.9528,0,2,0.0,-1.2459,-2.7069,,,,2026-05-28T10:08:52
2444,1000550,custom_1769178949,1.0,20260525,20260528,3,,,,0,2,0.0,,,,,,2026-05-28T10:08:52
2445,1000551,custom_1769178949,1.0,20260525,20260526,1,1.17,4.7233,4.7233,1,1,1.0,-0.1733,4.8966,1,,,2026-05-28T10:08:52
2446,1000551,custom_1769178949,1.0,20260525,20260527,2,-3.03,-10.008,-10.008,0,1,0.0,-1.2459,-8.762099999999998,0,,,2026-05-28T10:08:52
2447,1000551,custom_1769178949,1.0,20260525,20260528,3,,,,0,1,0.0,,,,,,2026-05-28T10:08:52
2448,1000552,custom_1769178949,1.0,20260525,20260526,1,-1.39,2.1435,2.1435,0,1,0.0,-0.1733,2.3167999999999997,1,,,2026-05-28T10:08:52
2449,1000552,custom_1769178949,1.0,20260525,20260527,2,-2.69,-1.4599,-1.4599,0,1,0.0,-1.2459,-0.21399999999999997,1,,,2026-05-28T10:08:52
2450,1000552,custom_1769178949,1.0,20260525,20260528,3,,,,0,1,0.0,,,,,,2026-05-28T10:08:52
2451,1000553,custom_1769178949,1.0,20260525,20260526,1,-0.64,,,0,0,0.0,-0.1733,,1,,,2026-05-28T10:08:52
2452,1000553,custom_1769178949,1.0,20260525,20260527,2,-1.51,,,0,0,0.0,-1.2459,,1,,,2026-05-28T10:08:52
2453,1000553,custom_1769178949,1.0,20260525,20260528,3,,,,0,0,0.0,,,,,,2026-05-28T10:08:52
2454,1000554,custom_1769178949,1.0,20260525,20260526,1,,,,0,0,0.0,-0.1733,,,,,2026-05-28T10:08:52
2455,1000554,custom_1769178949,1.0,20260525,20260527,2,,,,0,0,0.0,-1.2459,,,,,2026-05-28T10:08:52
2456,1000554,custom_1769178949,1.0,20260525,20260528,3,,,,0,0,0.0,,,,,,2026-05-28T10:08:52
2457,1000555,custom_7,1.0,20260525,20260526,1,2.36,4.3951,4.3951,7,10,0.7,-0.1733,4.5684000000000005,1,,,2026-05-28T10:08:52
2458,1000555,custom_7,1.0,20260525,20260527,2,-0.83,-3.45752,-3.45752,2,10,0.2,-1.2459,-2.21162,0,,,2026-05-28T10:08:52
2459,1000555,custom_7,1.0,20260525,20260528,3,,,,0,10,0.0,,,,,,2026-05-28T10:08:52
2460,1000556,custom_7,1.0,20260525,20260526,1,,1.576775,1.576775,1,4,0.25,-0.1733,1.750075,,,,2026-05-28T10:08:53
2461,1000556,custom_7,1.0,20260525,20260527,2,,-1.5094750000000001,-1.5094750000000001,1,4,0.25,-1.2459,-0.2635750000000001,,,,2026-05-28T10:08:53
2462,1000556,custom_7,1.0,20260525,20260528,3,,,,0,4,0.0,,,,,,2026-05-28T10:08:53
2463,1000557,custom_7,1.0,20260525,20260526,1,,0.8830999999999998,0.8830999999999998,3,7,0.42857142857142855,-0.1733,1.0563999999999998,,,,2026-05-28T10:08:53
2464,1000557,custom_7,1.0,20260525,20260527,2,,-6.676585714285714,-6.676585714285714,0,7,0.0,-1.2459,-5.430685714285715,,,,2026-05-28T10:08:53
2465,1000557,custom_7,1.0,20260525,20260528,3,,,,0,7,0.0,,,,,,2026-05-28T10:08:53
2466,1000558,custom_7,1.0,20260525,20260526,1,,-2.1624166666666667,-2.1624166666666667,1,6,0.16666666666666666,-0.1733,-1.9891166666666666,,,,2026-05-28T10:08:53
2467,1000558,custom_7,1.0,20260525,20260527,2,,-2.4940166666666665,-2.4940166666666665,0,6,0.0,-1.2459,-1.2481166666666665,,,,2026-05-28T10:08:53
2468,1000558,custom_7,1.0,20260525,20260528,3,,,,0,6,0.0,,,,,,2026-05-28T10:08:53
2469,1000559,custom_7,1.0,20260525,20260526,1,,7.385633333333334,7.385633333333334,3,3,1.0,-0.1733,7.558933333333334,,,,2026-05-28T10:08:53
2470,1000559,custom_7,1.0,20260525,20260527,2,,-6.326566666666666,-6.326566666666666,0,3,0.0,-1.2459,-5.080666666666666,,,,2026-05-28T10:08:53
2471,1000559,custom_7,1.0,20260525,20260528,3,,,,0,3,0.0,,,,,,2026-05-28T10:08:53
2472,1000560,custom_7,1.0,20260525,20260526,1,,5.396750000000001,5.396750000000001,1,2,0.5,-0.1733,5.570050000000001,,,,2026-05-28T10:08:53
2473,1000560,custom_7,1.0,20260525,20260527,2,,2.4696,2.4696,1,2,0.5,-1.2459,3.7154999999999996,,,,2026-05-28T10:08:53
2474,1000560,custom_7,1.0,20260525,20260528,3,,,,0,2,0.0,,,,,,2026-05-28T10:08:53
2475,1000561,custom_7,1.0,20260525,20260526,1,1.16,3.58955,3.58955,1,2,0.5,-0.1733,3.7628500000000003,1,,,2026-05-28T10:08:53
2476,1000561,custom_7,1.0,20260525,20260527,2,-1.07,3.833,3.833,1,2,0.5,-1.2459,5.0789,0,,,2026-05-28T10:08:53
2477,1000561,custom_7,1.0,20260525,20260528,3,,,,0,2,0.0,,,,,,2026-05-28T10:08:53
2478,1000562,custom_7,1.0,20260525,20260526,1,,-4.872599999999999,-4.872599999999999,0,2,0.0,-0.1733,-4.699299999999999,,,,2026-05-28T10:08:53
2479,1000562,custom_7,1.0,20260525,20260527,2,,-5.2092,-5.2092,0,2,0.0,-1.2459,-3.9633000000000003,,,,2026-05-28T10:08:53
2480,1000562,custom_7,1.0,20260525,20260528,3,,,,0,2,0.0,,,,,,2026-05-28T10:08:53
2481,1000563,custom_7,1.0,20260525,20260526,1,,3.25805,3.25805,1,2,0.5,-0.1733,3.43135,,,,2026-05-28T10:08:53
2482,1000563,custom_7,1.0,20260525,20260527,2,,-6.8144,-6.8144,0,2,0.0,-1.2459,-5.5685,,,,2026-05-28T10:08:53
2483,1000563,custom_7,1.0,20260525,20260528,3,,,,0,2,0.0,,,,,,2026-05-28T10:08:54
2484,1000564,custom_7,1.0,20260525,20260526,1,,-1.1053,-1.1053,0,1,0.0,-0.1733,-0.9319999999999999,,,,2026-05-28T10:08:54
2485,1000564,custom_7,1.0,20260525,20260527,2,,0.0657,0.0657,0,1,0.0,-1.2459,1.3116,,,,2026-05-28T10:08:54
2486,1000564,custom_7,1.0,20260525,20260528,3,,,,0,1,0.0,,,,,,2026-05-28T10:08:54
2487,1000565,custom_7,1.0,20260525,20260526,1,,,,0,0,0.0,-0.1733,,,,,2026-05-28T10:08:54
2488,1000565,custom_7,1.0,20260525,20260527,2,,,,0,0,0.0,-1.2459,,,,,2026-05-28T10:08:54
2489,1000565,custom_7,1.0,20260525,20260528,3,,,,0,0,0.0,,,,,,2026-05-28T10:08:54
2490,1000566,custom_7,1.0,20260525,20260526,1,,-1.2569499999999998,-1.2569499999999998,1,4,0.25,-0.1733,-1.0836499999999998,,,,2026-05-28T10:08:54
2491,1000566,custom_7,1.0,20260525,20260527,2,,0.3359749999999999,0.3359749999999999,1,4,0.25,-1.2459,1.581875,,,,2026-05-28T10:08:54
2492,1000566,custom_7,1.0,20260525,20260528,3,,,,0,4,0.0,,,,,,2026-05-28T10:08:54
2493,1000567,custom_7,1.0,20260525,20260526,1,-2.48,-3.4014,-3.4014,0,1,0.0,-0.1733,-3.2281000000000004,0,,,2026-05-28T10:08:54
2494,1000567,custom_7,1.0,20260525,20260527,2,-2.02,-3.662,-3.662,0,1,0.0,-1.2459,-2.4161,0,,,2026-05-28T10:08:54
2495,1000567,custom_7,1.0,20260525,20260528,3,,,,0,1,0.0,,,,,,2026-05-28T10:08:54
2496,1000568,custom_7,1.0,20260525,20260526,1,-1.82,,,0,0,0.0,-0.1733,,0,,,2026-05-28T10:08:54
2497,1000568,custom_7,1.0,20260525,20260527,2,-2.87,,,0,0,0.0,-1.2459,,0,,,2026-05-28T10:08:54
2498,1000568,custom_7,1.0,20260525,20260528,3,,,,0,0,0.0,,,,,,2026-05-28T10:08:54
2499,1000569,custom_7,1.0,20260525,20260526,1,,,,0,0,0.0,-0.1733,,,,,2026-05-28T10:08:54
2500,1000569,custom_7,1.0,20260525,20260527,2,,,,0,0,0.0,-1.2459,,,,,2026-05-28T10:08:54
2501,1000569,custom_7,1.0,20260525,20260528,3,,,,0,0,0.0,,,,,,2026-05-28T10:08:54
2502,1000570,custom_7,1.0,20260525,20260526,1,,8.6982,8.6982,2,2,1.0,-0.1733,8.8715,,,,2026-05-28T10:08:54
2503,1000570,custom_7,1.0,20260525,20260527,2,,-3.9528,-3.9528,0,2,0.0,-1.2459,-2.7069,,,,2026-05-28T10:08:54
2504,1000570,custom_7,1.0,20260525,20260528,3,,,,0,2,0.0,,,,,,2026-05-28T10:08:54
2505,1000571,custom_7,1.0,20260525,20260526,1,,,,0,0,0.0,-0.1733,,,,,2026-05-28T10:08:55
2506,1000571,custom_7,1.0,20260525,20260527,2,,,,0,0,0.0,-1.2459,,,,,2026-05-28T10:08:55
2507,1000571,custom_7,1.0,20260525,20260528,3,,,,0,0,0.0,,,,,,2026-05-28T10:08:55
2508,1000572,custom_7,1.0,20260525,20260526,1,-0.64,,,0,0,0.0,-0.1733,,1,,,2026-05-28T10:08:55
2509,1000572,custom_7,1.0,20260525,20260527,2,-1.51,,,0,0,0.0,-1.2459,,1,,,2026-05-28T10:08:55
2510,1000572,custom_7,1.0,20260525,20260528,3,,,,0,0,0.0,,,,,,2026-05-28T10:08:55
2511,1000573,custom_7,1.0,20260525,20260526,1,,,,0,0,0.0,-0.1733,,,,,2026-05-28T10:08:55
2512,1000573,custom_7,1.0,20260525,20260527,2,,,,0,0,0.0,-1.2459,,,,,2026-05-28T10:08:55
2513,1000573,custom_7,1.0,20260525,20260528,3,,,,0,0,0.0,,,,,,2026-05-28T10:08:55
2514,1000574,speculator_data_driven,1.0,20260525,20260526,1,2.36,7.883633333333333,7.883633333333333,3,3,1.0,-0.1733,8.056933333333333,1,,,2026-05-28T10:08:55
2515,1000574,speculator_data_driven,1.0,20260525,20260527,2,-0.83,-1.7618,-1.7618,1,3,0.3333333333333333,-1.2459,-0.5159,0,,,2026-05-28T10:08:55
2516,1000574,speculator_data_driven,1.0,20260525,20260528,3,,,,0,3,0.0,,,,,,2026-05-28T10:08:55
2517,1000575,speculator_data_driven,1.0,20260525,20260526,1,-2.12,,,0,0,0.0,-0.1733,,0,,,2026-05-28T10:08:55
2518,1000575,speculator_data_driven,1.0,20260525,20260527,2,-3.3,,,0,0,0.0,-1.2459,,0,,,2026-05-28T10:08:55
2519,1000575,speculator_data_driven,1.0,20260525,20260528,3,,,,0,0,0.0,,,,,,2026-05-28T10:08:55
2520,1000576,speculator_data_driven,1.0,20260525,20260526,1,-0.83,,,0,0,0.0,-0.1733,,0,,,2026-05-28T10:08:55
2521,1000576,speculator_data_driven,1.0,20260525,20260527,2,-2.76,,,0,0,0.0,-1.2459,,0,,,2026-05-28T10:08:55
2522,1000576,speculator_data_driven,1.0,20260525,20260528,3,,,,0,0,0.0,,,,,,2026-05-28T10:08:55
2523,1000577,speculator_data_driven,1.0,20260525,20260526,1,1.16,10.0037,10.0037,1,1,1.0,-0.1733,10.177,1,,,2026-05-28T10:08:55
2524,1000577,speculator_data_driven,1.0,20260525,20260527,2,-1.07,-2.3018,-2.3018,0,1,0.0,-1.2459,-1.0559,0,,,2026-05-28T10:08:55
2525,1000577,speculator_data_driven,1.0,20260525,20260528,3,,,,0,1,0.0,,,,,,2026-05-28T10:08:55
2526,1000578,speculator_data_driven,1.0,20260525,20260526,1,-0.27,,,0,0,0.0,-0.1733,,1,,,2026-05-28T10:08:55
2527,1000578,speculator_data_driven,1.0,20260525,20260527,2,-3.19,,,0,0,0.0,-1.2459,,1,,,2026-05-28T10:08:55
2528,1000578,speculator_data_driven,1.0,20260525,20260528,3,,,,0,0,0.0,,,,,,2026-05-28T10:08:56
2529,1000579,speculator_data_driven,1.0,20260525,20260526,1,-1.39,,,0,0,0.0,-0.1733,,1,,,2026-05-28T10:08:56
2530,1000579,speculator_data_driven,1.0,20260525,20260527,2,-2.69,,,0,0,0.0,-1.2459,,1,,,2026-05-28T10:08:56
2531,1000579,speculator_data_driven,1.0,20260525,20260528,3,,,,0,0,0.0,,,,,,2026-05-28T10:08:56
2532,1000580,speculator_data_driven,1.0,20260525,20260526,1,-0.64,,,0,0,0.0,-0.1733,,1,,,2026-05-28T10:08:56
2533,1000580,speculator_data_driven,1.0,20260525,20260527,2,-1.51,,,0,0,0.0,-1.2459,,1,,,2026-05-28T10:08:56
2534,1000580,speculator_data_driven,1.0,20260525,20260528,3,,,,0,0,0.0,,,,,,2026-05-28T10:08:56
2535,1000581,speculator_data_driven,1.0,20260525,20260526,1,,4.7233,4.7233,1,1,1.0,-0.1733,4.8966,,,,2026-05-28T10:08:56
2536,1000581,speculator_data_driven,1.0,20260525,20260527,2,,-10.008,-10.008,0,1,0.0,-1.2459,-8.762099999999998,,,,2026-05-28T10:08:56
2537,1000581,speculator_data_driven,1.0,20260525,20260528,3,,,,0,1,0.0,,,,,,2026-05-28T10:08:56
2538,1000582,speculator_data_driven,1.0,20260525,20260526,1,-1.63,-1.1016,-1.1016,0,1,0.0,-0.1733,-0.9282999999999999,0,,,2026-05-28T10:08:56
2539,1000582,speculator_data_driven,1.0,20260525,20260527,2,-2.65,0.6188,0.6188,0,1,0.0,-1.2459,1.8647,0,,,2026-05-28T10:08:56
2540,1000582,speculator_data_driven,1.0,20260525,20260528,3,,,,0,1,0.0,,,,,,2026-05-28T10:08:56
2541,1000583,custom_6,1.0,20260525,20260526,1,2.36,1.87690625,1.87690625,8,16,0.5,-0.1733,2.05020625,1,,,2026-05-28T10:08:56
2542,1000583,custom_6,1.0,20260525,20260527,2,-0.83,-2.7759375,-2.7759375,2,16,0.125,-1.2459,-1.5300375,0,,,2026-05-28T10:08:56
2543,1000583,custom_6,1.0,20260525,20260528,3,,,,0,16,0.0,,,,,,2026-05-28T10:08:56
2544,1000584,custom_6,1.0,20260525,20260526,1,0.03,4.409625,4.409625,2,4,0.5,-0.1733,4.582925,1,,,2026-05-28T10:08:56
2545,1000584,custom_6,1.0,20260525,20260527,2,-2.06,-5.390925,-5.390925,0,4,0.0,-1.2459,-4.145025,0,,,2026-05-28T10:08:56
2546,1000584,custom_6,1.0,20260525,20260528,3,,,,0,4,0.0,,,,,,2026-05-28T10:08:56
2547,1000585,custom_6,1.0,20260525,20260526,1,-2.6,-3.4799,-3.4799,0,6,0.0,-0.1733,-3.3066000000000004,0,,,2026-05-28T10:08:56
2548,1000585,custom_6,1.0,20260525,20260527,2,-0.79,2.3891666666666667,2.3891666666666667,1,6,0.16666666666666666,-1.2459,3.635066666666667,0,,,2026-05-28T10:08:56
2549,1000585,custom_6,1.0,20260525,20260528,3,,,,0,6,0.0,,,,,,2026-05-28T10:08:56
2550,1000586,custom_6,1.0,20260525,20260526,1,,7.662875,7.662875,4,4,1.0,-0.1733,7.836175,,,,2026-05-28T10:08:56
2551,1000586,custom_6,1.0,20260525,20260527,2,,-4.524075,-4.524075,0,4,0.0,-1.2459,-3.278175,,,,2026-05-28T10:08:57
2552,1000586,custom_6,1.0,20260525,20260528,3,,,,0,4,0.0,,,,,,2026-05-28T10:08:57
2553,1000587,custom_6,1.0,20260525,20260526,1,-0.82,0.5743250000000001,0.5743250000000001,1,4,0.25,-0.1733,0.7476250000000001,0,,,2026-05-28T10:08:57
2554,1000587,custom_6,1.0,20260525,20260527,2,-3.03,-5.134600000000001,-5.134600000000001,0,4,0.0,-1.2459,-3.888700000000001,0,,,2026-05-28T10:08:57
2555,1000587,custom_6,1.0,20260525,20260528,3,,,,0,4,0.0,,,,,,2026-05-28T10:08:57
2556,1000588,custom_6,1.0,20260525,20260526,1,-1.58,-2.8057,-2.8057,0,3,0.0,-0.1733,-2.6323999999999996,0,,,2026-05-28T10:08:57
2557,1000588,custom_6,1.0,20260525,20260527,2,-2.17,-3.1975,-3.1975,0,3,0.0,-1.2459,-1.9515999999999998,0,,,2026-05-28T10:08:57
2558,1000588,custom_6,1.0,20260525,20260528,3,,,,0,3,0.0,,,,,,2026-05-28T10:08:57
2559,1000589,custom_6,1.0,20260525,20260526,1,,0.6668333333333334,0.6668333333333334,1,3,0.3333333333333333,-0.1733,0.8401333333333334,,,,2026-05-28T10:08:57
2560,1000589,custom_6,1.0,20260525,20260527,2,,2.1637999999999997,2.1637999999999997,1,3,0.3333333333333333,-1.2459,3.4097,,,,2026-05-28T10:08:57
2561,1000589,custom_6,1.0,20260525,20260528,3,,,,0,3,0.0,,,,,,2026-05-28T10:08:57
2562,1000590,custom_6,1.0,20260525,20260526,1,,-1.9567999999999999,-1.9567999999999999,0,2,0.0,-0.1733,-1.7834999999999999,,,,2026-05-28T10:08:57
2563,1000590,custom_6,1.0,20260525,20260527,2,,-2.02865,-2.02865,0,2,0.0,-1.2459,-0.7827499999999998,,,,2026-05-28T10:08:57
2564,1000590,custom_6,1.0,20260525,20260528,3,,,,0,2,0.0,,,,,,2026-05-28T10:08:57
2565,1000591,custom_6,1.0,20260525,20260526,1,,0.4847,0.4847,0,1,0.0,-0.1733,0.658,,,,2026-05-28T10:08:57
2566,1000591,custom_6,1.0,20260525,20260527,2,,0.3215,0.3215,0,1,0.0,-1.2459,1.5674000000000001,,,,2026-05-28T10:08:57
2567,1000591,custom_6,1.0,20260525,20260528,3,,,,0,1,0.0,,,,,,2026-05-28T10:08:57
2568,1000592,custom_6,1.0,20260525,20260526,1,,0.7092,0.7092,0,2,0.0,-0.1733,0.8825000000000001,,,,2026-05-28T10:08:57
2569,1000592,custom_6,1.0,20260525,20260527,2,,-0.43335,-0.43335,0,2,0.0,-1.2459,0.81255,,,,2026-05-28T10:08:57
2570,1000592,custom_6,1.0,20260525,20260528,3,,,,0,2,0.0,,,,,,2026-05-28T10:08:57
2571,1000593,custom_6,1.0,20260525,20260526,1,,,,0,0,0.0,-0.1733,,,,,2026-05-28T10:08:57
2572,1000593,custom_6,1.0,20260525,20260527,2,,,,0,0,0.0,-1.2459,,,,,2026-05-28T10:08:57
2573,1000593,custom_6,1.0,20260525,20260528,3,,,,0,0,0.0,,,,,,2026-05-28T10:08:57
2574,1000594,custom_6,1.0,20260525,20260526,1,,,,0,0,0.0,-0.1733,,,,,2026-05-28T10:08:58
2575,1000594,custom_6,1.0,20260525,20260527,2,,,,0,0,0.0,-1.2459,,,,,2026-05-28T10:08:58
2576,1000594,custom_6,1.0,20260525,20260528,3,,,,0,0,0.0,,,,,,2026-05-28T10:08:58
2577,1000595,custom_6,1.0,20260525,20260526,1,,,,0,0,0.0,-0.1733,,,,,2026-05-28T10:08:58
2578,1000595,custom_6,1.0,20260525,20260527,2,,,,0,0,0.0,-1.2459,,,,,2026-05-28T10:08:58
2579,1000595,custom_6,1.0,20260525,20260528,3,,,,0,0,0.0,,,,,,2026-05-28T10:08:58
2580,1000596,value,1.0,20260525,20260526,1,2.36,6.495,6.495,5,5,1.0,-0.1733,6.6683,1,,,2026-05-28T10:08:58
2581,1000596,value,1.0,20260525,20260527,2,-0.83,0.25461999999999996,0.25461999999999996,1,5,0.2,-1.2459,1.5005199999999999,0,,,2026-05-28T10:08:58
2582,1000596,value,1.0,20260525,20260528,3,,,,0,5,0.0,,,,,,2026-05-28T10:08:58
2583,1000597,value,1.0,20260525,20260526,1,,-3.3258400000000004,-3.3258400000000004,0,5,0.0,-0.1733,-3.15254,,,,2026-05-28T10:08:58
2584,1000597,value,1.0,20260525,20260527,2,,0.8827400000000001,0.8827400000000001,0,5,0.0,-1.2459,2.12864,,,,2026-05-28T10:08:58
2585,1000597,value,1.0,20260525,20260528,3,,,,0,5,0.0,,,,,,2026-05-28T10:08:58
2586,1000598,value,1.0,20260525,20260526,1,,7.89276,7.89276,5,5,1.0,-0.1733,8.06606,,,,2026-05-28T10:08:58
2587,1000598,value,1.0,20260525,20260527,2,,-4.81644,-4.81644,0,5,0.0,-1.2459,-3.5705400000000003,,,,2026-05-28T10:08:58
2588,1000598,value,1.0,20260525,20260528,3,,,,0,5,0.0,,,,,,2026-05-28T10:08:58
2589,1000599,value,1.0,20260525,20260526,1,,1.59312,1.59312,0,5,0.0,-0.1733,1.76642,,,,2026-05-28T10:08:58
2590,1000599,value,1.0,20260525,20260527,2,,-1.25672,-1.25672,0,5,0.0,-1.2459,-0.010820000000000052,,,,2026-05-28T10:08:58
2591,1000599,value,1.0,20260525,20260528,3,,,,0,5,0.0,,,,,,2026-05-28T10:08:58
2592,1000600,value,1.0,20260525,20260526,1,,-0.6139199999999999,-0.6139199999999999,1,5,0.2,-0.1733,-0.4406199999999999,,,,2026-05-28T10:08:58
2593,1000600,value,1.0,20260525,20260527,2,,1.39292,1.39292,2,5,0.4,-1.2459,2.63882,,,,2026-05-28T10:08:58
2594,1000600,value,1.0,20260525,20260528,3,,,,0,5,0.0,,,,,,2026-05-28T10:08:58
2595,1000601,value,1.0,20260525,20260526,1,-2.48,-4.13642,-4.13642,0,5,0.0,-0.1733,-3.96312,0,,,2026-05-28T10:08:59
2596,1000601,value,1.0,20260525,20260527,2,-2.02,-3.4808399999999997,-3.4808399999999997,0,5,0.0,-1.2459,-2.23494,0,,,2026-05-28T10:08:59
2597,1000601,value,1.0,20260525,20260528,3,,,,0,5,0.0,,,,,,2026-05-28T10:08:59
2598,1000602,standard,1.0,20260525,20260526,1,2.36,4.313055555555556,4.313055555555556,6,9,0.6666666666666666,-0.1733,4.486355555555556,1,,,2026-05-28T10:08:59
2599,1000602,standard,1.0,20260525,20260527,2,-0.83,-1.6391666666666669,-1.6391666666666669,2,9,0.2222222222222222,-1.2459,-0.3932666666666669,0,,,2026-05-28T10:08:59
2600,1000602,standard,1.0,20260525,20260528,3,,,,0,9,0.0,,,,,,2026-05-28T10:08:59
2601,1000603,standard,1.0,20260525,20260526,1,-1.61,-2.4206666666666665,-2.4206666666666665,0,6,0.0,-0.1733,-2.2473666666666663,0,,,2026-05-28T10:08:59
2602,1000603,standard,1.0,20260525,20260527,2,-0.86,2.3394333333333335,2.3394333333333335,2,6,0.3333333333333333,-1.2459,3.5853333333333337,0,,,2026-05-28T10:08:59
2603,1000603,standard,1.0,20260525,20260528,3,,,,0,6,0.0,,,,,,2026-05-28T10:08:59
2604,1000604,standard,1.0,20260525,20260526,1,,2.324075,2.324075,3,8,0.375,-0.1733,2.497375,,,,2026-05-28T10:08:59
2605,1000604,standard,1.0,20260525,20260527,2,,-2.123775,-2.123775,1,8,0.125,-1.2459,-0.8778750000000002,,,,2026-05-28T10:08:59
2606,1000604,standard,1.0,20260525,20260528,3,,,,0,8,0.0,,,,,,2026-05-28T10:08:59
2607,1000605,standard,1.0,20260525,20260526,1,,2.213975,2.213975,2,8,0.25,-0.1733,2.387275,,,,2026-05-28T10:08:59
2608,1000605,standard,1.0,20260525,20260527,2,,-3.0219875000000003,-3.0219875000000003,0,8,0.0,-1.2459,-1.7760875000000003,,,,2026-05-28T10:08:59
2609,1000605,standard,1.0,20260525,20260528,3,,,,0,8,0.0,,,,,,2026-05-28T10:08:59
2610,1000606,standard,1.0,20260525,20260526,1,-1.19,1.53235,1.53235,2,6,0.3333333333333333,-0.1733,1.70565,0,,,2026-05-28T10:08:59
2611,1000606,standard,1.0,20260525,20260527,2,-2.15,-0.4564166666666667,-0.4564166666666667,1,6,0.16666666666666666,-1.2459,0.7894833333333333,0,,,2026-05-28T10:08:59
2612,1000606,standard,1.0,20260525,20260528,3,,,,0,6,0.0,,,,,,2026-05-28T10:08:59
2613,1000607,standard,1.0,20260525,20260526,1,-2.48,-2.8989000000000003,-2.8989000000000003,0,5,0.0,-0.1733,-2.7256,0,,,2026-05-28T10:08:59
2614,1000607,standard,1.0,20260525,20260527,2,-2.02,-1.1499799999999998,-1.1499799999999998,1,5,0.2,-1.2459,0.09592000000000023,0,,,2026-05-28T10:08:59
2615,1000607,standard,1.0,20260525,20260528,3,,,,0,5,0.0,,,,,,2026-05-28T10:08:59
2616,1000608,standard,1.0,20260525,20260526,1,-2.44,-0.6903999999999998,-0.6903999999999998,1,7,0.14285714285714285,-0.1733,-0.5170999999999998,0,,,2026-05-28T10:08:59
2617,1000608,standard,1.0,20260525,20260527,2,-2.14,-1.5045714285714287,-1.5045714285714287,1,7,0.14285714285714285,-1.2459,-0.25867142857142866,0,,,2026-05-28T10:08:59
2618,1000608,standard,1.0,20260525,20260528,3,,,,0,7,0.0,,,,,,2026-05-28T10:08:59
2619,1000609,standard,1.0,20260525,20260526,1,-2.24,-2.80565,-2.80565,0,4,0.0,-0.1733,-2.6323499999999997,0,,,2026-05-28T10:09:00
2620,1000609,standard,1.0,20260525,20260527,2,-2.36,-3.872575,-3.872575,0,4,0.0,-1.2459,-2.6266749999999996,0,,,2026-05-28T10:09:00
2621,1000609,standard,1.0,20260525,20260528,3,,,,0,4,0.0,,,,,,2026-05-28T10:09:00
2622,1000610,standard,1.0,20260525,20260526,1,,1.21505,1.21505,1,4,0.25,-0.1733,1.38835,,,,2026-05-28T10:09:00
2623,1000610,standard,1.0,20260525,20260527,2,,-4.443099999999999,-4.443099999999999,0,4,0.0,-1.2459,-3.1971999999999996,,,,2026-05-28T10:09:00
2624,1000610,standard,1.0,20260525,20260528,3,,,,0,4,0.0,,,,,,2026-05-28T10:09:00
2625,1000611,standard,1.0,20260525,20260526,1,,0.21523333333333336,0.21523333333333336,0,3,0.0,-0.1733,0.3885333333333334,,,,2026-05-28T10:09:00
2626,1000611,standard,1.0,20260525,20260527,2,,-1.5047333333333333,-1.5047333333333333,0,3,0.0,-1.2459,-0.25883333333333325,,,,2026-05-28T10:09:00
2627,1000611,standard,1.0,20260525,20260528,3,,,,0,3,0.0,,,,,,2026-05-28T10:09:00
2628,1000612,speculator_scalper,1.0,20260525,20260526,1,2.36,4.819775,4.819775,3,4,0.75,-0.1733,4.993075,1,,,2026-05-28T10:09:00
2629,1000612,speculator_scalper,1.0,20260525,20260527,2,-0.83,-1.8174000000000001,-1.8174000000000001,1,4,0.25,-1.2459,-0.5715000000000001,0,,,2026-05-28T10:09:00
2630,1000612,speculator_scalper,1.0,20260525,20260528,3,,,,0,4,0.0,,,,,,2026-05-28T10:09:00
2631,1000613,speculator_scalper,1.0,20260525,20260526,1,-1.35,-1.59975,-1.59975,0,2,0.0,-0.1733,-1.42645,0,,,2026-05-28T10:09:00
2632,1000613,speculator_scalper,1.0,20260525,20260527,2,-2.77,-0.9406,-0.9406,0,2,0.0,-1.2459,0.3053,0,,,2026-05-28T10:09:00
2633,1000613,speculator_scalper,1.0,20260525,20260528,3,,,,0,2,0.0,,,,,,2026-05-28T10:09:00
2634,1000614,speculator_scalper,1.0,20260525,20260526,1,0.03,1.4696,1.4696,0,1,0.0,-0.1733,1.6429,1,,,2026-05-28T10:09:00
2635,1000614,speculator_scalper,1.0,20260525,20260527,2,-2.06,-8.6983,-8.6983,0,1,0.0,-1.2459,-7.4524,0,,,2026-05-28T10:09:00
2636,1000614,speculator_scalper,1.0,20260525,20260528,3,,,,0,1,0.0,,,,,,2026-05-28T10:09:00
2637,1000615,speculator_scalper,1.0,20260525,20260526,1,-1.39,,,0,0,0.0,-0.1733,,1,,,2026-05-28T10:09:00
2638,1000615,speculator_scalper,1.0,20260525,20260527,2,-2.69,,,0,0,0.0,-1.2459,,1,,,2026-05-28T10:09:00
2639,1000615,speculator_scalper,1.0,20260525,20260528,3,,,,0,0,0.0,,,,,,2026-05-28T10:09:00
2640,1000616,speculator_scalper,1.0,20260525,20260526,1,-0.64,,,0,0,0.0,-0.1733,,1,,,2026-05-28T10:09:00
2641,1000616,speculator_scalper,1.0,20260525,20260527,2,-1.51,,,0,0,0.0,-1.2459,,1,,,2026-05-28T10:09:01
2642,1000616,speculator_scalper,1.0,20260525,20260528,3,,,,0,0,0.0,,,,,,2026-05-28T10:09:01
2644,1000386,custom_1770292858,1.0,20260526,20260528,2,,,,0,6,0.0,,,,,,2026-05-28T10:09:01
2646,1000387,custom_1770292858,1.0,20260526,20260528,2,,,,0,7,0.0,,,,,,2026-05-28T10:09:01
2648,1000388,custom_1770292858,1.0,20260526,20260528,2,,,,0,4,0.0,,,,,,2026-05-28T10:09:01
2650,1000389,custom_1770292858,1.0,20260526,20260528,2,,,,0,3,0.0,,,,,,2026-05-28T10:09:01
2652,1000390,custom_1770292858,1.0,20260526,20260528,2,,,,0,2,0.0,,,,,,2026-05-28T10:09:01
2654,1000391,custom_1770292858,1.0,20260526,20260528,2,,,,0,5,0.0,,,,,,2026-05-28T10:09:01
2656,1000392,custom_1770292858,1.0,20260526,20260528,2,,,,0,2,0.0,,,,,,2026-05-28T10:09:01
2658,1000393,custom_1770292858,1.0,20260526,20260528,2,,,,0,3,0.0,,,,,,2026-05-28T10:09:01
2660,1000394,custom_1770292858,1.0,20260526,20260528,2,,,,0,2,0.0,,,,,,2026-05-28T10:09:01
2662,1000395,custom_1770292858,1.0,20260526,20260528,2,,,,0,2,0.0,,,,,,2026-05-28T10:09:01
2664,1000396,custom_1770292858,1.0,20260526,20260528,2,,,,0,2,0.0,,,,,,2026-05-28T10:09:02
2666,1000397,custom_1770292858,1.0,20260526,20260528,2,,,,0,0,0.0,,,,,,2026-05-28T10:09:02
2668,1000398,custom_1770292858,1.0,20260526,20260528,2,,,,0,0,0.0,,,,,,2026-05-28T10:09:02
2670,1000399,custom_1770292858,1.0,20260526,20260528,2,,,,0,1,0.0,,,,,,2026-05-28T10:09:02
2671,1000294,custom_1770292858,1.0,20260527,20260528,1,,,,0,6,0.0,,,,,,2026-05-28T10:09:14
2672,1000295,custom_1770292858,1.0,20260527,20260528,1,,,,0,6,0.0,,,,,,2026-05-28T10:09:14
2673,1000296,custom_1770292858,1.0,20260527,20260528,1,,,,0,2,0.0,,,,,,2026-05-28T10:09:14
2674,1000297,custom_1770292858,1.0,20260527,20260528,1,,,,0,1,0.0,,,,,,2026-05-28T10:09:14
2675,1000298,custom_1770292858,1.0,20260527,20260528,1,,,,0,4,0.0,,,,,,2026-05-28T10:09:14
2676,1000299,custom_1770292858,1.0,20260527,20260528,1,,,,0,4,0.0,,,,,,2026-05-28T10:09:14
2677,1000300,custom_1770292858,1.0,20260527,20260528,1,,,,0,2,0.0,,,,,,2026-05-28T10:09:14
2678,1000301,custom_1770292858,1.0,20260527,20260528,1,,,,0,2,0.0,,,,,,2026-05-28T10:09:15
2679,1000302,custom_1770292858,1.0,20260527,20260528,1,,,,0,1,0.0,,,,,,2026-05-28T10:09:15
2680,1000303,custom_1770292858,1.0,20260527,20260528,1,,,,0,2,0.0,,,,,,2026-05-28T10:09:15
2681,1000304,custom_1770292858,1.0,20260527,20260528,1,,,,0,0,0.0,,,,,,2026-05-28T10:09:15
2682,1000305,custom_1770292858,1.0,20260527,20260528,1,,,,0,0,0.0,,,,,,2026-05-28T10:09:15
2683,1000306,custom_1770292858,1.0,20260527,20260528,1,,,,0,3,0.0,,,,,,2026-05-28T10:09:15
3701,1000631,conservative,1.0,20260526,20260527,1,-0.83,-0.25296,-0.25296,1,5,0.2,-1.2459,0.9929399999999999,0,,,2026-05-28T10:09:02
3702,1000631,conservative,1.0,20260526,20260528,2,,,,0,5,0.0,,,,,,2026-05-28T10:09:02
3703,1000632,conservative,1.0,20260526,20260527,1,,-1.05978,-1.05978,0,5,0.0,-1.2459,0.18612000000000006,,,,2026-05-28T10:09:02
3704,1000632,conservative,1.0,20260526,20260528,2,,,,0,5,0.0,,,,,,2026-05-28T10:09:02
3705,1000633,conservative,1.0,20260526,20260527,1,-2.1,-2.44542,-2.44542,0,5,0.0,-1.2459,-1.19952,0,,,2026-05-28T10:09:02
3706,1000633,conservative,1.0,20260526,20260528,2,,,,0,5,0.0,,,,,,2026-05-28T10:09:02
3707,1000634,conservative,1.0,20260526,20260527,1,,0.28031999999999996,0.28031999999999996,1,5,0.2,-1.2459,1.52622,,,,2026-05-28T10:09:02
3708,1000634,conservative,1.0,20260526,20260528,2,,,,0,5,0.0,,,,,,2026-05-28T10:09:02
3709,1000635,conservative,1.0,20260526,20260527,1,,-0.9076599999999999,-0.9076599999999999,0,5,0.0,-1.2459,0.3382400000000001,,,,2026-05-28T10:09:02
3710,1000635,conservative,1.0,20260526,20260528,2,,,,0,5,0.0,,,,,,2026-05-28T10:09:02
3711,1000636,conservative,1.0,20260526,20260527,1,-0.86,-0.74224,-0.74224,0,5,0.0,-1.2459,0.50366,0,,,2026-05-28T10:09:02
3712,1000636,conservative,1.0,20260526,20260528,2,,,,0,5,0.0,,,,,,2026-05-28T10:09:02
3713,1000637,aggressive,1.0,20260526,20260527,1,,-4.04676,-4.04676,0,5,0.0,-1.2459,-2.80086,,,,2026-05-28T10:09:02
3714,1000637,aggressive,1.0,20260526,20260528,2,,,,0,5,0.0,,,,,,2026-05-28T10:09:03
3715,1000638,aggressive,1.0,20260526,20260527,1,,-0.0009600000000000275,-0.0009600000000000275,1,5,0.2,-1.2459,1.24494,,,,2026-05-28T10:09:03
3716,1000638,aggressive,1.0,20260526,20260528,2,,,,0,5,0.0,,,,,,2026-05-28T10:09:03
3717,1000639,aggressive,1.0,20260526,20260527,1,-0.08,4.3970199999999995,4.3970199999999995,3,5,0.6,-1.2459,5.642919999999999,0,,,2026-05-28T10:09:03
3718,1000639,aggressive,1.0,20260526,20260528,2,,,,0,5,0.0,,,,,,2026-05-28T10:09:03
3719,1000640,aggressive,1.0,20260526,20260527,1,-1.61,1.7134399999999999,1.7134399999999999,2,5,0.4,-1.2459,2.95934,0,,,2026-05-28T10:09:03
3720,1000640,aggressive,1.0,20260526,20260528,2,,,,0,5,0.0,,,,,,2026-05-28T10:09:03
3721,1000641,aggressive,1.0,20260526,20260527,1,,-1.73828,-1.73828,0,5,0.0,-1.2459,-0.49238000000000004,,,,2026-05-28T10:09:03
3722,1000641,aggressive,1.0,20260526,20260528,2,,,,0,5,0.0,,,,,,2026-05-28T10:09:03
3723,1000642,aggressive,1.0,20260526,20260527,1,-3.03,-2.6833199999999997,-2.6833199999999997,0,5,0.0,-1.2459,-1.4374199999999997,0,,,2026-05-28T10:09:03
3724,1000642,aggressive,1.0,20260526,20260528,2,,,,0,5,0.0,,,,,,2026-05-28T10:09:03
3725,1000643,custom_6,1.0,20260526,20260527,1,-1.07,-0.8402714285714286,-0.8402714285714286,3,14,0.21428571428571427,-1.2459,0.40562857142857145,0,,,2026-05-28T10:09:03
3726,1000643,custom_6,1.0,20260526,20260528,2,,,,0,14,0.0,,,,,,2026-05-28T10:09:03
3727,1000644,custom_6,1.0,20260526,20260527,1,-2.2,-5.752199999999999,-5.752199999999999,0,6,0.0,-1.2459,-4.5062999999999995,0,,,2026-05-28T10:09:03
3728,1000644,custom_6,1.0,20260526,20260528,2,,,,0,6,0.0,,,,,,2026-05-28T10:09:03
3729,1000645,custom_6,1.0,20260526,20260527,1,-2.87,-2.44668,-2.44668,0,5,0.0,-1.2459,-1.2007800000000002,0,,,2026-05-28T10:09:03
3730,1000645,custom_6,1.0,20260526,20260528,2,,,,0,5,0.0,,,,,,2026-05-28T10:09:03
3731,1000646,custom_6,1.0,20260526,20260527,1,-1.48,-3.8666,-3.8666,0,3,0.0,-1.2459,-2.6207000000000003,0,,,2026-05-28T10:09:03
3732,1000646,custom_6,1.0,20260526,20260528,2,,,,0,3,0.0,,,,,,2026-05-28T10:09:03
3733,1000647,custom_6,1.0,20260526,20260527,1,-3.03,-2.2689333333333335,-2.2689333333333335,0,3,0.0,-1.2459,-1.0230333333333335,0,,,2026-05-28T10:09:03
3734,1000647,custom_6,1.0,20260526,20260528,2,,,,0,3,0.0,,,,,,2026-05-28T10:09:03
3735,1000648,custom_6,1.0,20260526,20260527,1,,1.4204666666666668,1.4204666666666668,1,3,0.3333333333333333,-1.2459,2.6663666666666668,,,,2026-05-28T10:09:03
3736,1000648,custom_6,1.0,20260526,20260528,2,,,,0,3,0.0,,,,,,2026-05-28T10:09:04
3737,1000649,custom_6,1.0,20260526,20260527,1,-1.61,,,0,0,0.0,-1.2459,,0,,,2026-05-28T10:09:04
3738,1000649,custom_6,1.0,20260526,20260528,2,,,,0,0,0.0,,,,,,2026-05-28T10:09:04
3739,1000650,custom_6,1.0,20260526,20260527,1,-1.63,-2.41275,-2.41275,0,2,0.0,-1.2459,-1.16685,0,,,2026-05-28T10:09:04
3740,1000650,custom_6,1.0,20260526,20260528,2,,,,0,2,0.0,,,,,,2026-05-28T10:09:04
3741,1000651,custom_6,1.0,20260526,20260527,1,,-9.3991,-9.3991,0,1,0.0,-1.2459,-8.1532,,,,2026-05-28T10:09:04
3742,1000651,custom_6,1.0,20260526,20260528,2,,,,0,1,0.0,,,,,,2026-05-28T10:09:04
3743,1000652,custom_6,1.0,20260526,20260527,1,-1.88,-2.288,-2.288,0,1,0.0,-1.2459,-1.0420999999999998,1,,,2026-05-28T10:09:04
3744,1000652,custom_6,1.0,20260526,20260528,2,,,,0,1,0.0,,,,,,2026-05-28T10:09:04
3745,1000653,custom_6,1.0,20260526,20260527,1,-2.06,-3.8017,-3.8017,0,1,0.0,-1.2459,-2.5557999999999996,1,,,2026-05-28T10:09:04
3746,1000653,custom_6,1.0,20260526,20260528,2,,,,0,1,0.0,,,,,,2026-05-28T10:09:04
3747,1000654,custom_6,1.0,20260526,20260527,1,,,,0,0,0.0,-1.2459,,,,,2026-05-28T10:09:04
3748,1000654,custom_6,1.0,20260526,20260528,2,,,,0,0,0.0,,,,,,2026-05-28T10:09:04
3749,1000655,custom_6,1.0,20260526,20260527,1,,,,0,0,0.0,-1.2459,,,,,2026-05-28T10:09:04
3750,1000655,custom_6,1.0,20260526,20260528,2,,,,0,0,0.0,,,,,,2026-05-28T10:09:04
3751,1000656,custom_6,1.0,20260526,20260527,1,-2.02,,,0,0,0.0,-1.2459,,1,,,2026-05-28T10:09:04
3752,1000656,custom_6,1.0,20260526,20260528,2,,,,0,0,0.0,,,,,,2026-05-28T10:09:04
3753,1000657,custom_7,1.0,20260526,20260527,1,-1.07,2.770642857142857,2.770642857142857,2,7,0.2857142857142857,-1.2459,4.016542857142857,0,,,2026-05-28T10:09:04
3754,1000657,custom_7,1.0,20260526,20260528,2,,,,0,7,0.0,,,,,,2026-05-28T10:09:04
3755,1000658,custom_7,1.0,20260526,20260527,1,-3.03,-2.34434,-2.34434,1,5,0.2,-1.2459,-1.0984399999999999,0,,,2026-05-28T10:09:04
3756,1000658,custom_7,1.0,20260526,20260528,2,,,,0,5,0.0,,,,,,2026-05-28T10:09:04
3757,1000659,custom_7,1.0,20260526,20260527,1,,-3.05564,-3.05564,0,5,0.0,-1.2459,-1.80974,,,,2026-05-28T10:09:04
3758,1000659,custom_7,1.0,20260526,20260528,2,,,,0,5,0.0,,,,,,2026-05-28T10:09:05
3759,1000660,custom_7,1.0,20260526,20260527,1,-2.02,-1.6681000000000001,-1.6681000000000001,0,4,0.0,-1.2459,-0.42220000000000013,0,,,2026-05-28T10:09:05
3760,1000660,custom_7,1.0,20260526,20260528,2,,,,0,4,0.0,,,,,,2026-05-28T10:09:05
3761,1000661,custom_7,1.0,20260526,20260527,1,-0.08,1.992366666666667,1.992366666666667,2,3,0.6666666666666666,-1.2459,3.238266666666667,0,,,2026-05-28T10:09:05
3762,1000661,custom_7,1.0,20260526,20260528,2,,,,0,3,0.0,,,,,,2026-05-28T10:09:05
3763,1000662,custom_7,1.0,20260526,20260527,1,-2.77,-0.2836999999999999,-0.2836999999999999,0,3,0.0,-1.2459,0.9622000000000002,0,,,2026-05-28T10:09:05
3764,1000662,custom_7,1.0,20260526,20260528,2,,,,0,3,0.0,,,,,,2026-05-28T10:09:05
3765,1000663,custom_7,1.0,20260526,20260527,1,,-0.03936666666666666,-0.03936666666666666,0,3,0.0,-1.2459,1.2065333333333332,,,,2026-05-28T10:09:05
3766,1000663,custom_7,1.0,20260526,20260528,2,,,,0,3,0.0,,,,,,2026-05-28T10:09:05
3767,1000664,custom_7,1.0,20260526,20260527,1,-0.86,2.7593,2.7593,1,2,0.5,-1.2459,4.0052,0,,,2026-05-28T10:09:05
3768,1000664,custom_7,1.0,20260526,20260528,2,,,,0,2,0.0,,,,,,2026-05-28T10:09:05
3769,1000665,custom_7,1.0,20260526,20260527,1,-0.86,-1.2744,-1.2744,0,3,0.0,-1.2459,-0.02849999999999997,0,,,2026-05-28T10:09:05
3770,1000665,custom_7,1.0,20260526,20260528,2,,,,0,3,0.0,,,,,,2026-05-28T10:09:05
3771,1000666,custom_7,1.0,20260526,20260527,1,-1.61,5.42085,5.42085,1,2,0.5,-1.2459,6.6667499999999995,0,,,2026-05-28T10:09:05
3772,1000666,custom_7,1.0,20260526,20260528,2,,,,0,2,0.0,,,,,,2026-05-28T10:09:05
3773,1000667,custom_7,1.0,20260526,20260527,1,-1.48,-4.07875,-4.07875,0,2,0.0,-1.2459,-2.8328500000000005,0,,,2026-05-28T10:09:05
3774,1000667,custom_7,1.0,20260526,20260528,2,,,,0,2,0.0,,,,,,2026-05-28T10:09:05
3775,1000668,custom_7,1.0,20260526,20260527,1,-1.21,-3.1528,-3.1528,0,2,0.0,-1.2459,-1.9069,0,,,2026-05-28T10:09:05
3776,1000668,custom_7,1.0,20260526,20260528,2,,,,0,2,0.0,,,,,,2026-05-28T10:09:05
3777,1000669,custom_7,1.0,20260526,20260527,1,,11.579799999999999,11.579799999999999,2,2,1.0,-1.2459,12.8257,,,,2026-05-28T10:09:05
3778,1000669,custom_7,1.0,20260526,20260528,2,,,,0,2,0.0,,,,,,2026-05-28T10:09:05
3779,1000670,custom_7,1.0,20260526,20260527,1,-3.2,-4.8719,-4.8719,0,2,0.0,-1.2459,-3.6260000000000003,1,,,2026-05-28T10:09:06
3780,1000670,custom_7,1.0,20260526,20260528,2,,,,0,2,0.0,,,,,,2026-05-28T10:09:06
3781,1000671,custom_7,1.0,20260526,20260527,1,,,,0,0,0.0,-1.2459,,,,,2026-05-28T10:09:06
3782,1000671,custom_7,1.0,20260526,20260528,2,,,,0,0,0.0,,,,,,2026-05-28T10:09:06
3783,1000672,custom_7,1.0,20260526,20260527,1,-2.89,,,0,0,0.0,-1.2459,,1,,,2026-05-28T10:09:06
3784,1000672,custom_7,1.0,20260526,20260528,2,,,,0,0,0.0,,,,,,2026-05-28T10:09:06
3785,1000673,custom_7,1.0,20260526,20260527,1,-2.06,2.801,2.801,0,1,0.0,-1.2459,4.0469,1,,,2026-05-28T10:09:06
3786,1000673,custom_7,1.0,20260526,20260528,2,,,,0,1,0.0,,,,,,2026-05-28T10:09:06
3787,1000674,custom_1770292858,1.0,20260526,20260527,1,,-0.3267499999999999,-0.3267499999999999,1,4,0.25,-1.2459,0.9191500000000001,,,,2026-05-28T10:09:06
3788,1000674,custom_1770292858,1.0,20260526,20260528,2,,,,0,4,0.0,,,,,,2026-05-28T10:09:06
3789,1000675,custom_1770292858,1.0,20260526,20260527,1,-2.2,1.6567749999999999,1.6567749999999999,2,4,0.5,-1.2459,2.902675,0,,,2026-05-28T10:09:06
3790,1000675,custom_1770292858,1.0,20260526,20260528,2,,,,0,4,0.0,,,,,,2026-05-28T10:09:06
3791,1000676,custom_1770292858,1.0,20260526,20260527,1,,2.8421,2.8421,1,4,0.25,-1.2459,4.088,,,,2026-05-28T10:09:06
3792,1000676,custom_1770292858,1.0,20260526,20260528,2,,,,0,4,0.0,,,,,,2026-05-28T10:09:06
3793,1000677,custom_1770292858,1.0,20260526,20260527,1,-1.08,2.3353,2.3353,1,2,0.5,-1.2459,3.5812,0,,,2026-05-28T10:09:06
3794,1000677,custom_1770292858,1.0,20260526,20260528,2,,,,0,2,0.0,,,,,,2026-05-28T10:09:06
3795,1000678,custom_1770292858,1.0,20260526,20260527,1,,1.48055,1.48055,0,2,0.0,-1.2459,2.72645,,,,2026-05-28T10:09:06
3796,1000678,custom_1770292858,1.0,20260526,20260528,2,,,,0,2,0.0,,,,,,2026-05-28T10:09:06
3797,1000679,custom_1770292858,1.0,20260526,20260527,1,-3.03,-0.70835,-0.70835,0,2,0.0,-1.2459,0.53755,0,,,2026-05-28T10:09:06
3798,1000679,custom_1770292858,1.0,20260526,20260528,2,,,,0,2,0.0,,,,,,2026-05-28T10:09:06
3799,1000680,custom_1770292858,1.0,20260526,20260527,1,,0.8622000000000001,0.8622000000000001,1,2,0.5,-1.2459,2.1081000000000003,,,,2026-05-28T10:09:06
3800,1000680,custom_1770292858,1.0,20260526,20260528,2,,,,0,2,0.0,,,,,,2026-05-28T10:09:06
3801,1000681,custom_1770292858,1.0,20260526,20260527,1,,1.9065,1.9065,0,1,0.0,-1.2459,3.1524,,,,2026-05-28T10:09:07
3802,1000681,custom_1770292858,1.0,20260526,20260528,2,,,,0,1,0.0,,,,,,2026-05-28T10:09:07
3803,1000682,custom_1770292858,1.0,20260526,20260527,1,,-2.1238,-2.1238,0,2,0.0,-1.2459,-0.8779000000000001,,,,2026-05-28T10:09:07
3804,1000682,custom_1770292858,1.0,20260526,20260528,2,,,,0,2,0.0,,,,,,2026-05-28T10:09:07
3805,1000683,custom_1770292858,1.0,20260526,20260527,1,,2.6136,2.6136,0,2,0.0,-1.2459,3.8594999999999997,,,,2026-05-28T10:09:07
3806,1000683,custom_1770292858,1.0,20260526,20260528,2,,,,0,2,0.0,,,,,,2026-05-28T10:09:07
3807,1000684,custom_1770292858,1.0,20260526,20260527,1,-2.89,,,0,0,0.0,-1.2459,,1,,,2026-05-28T10:09:07
3808,1000684,custom_1770292858,1.0,20260526,20260528,2,,,,0,0,0.0,,,,,,2026-05-28T10:09:07
3809,1000685,custom_1770292858,1.0,20260526,20260527,1,-2.36,,,0,0,0.0,-1.2459,,1,,,2026-05-28T10:09:07
3810,1000685,custom_1770292858,1.0,20260526,20260528,2,,,,0,0,0.0,,,,,,2026-05-28T10:09:07
3811,1000686,custom_1770292858,1.0,20260526,20260527,1,-1.71,,,0,0,0.0,-1.2459,,1,,,2026-05-28T10:09:07
3812,1000686,custom_1770292858,1.0,20260526,20260528,2,,,,0,0,0.0,,,,,,2026-05-28T10:09:07
3813,1000687,comprehensive,1.0,20260526,20260527,1,,4.952100000000001,4.952100000000001,2,3,0.6666666666666666,-1.2459,6.198,,,,2026-05-28T10:09:07
3814,1000687,comprehensive,1.0,20260526,20260528,2,,,,0,3,0.0,,,,,,2026-05-28T10:09:07
3815,1000688,comprehensive,1.0,20260526,20260527,1,-3.03,2.3788,2.3788,1,2,0.5,-1.2459,3.6247,0,,,2026-05-28T10:09:07
3816,1000688,comprehensive,1.0,20260526,20260528,2,,,,0,2,0.0,,,,,,2026-05-28T10:09:07
3817,1000689,comprehensive,1.0,20260526,20260527,1,-2.03,-1.104,-1.104,0,1,0.0,-1.2459,0.14189999999999992,0,,,2026-05-28T10:09:07
3818,1000689,comprehensive,1.0,20260526,20260528,2,,,,0,1,0.0,,,,,,2026-05-28T10:09:07
3819,1000690,comprehensive,1.0,20260526,20260527,1,,-0.2836999999999999,-0.2836999999999999,0,3,0.0,-1.2459,0.9622000000000002,,,,2026-05-28T10:09:07
3820,1000690,comprehensive,1.0,20260526,20260528,2,,,,0,3,0.0,,,,,,2026-05-28T10:09:07
3821,1000698,custom_1769178949,1.0,20260526,20260527,1,,-2.423,-2.423,1,11,0.09090909090909091,-1.2459,-1.1771,,,,2026-05-28T10:09:08
3822,1000698,custom_1769178949,1.0,20260526,20260528,2,,,,0,11,0.0,,,,,,2026-05-28T10:09:08
3823,1000699,custom_1769178949,1.0,20260526,20260527,1,-0.83,-0.6406000000000001,-0.6406000000000001,2,8,0.25,-1.2459,0.6053,0,,,2026-05-28T10:09:08
3824,1000699,custom_1769178949,1.0,20260526,20260528,2,,,,0,8,0.0,,,,,,2026-05-28T10:09:08
3825,1000700,custom_1769178949,1.0,20260526,20260527,1,,-0.611575,-0.611575,1,8,0.125,-1.2459,0.634325,,,,2026-05-28T10:09:08
3826,1000700,custom_1769178949,1.0,20260526,20260528,2,,,,0,8,0.0,,,,,,2026-05-28T10:09:08
3827,1000701,custom_1769178949,1.0,20260526,20260527,1,-3.03,-4.48585,-4.48585,0,2,0.0,-1.2459,-3.2399500000000003,0,,,2026-05-28T10:09:08
3828,1000701,custom_1769178949,1.0,20260526,20260528,2,,,,0,2,0.0,,,,,,2026-05-28T10:09:08
3829,1000702,custom_1769178949,1.0,20260526,20260527,1,-2.2,-7.1433,-7.1433,0,1,0.0,-1.2459,-5.8974,0,,,2026-05-28T10:09:08
3830,1000702,custom_1769178949,1.0,20260526,20260528,2,,,,0,1,0.0,,,,,,2026-05-28T10:09:08
3831,1000703,custom_1769178949,1.0,20260526,20260527,1,,0.4672,0.4672,0,3,0.0,-1.2459,1.7131,,,,2026-05-28T10:09:09
3832,1000703,custom_1769178949,1.0,20260526,20260528,2,,,,0,3,0.0,,,,,,2026-05-28T10:09:09
3833,1000704,custom_1769178949,1.0,20260526,20260527,1,,1.1105999999999998,1.1105999999999998,0,2,0.0,-1.2459,2.3564999999999996,,,,2026-05-28T10:09:09
3834,1000704,custom_1769178949,1.0,20260526,20260528,2,,,,0,2,0.0,,,,,,2026-05-28T10:09:09
3835,1000705,custom_1769178949,1.0,20260526,20260527,1,-3.03,-5.13145,-5.13145,0,2,0.0,-1.2459,-3.8855500000000003,1,,,2026-05-28T10:09:09
3836,1000705,custom_1769178949,1.0,20260526,20260528,2,,,,0,2,0.0,,,,,,2026-05-28T10:09:09
3837,1000706,custom_1769178949,1.0,20260526,20260527,1,-1.61,1.8980666666666668,1.8980666666666668,1,3,0.3333333333333333,-1.2459,3.1439666666666666,0,,,2026-05-28T10:09:09
3838,1000706,custom_1769178949,1.0,20260526,20260528,2,,,,0,3,0.0,,,,,,2026-05-28T10:09:09
3839,1000707,custom_1769178949,1.0,20260526,20260527,1,-2.02,-3.2833,-3.2833,0,2,0.0,-1.2459,-2.0374,0,,,2026-05-28T10:09:09
3840,1000707,custom_1769178949,1.0,20260526,20260528,2,,,,0,2,0.0,,,,,,2026-05-28T10:09:09
3841,1000708,custom_1769178949,1.0,20260526,20260527,1,,0.8622000000000001,0.8622000000000001,1,2,0.5,-1.2459,2.1081000000000003,,,,2026-05-28T10:09:09
3842,1000708,custom_1769178949,1.0,20260526,20260528,2,,,,0,2,0.0,,,,,,2026-05-28T10:09:09
3843,1000709,custom_1769178949,1.0,20260526,20260527,1,,-5.287,-5.287,0,1,0.0,-1.2459,-4.0411,,,,2026-05-28T10:09:09
3844,1000709,custom_1769178949,1.0,20260526,20260528,2,,,,0,1,0.0,,,,,,2026-05-28T10:09:09
3845,1000710,custom_1769178949,1.0,20260526,20260527,1,-2.17,-2.4758,-2.4758,0,1,0.0,-1.2459,-1.2299,0,,,2026-05-28T10:09:09
3846,1000710,custom_1769178949,1.0,20260526,20260528,2,,,,0,1,0.0,,,,,,2026-05-28T10:09:09
3847,1000711,custom_1769178949,1.0,20260526,20260527,1,,-3.8038,-3.8038,0,1,0.0,-1.2459,-2.5579,,,,2026-05-28T10:09:09
3848,1000711,custom_1769178949,1.0,20260526,20260528,2,,,,0,1,0.0,,,,,,2026-05-28T10:09:09
3849,1000712,custom_1769178949,1.0,20260526,20260527,1,-2.89,,,0,0,0.0,-1.2459,,1,,,2026-05-28T10:09:09
3850,1000712,custom_1769178949,1.0,20260526,20260528,2,,,,0,0,0.0,,,,,,2026-05-28T10:09:09
3851,1000713,custom_1769178949,1.0,20260526,20260527,1,-2.36,,,0,0,0.0,-1.2459,,1,,,2026-05-28T10:09:09
3852,1000713,custom_1769178949,1.0,20260526,20260528,2,,,,0,0,0.0,,,,,,2026-05-28T10:09:09
3853,1000714,custom_1769178949,1.0,20260526,20260527,1,,,,0,0,0.0,-1.2459,,,,,2026-05-28T10:09:10
3854,1000714,custom_1769178949,1.0,20260526,20260528,2,,,,0,0,0.0,,,,,,2026-05-28T10:09:10
3855,1000715,short_term,1.0,20260526,20260527,1,-1.07,2.4177833333333334,2.4177833333333334,2,6,0.3333333333333333,-1.2459,3.663683333333333,0,,,2026-05-28T10:09:10
3856,1000715,short_term,1.0,20260526,20260528,2,,,,0,6,0.0,,,,,,2026-05-28T10:09:10
3857,1000716,short_term,1.0,20260526,20260527,1,,-4.608466666666667,-4.608466666666667,0,3,0.0,-1.2459,-3.362566666666667,,,,2026-05-28T10:09:10
3858,1000716,short_term,1.0,20260526,20260528,2,,,,0,3,0.0,,,,,,2026-05-28T10:09:10
3859,1000717,short_term,1.0,20260526,20260527,1,-2.77,-2.8829,-2.8829,0,3,0.0,-1.2459,-1.6369999999999998,0,,,2026-05-28T10:09:10
3860,1000717,short_term,1.0,20260526,20260528,2,,,,0,3,0.0,,,,,,2026-05-28T10:09:10
3861,1000718,short_term,1.0,20260526,20260527,1,-2.87,-3.63,-3.63,0,2,0.0,-1.2459,-2.3841,0,,,2026-05-28T10:09:10
3862,1000718,short_term,1.0,20260526,20260528,2,,,,0,2,0.0,,,,,,2026-05-28T10:09:10
3863,1000719,short_term,1.0,20260526,20260527,1,,,,0,0,0.0,-1.2459,,,,,2026-05-28T10:09:10
3864,1000719,short_term,1.0,20260526,20260528,2,,,,0,0,0.0,,,,,,2026-05-28T10:09:10
3865,1000720,short_term,1.0,20260526,20260527,1,-3.2,,,0,0,0.0,-1.2459,,0,,,2026-05-28T10:09:10
3866,1000720,short_term,1.0,20260526,20260528,2,,,,0,0,0.0,,,,,,2026-05-28T10:09:10
3867,1000721,short_term,1.0,20260526,20260527,1,,,,0,0,0.0,-1.2459,,,,,2026-05-28T10:09:10
3868,1000721,short_term,1.0,20260526,20260528,2,,,,0,0,0.0,,,,,,2026-05-28T10:09:10
3869,1000732,speculator_data_driven,1.0,20260526,20260527,1,-0.83,-0.8679333333333336,-0.8679333333333336,1,3,0.3333333333333333,-1.2459,0.37796666666666645,0,,,2026-05-28T10:09:11
3870,1000732,speculator_data_driven,1.0,20260526,20260528,2,,,,0,3,0.0,,,,,,2026-05-28T10:09:11
3871,1000733,speculator_data_driven,1.0,20260526,20260527,1,-1.07,9.2309,9.2309,1,1,1.0,-1.2459,10.4768,0,,,2026-05-28T10:09:12
3872,1000733,speculator_data_driven,1.0,20260526,20260528,2,,,,0,1,0.0,,,,,,2026-05-28T10:09:12
3873,1000734,speculator_data_driven,1.0,20260526,20260527,1,-3.2,,,0,0,0.0,-1.2459,,0,,,2026-05-28T10:09:12
3874,1000734,speculator_data_driven,1.0,20260526,20260528,2,,,,0,0,0.0,,,,,,2026-05-28T10:09:12
3875,1000735,speculator_data_driven,1.0,20260526,20260527,1,-2.89,,,0,0,0.0,-1.2459,,1,,,2026-05-28T10:09:12
3876,1000735,speculator_data_driven,1.0,20260526,20260528,2,,,,0,0,0.0,,,,,,2026-05-28T10:09:12
3877,1000736,speculator_data_driven,1.0,20260526,20260527,1,-1.91,,,0,0,0.0,-1.2459,,1,,,2026-05-28T10:09:12
3878,1000736,speculator_data_driven,1.0,20260526,20260528,2,,,,0,0,0.0,,,,,,2026-05-28T10:09:12
3879,1000737,speculator_data_driven,1.0,20260526,20260527,1,-1.71,,,0,0,0.0,-1.2459,,1,,,2026-05-28T10:09:12
3880,1000737,speculator_data_driven,1.0,20260526,20260528,2,,,,0,0,0.0,,,,,,2026-05-28T10:09:12
3881,1000738,speculator_data_driven,1.0,20260526,20260527,1,-2.03,-1.104,-1.104,0,1,0.0,-1.2459,0.14189999999999992,0,,,2026-05-28T10:09:12
3882,1000738,speculator_data_driven,1.0,20260526,20260528,2,,,,0,1,0.0,,,,,,2026-05-28T10:09:12
3883,1000739,speculator_data_driven,1.0,20260526,20260527,1,,-0.2256,-0.2256,0,1,0.0,-1.2459,1.0203,,,,2026-05-28T10:09:12
3884,1000739,speculator_data_driven,1.0,20260526,20260528,2,,,,0,1,0.0,,,,,,2026-05-28T10:09:12
3885,1000746,standard,1.0,20260526,20260527,1,-2.2,-2.436775,-2.436775,1,4,0.25,-1.2459,-1.190875,0,,,2026-05-28T10:09:13
3886,1000746,standard,1.0,20260526,20260528,2,,,,0,4,0.0,,,,,,2026-05-28T10:09:13
3887,1000747,standard,1.0,20260526,20260527,1,-2.87,-3.746,-3.746,0,2,0.0,-1.2459,-2.5000999999999998,0,,,2026-05-28T10:09:13
3888,1000747,standard,1.0,20260526,20260528,2,,,,0,2,0.0,,,,,,2026-05-28T10:09:13
3889,1000748,standard,1.0,20260526,20260527,1,-2.02,-0.528825,-0.528825,1,4,0.25,-1.2459,0.717075,0,,,2026-05-28T10:09:13
3890,1000748,standard,1.0,20260526,20260528,2,,,,0,4,0.0,,,,,,2026-05-28T10:09:13
3891,1000749,standard,1.0,20260526,20260527,1,,0.3062666666666667,0.3062666666666667,0,3,0.0,-1.2459,1.5521666666666667,,,,2026-05-28T10:09:13
3892,1000749,standard,1.0,20260526,20260528,2,,,,0,3,0.0,,,,,,2026-05-28T10:09:13
3893,1000750,standard,1.0,20260526,20260527,1,,-1.4872499999999997,-1.4872499999999997,0,6,0.0,-1.2459,-0.24134999999999973,,,,2026-05-28T10:09:13
3894,1000750,standard,1.0,20260526,20260528,2,,,,0,6,0.0,,,,,,2026-05-28T10:09:13
3895,1000751,standard,1.0,20260526,20260527,1,-2.17,,,0,0,0.0,-1.2459,,0,,,2026-05-28T10:09:13
3896,1000751,standard,1.0,20260526,20260528,2,,,,0,0,0.0,,,,,,2026-05-28T10:09:14
3897,1000752,standard,1.0,20260526,20260527,1,-1.63,-3.1255499999999996,-3.1255499999999996,0,2,0.0,-1.2459,-1.8796499999999996,0,,,2026-05-28T10:09:14
3898,1000752,standard,1.0,20260526,20260528,2,,,,0,2,0.0,,,,,,2026-05-28T10:09:14
3899,1000753,standard,1.0,20260526,20260527,1,,-2.69565,-2.69565,0,2,0.0,-1.2459,-1.44975,,,,2026-05-28T10:09:14
3900,1000753,standard,1.0,20260526,20260528,2,,,,0,2,0.0,,,,,,2026-05-28T10:09:14
3901,1000754,standard,1.0,20260526,20260527,1,-0.86,-1.6282333333333334,-1.6282333333333334,0,3,0.0,-1.2459,-0.3823333333333334,0,,,2026-05-28T10:09:14
3902,1000754,standard,1.0,20260526,20260528,2,,,,0,3,0.0,,,,,,2026-05-28T10:09:14
3903,1000755,standard,1.0,20260526,20260527,1,,-3.506625,-3.506625,0,4,0.0,-1.2459,-2.260725,,,,2026-05-28T10:09:14
3904,1000755,standard,1.0,20260526,20260528,2,,,,0,4,0.0,,,,,,2026-05-28T10:09:14
3905,1000722,speculator_scalper,1.0,20260526,20260527,1,-1.07,2.8127,2.8127,1,2,0.5,-1.2459,4.0586,0,,,2026-05-28T10:09:10
3906,1000722,speculator_scalper,1.0,20260526,20260528,2,,,,0,2,0.0,,,,,,2026-05-28T10:09:10
3907,1000723,speculator_scalper,1.0,20260526,20260527,1,-3.03,-0.2256,-0.2256,0,1,0.0,-1.2459,1.0203,1,,,2026-05-28T10:09:10
3908,1000723,speculator_scalper,1.0,20260526,20260528,2,,,,0,1,0.0,,,,,,2026-05-28T10:09:10
3909,1000724,speculator_scalper,1.0,20260526,20260527,1,,,,0,0,0.0,-1.2459,,,,,2026-05-28T10:09:10
3910,1000724,speculator_scalper,1.0,20260526,20260528,2,,,,0,0,0.0,,,,,,2026-05-28T10:09:11
3911,1000725,speculator_scalper,1.0,20260526,20260527,1,-3.2,9.9884,9.9884,1,1,1.0,-1.2459,11.234300000000001,0,,,2026-05-28T10:09:11
3912,1000725,speculator_scalper,1.0,20260526,20260528,2,,,,0,1,0.0,,,,,,2026-05-28T10:09:11
3913,1000726,speculator_scalper,1.0,20260526,20260527,1,,-9.3991,-9.3991,0,1,0.0,-1.2459,-8.1532,,,,2026-05-28T10:09:11
3914,1000726,speculator_scalper,1.0,20260526,20260528,2,,,,0,1,0.0,,,,,,2026-05-28T10:09:11
3915,1000727,speculator_scalper,1.0,20260526,20260527,1,,,,0,0,0.0,-1.2459,,,,,2026-05-28T10:09:11
3916,1000727,speculator_scalper,1.0,20260526,20260528,2,,,,0,0,0.0,,,,,,2026-05-28T10:09:11
3917,1000728,speculator_scalper,1.0,20260526,20260527,1,-3.54,,,0,0,0.0,-1.2459,,1,,,2026-05-28T10:09:11
3918,1000728,speculator_scalper,1.0,20260526,20260528,2,,,,0,0,0.0,,,,,,2026-05-28T10:09:11
3919,1000729,speculator_scalper,1.0,20260526,20260527,1,-1.78,,,0,0,0.0,-1.2459,,1,,,2026-05-28T10:09:11
3920,1000729,speculator_scalper,1.0,20260526,20260528,2,,,,0,0,0.0,,,,,,2026-05-28T10:09:11
3921,1000730,speculator_scalper,1.0,20260526,20260527,1,-2.06,2.801,2.801,0,1,0.0,-1.2459,4.0469,1,,,2026-05-28T10:09:11
3922,1000730,speculator_scalper,1.0,20260526,20260528,2,,,,0,1,0.0,,,,,,2026-05-28T10:09:11
3923,1000731,speculator_scalper,1.0,20260526,20260527,1,-1.88,-2.288,-2.288,0,1,0.0,-1.2459,-1.0420999999999998,1,,,2026-05-28T10:09:11
3924,1000731,speculator_scalper,1.0,20260526,20260528,2,,,,0,1,0.0,,,,,,2026-05-28T10:09:11
3925,1000740,value,1.0,20260526,20260527,1,-1.07,2.5200400000000003,2.5200400000000003,2,5,0.4,-1.2459,3.7659400000000005,0,,,2026-05-28T10:09:12
3926,1000740,value,1.0,20260526,20260528,2,,,,0,5,0.0,,,,,,2026-05-28T10:09:12
3927,1000741,value,1.0,20260526,20260527,1,-2.2,-2.5801,-2.5801,1,5,0.2,-1.2459,-1.3341999999999998,0,,,2026-05-28T10:09:12
3928,1000741,value,1.0,20260526,20260528,2,,,,0,5,0.0,,,,,,2026-05-28T10:09:12
3929,1000742,value,1.0,20260526,20260527,1,,-0.61274,-0.61274,0,5,0.0,-1.2459,0.6331600000000001,,,,2026-05-28T10:09:13
3930,1000742,value,1.0,20260526,20260528,2,,,,0,5,0.0,,,,,,2026-05-28T10:09:13
3931,1000743,value,1.0,20260526,20260527,1,-0.86,-1.3750399999999998,-1.3750399999999998,0,5,0.0,-1.2459,-0.1291399999999998,0,,,2026-05-28T10:09:13
3932,1000743,value,1.0,20260526,20260528,2,,,,0,5,0.0,,,,,,2026-05-28T10:09:13
3933,1000744,value,1.0,20260526,20260527,1,-2.47,-3.9952199999999998,-3.9952199999999998,0,5,0.0,-1.2459,-2.74932,0,,,2026-05-28T10:09:13
3934,1000744,value,1.0,20260526,20260528,2,,,,0,5,0.0,,,,,,2026-05-28T10:09:13
3935,1000745,value,1.0,20260526,20260527,1,,1.35474,1.35474,1,5,0.2,-1.2459,2.6006400000000003,,,,2026-05-28T10:09:13
3936,1000745,value,1.0,20260526,20260528,2,,,,0,5,0.0,,,,,,2026-05-28T10:09:13
3970,1000691,comprehensive,1.0,20260526,20260527,1,,-1.7333,-1.7333,0,2,0.0,-1.2459,-0.48740000000000006,,,,2026-05-28T10:09:07
3971,1000691,comprehensive,1.0,20260526,20260528,2,,,,0,2,0.0,,,,,,2026-05-28T10:09:07
3972,1000692,comprehensive,1.0,20260526,20260527,1,-0.64,2.17975,2.17975,1,2,0.5,-1.2459,3.42565,0,,,2026-05-28T10:09:08
3973,1000692,comprehensive,1.0,20260526,20260528,2,,,,0,2,0.0,,,,,,2026-05-28T10:09:08
3974,1000693,comprehensive,1.0,20260526,20260527,1,-2.2,-4.7189000000000005,-4.7189000000000005,0,3,0.0,-1.2459,-3.4730000000000008,0,,,2026-05-28T10:09:08
3975,1000693,comprehensive,1.0,20260526,20260528,2,,,,0,3,0.0,,,,,,2026-05-28T10:09:08
3976,1000694,comprehensive,1.0,20260526,20260527,1,,,,0,0,0.0,-1.2459,,,,,2026-05-28T10:09:08
3977,1000694,comprehensive,1.0,20260526,20260528,2,,,,0,0,0.0,,,,,,2026-05-28T10:09:08
3978,1000695,comprehensive,1.0,20260526,20260527,1,,,,0,0,0.0,-1.2459,,,,,2026-05-28T10:09:08
3979,1000695,comprehensive,1.0,20260526,20260528,2,,,,0,0,0.0,,,,,,2026-05-28T10:09:08
3980,1000696,comprehensive,1.0,20260526,20260527,1,-1.63,-2.41275,-2.41275,0,2,0.0,-1.2459,-1.16685,0,,,2026-05-28T10:09:08
3981,1000696,comprehensive,1.0,20260526,20260528,2,,,,0,2,0.0,,,,,,2026-05-28T10:09:08
3982,1000697,comprehensive,1.0,20260526,20260527,1,,-2.90205,-2.90205,0,2,0.0,-1.2459,-1.65615,,,,2026-05-28T10:09:08
3983,1000697,comprehensive,1.0,20260526,20260528,2,,,,0,2,0.0,,,,,,2026-05-28T10:09:08
